season,week,game,event_id,book,market,player,team,slot,side,line,price,p_model,p_novig,gap,tier,decision,new_team,questionable,questionable_teammate,model_state,two_sided,p_market,p_blend,blend_w,td_model,engine_hash,engine_tag,engine_source,snapshot_type,is_call,logged_at_utc,commence_time,minutes_to_kickoff,actual,result,status,won,pnl_per_100,miss,targets,carries,target_share,air_yards_share,wopr,opponent,team_points,opp_points,game_total,join_method
2026,2,MIA@SF,sleeper_202610231,sleeper,player_rush_yds,Deebo Samuel Sr.,SF,WR2,Under,6.5,-133.0,0.8291,0.508573682225042,0.320526317774958,WEAK (book likely knows something),PASS,True,False,,"rush_yds_v0, MODEL_UNVALIDATED (no backtest)",,,,,,911a3de45e315fb1f5722b14753f5b070196c69b5128018fc16300b39e41e371,props-v1.0,,decision,1,2026-09-18T05:33:31Z,,,4.0,under,settled,1,75.19,0.893,4,1,0.19047619047619,0.105555555555556,0.359603174603175,MIA,35.0,13.0,48.0,team+name
2026,2,MIA@SF,sleeper_202610231,sleeper,player_reception_yds,Demarcus Robinson,SF,WR3,Under,25.5,-130.0,0.6960500000000001,0.5025544959128065,0.19349550408719352,WEAK (book likely knows something),PASS,False,False,,"receiving_hier_v1, MODEL_UNVALIDATED (PROTOTYPE)",,,,,,911a3de45e315fb1f5722b14753f5b070196c69b5128018fc16300b39e41e371,props-v1.0,,decision,1,2026-09-18T05:33:31Z,,,34.0,over,settled,0,-100.0,14.231,3,0,0.142857142857143,0.15,0.319285714285714,MIA,35.0,13.0,48.0,team+name
2026,2,MIA@SF,sleeper_202610231,sleeper,player_reception_yds,Chris Bell,MIA,WR3,Under,21.5,-132.0,0.6718999999999999,0.5059625212947189,0.16593747870528108,WEAK (book likely knows something),PASS,False,False,,"receiving_hier_v1, MODEL_UNVALIDATED (PROTOTYPE)",,,,,,911a3de45e315fb1f5722b14753f5b070196c69b5128018fc16300b39e41e371,props-v1.0,,decision,1,2026-09-18T05:33:31Z,,,0.0,under,settled,1,75.76,-18.067,1,0,0.0434782608695652,0.0710059171597633,0.114921533316182,SF,13.0,35.0,48.0,team+name
2026,2,MIA@SF,sleeper_202610231,sleeper,player_receptions,Mike Evans,SF,WR1,Over,3.5,-154.0,0.69475,0.5386788645230727,0.1560711354769273,WEAK (book likely knows something),PASS,True,False,,"receiving_hier_v1, MODEL_UNVALIDATED (PROTOTYPE)",,,,,,911a3de45e315fb1f5722b14753f5b070196c69b5128018fc16300b39e41e371,props-v1.0,,decision,1,2026-09-18T05:33:31Z,,,3.0,under,settled,0,-100.0,-1.845,3,0,0.142857142857143,0.222222222222222,0.36984126984127,MIA,35.0,13.0,48.0,team+name
2026,2,MIA@SF,sleeper_202610231,sleeper,player_receptions,Chris Bell,MIA,WR3,Under,1.5,103.0,0.55265,0.4378903986090541,0.11475960139094588,STRONG,PASS,False,False,,"receiving_hier_v1, MODEL_UNVALIDATED (PROTOTYPE)",,,,,,911a3de45e315fb1f5722b14753f5b070196c69b5128018fc16300b39e41e371,props-v1.0,,decision,1,2026-09-18T05:33:31Z,,,0.0,under,settled,1,103.0,-1.518,1,0,0.0434782608695652,0.0710059171597633,0.114921533316182,SF,13.0,35.0,48.0,team+name
2026,2,MIA@SF,sleeper_202610231,sleeper,player_rush_yds,Kaelon Black,SF,RB2,Under,40.5,-128.0,0.616,0.5,0.11599999999999999,STRONG,PASS,False,False,,"rush_yds_v0, MODEL_UNVALIDATED (no backtest)",,,,,,911a3de45e315fb1f5722b14753f5b070196c69b5128018fc16300b39e41e371,props-v1.0,,decision,1,2026-09-18T05:33:31Z,,,25.0,under,settled,1,78.12,-13.14,0,7,0.0,0.0,0.0,MIA,35.0,13.0,48.0,team+name
2026,2,MIA@SF,sleeper_202610231,sleeper,player_anytime_td,Deebo Samuel Sr.,SF,WR2,Yes,,181.0,0.4168950673455323,0.311320129827118,0.10557493751841429,WEAK (book likely knows something),PASS,True,False,,"anytime_td_v0, MODEL_UNVALIDATED (no backtest)",,,,,,911a3de45e315fb1f5722b14753f5b070196c69b5128018fc16300b39e41e371,props-v1.0,,decision,1,2026-09-18T05:33:31Z,,,0.0,no,settled,0,-100.0,,4,1,0.19047619047619,0.105555555555556,0.359603174603175,MIA,35.0,13.0,48.0,team+name
2026,2,MIA@SF,sleeper_202610231,sleeper,player_receptions,Christian McCaffrey,SF,RB1,Over,4.5,-156.0,0.64505,0.5433231396534148,0.10172686034658518,STRONG,PASS,False,False,,"receiving_hier_v1, MODEL_UNVALIDATED (PROTOTYPE)",,,,,,911a3de45e315fb1f5722b14753f5b070196c69b5128018fc16300b39e41e371,props-v1.0,,decision,1,2026-09-18T05:33:31Z,,,4.0,under,settled,0,-100.0,-1.611,4,10,0.19047619047619,0.0611111111111111,0.328492063492064,MIA,35.0,13.0,48.0,team+name
2026,2,MIA@SF,sleeper_202610231,sleeper,player_receptions,George Kittle,SF,TE1,Over,3.5,-164.0,0.65285,0.5528275306902798,0.10002246930972025,STRONG,PASS,False,False,,"receiving_hier_v1, MODEL_UNVALIDATED (PROTOTYPE)",,,,,,911a3de45e315fb1f5722b14753f5b070196c69b5128018fc16300b39e41e371,props-v1.0,,decision,1,2026-09-18T05:33:31Z,,,4.0,over,settled,1,60.98,-0.549,4,0,0.19047619047619,0.277777777777778,0.48015873015873,MIA,35.0,13.0,48.0,team+name
2026,2,MIA@SF,sleeper_202610231,sleeper,player_receptions,Malik Washington,MIA,WR1,Under,3.5,-143.0,0.61275,0.5238541489180439,0.08889585108195608,WEAK (book likely knows something),PASS,False,False,,"receiving_hier_v1, MODEL_UNVALIDATED (PROTOTYPE)",,,,,,911a3de45e315fb1f5722b14753f5b070196c69b5128018fc16300b39e41e371,props-v1.0,,decision,1,2026-09-18T05:33:31Z,,,4.0,over,settled,0,-100.0,0.825,5,1,0.217391304347826,0.159763313609467,0.437921276048366,SF,13.0,35.0,48.0,team+name
2026,2,MIA@SF,sleeper_202610231,sleeper,player_receptions,Greg Dulcich,MIA,TE1,Over,2.5,110.0,0.5006,0.423162583518931,0.07743741648106905,STRONG,PASS,False,False,,"receiving_hier_v1, MODEL_UNVALIDATED (PROTOTYPE)",,,,,,911a3de45e315fb1f5722b14753f5b070196c69b5128018fc16300b39e41e371,props-v1.0,,decision,1,2026-09-18T05:33:31Z,,,2.0,under,settled,0,-100.0,-0.699,3,0,0.130434782608696,0.0591715976331361,0.237072292256239,SF,13.0,35.0,48.0,team+name
2026,2,MIA@SF,sleeper_202610231,sleeper,player_reception_yds,Deebo Samuel Sr.,SF,WR2,Under,34.5,-130.0,0.5730500000000001,0.5025544959128065,0.07049550408719352,WEAK (book likely knows something),PASS,True,False,,"receiving_hier_v1, MODEL_UNVALIDATED (PROTOTYPE)",,,,,,911a3de45e315fb1f5722b14753f5b070196c69b5128018fc16300b39e41e371,props-v1.0,,decision,1,2026-09-18T05:33:31Z,,,31.0,under,settled,1,76.92,-4.038,4,1,0.19047619047619,0.105555555555556,0.359603174603175,MIA,35.0,13.0,48.0,team+name
2026,2,MIA@SF,sleeper_202610231,sleeper,player_reception_yds,Caleb Douglas,MIA,WR2,Under,38.5,-125.0,0.5609,0.49403747870528103,0.06686252129471892,STRONG,PASS,False,False,,"receiving_hier_v1, MODEL_UNVALIDATED (PROTOTYPE)",,,,,,911a3de45e315fb1f5722b14753f5b070196c69b5128018fc16300b39e41e371,props-v1.0,,decision,1,2026-09-18T05:33:31Z,,,19.0,under,settled,1,80.0,-21.211,3,0,0.130434782608696,0.100591715976331,0.266066375096475,SF,13.0,35.0,48.0,team+name
2026,2,MIA@SF,sleeper_202610231,sleeper,player_rush_yds,Christian McCaffrey,SF,RB1,Under,58.5,-123.0,0.5557000000000001,0.4922376319602567,0.06346236803974337,STRONG,PASS,False,False,,"rush_yds_v0, MODEL_UNVALIDATED (no backtest)",,,,,,911a3de45e315fb1f5722b14753f5b070196c69b5128018fc16300b39e41e371,props-v1.0,,decision,0,2026-09-18T05:07:37Z,,,23.0,under,settled,1,81.3,-36.498,4,10,0.19047619047619,0.0611111111111111,0.328492063492064,MIA,35.0,13.0,48.0,team+name
2026,2,MIA@SF,sleeper_202610231,sleeper,player_receptions,De'Von Achane,MIA,RB1,Under,3.5,112.0,0.47735000000000005,0.4177157244220646,0.059634275577935436,STRONG,PASS,False,False,,"receiving_hier_v1, MODEL_UNVALIDATED (PROTOTYPE)",,,,,,911a3de45e315fb1f5722b14753f5b070196c69b5128018fc16300b39e41e371,props-v1.0,,decision,1,2026-09-18T05:33:31Z,,,3.0,under,settled,1,112.0,-0.823,6,20,0.260869565217391,0.142011834319527,0.490712631849756,SF,13.0,35.0,48.0,team+name
2026,2,MIA@SF,sleeper_202610231,sleeper,player_reception_yds,De'Von Achane,MIA,RB1,Under,27.5,-132.0,0.5649,0.5059625212947189,0.0589374787052811,STRONG,PASS,False,False,,"receiving_hier_v1, MODEL_UNVALIDATED (PROTOTYPE)",,,,,,911a3de45e315fb1f5722b14753f5b070196c69b5128018fc16300b39e41e371,props-v1.0,,decision,1,2026-09-18T05:33:31Z,,,19.0,under,settled,1,75.76,-8.871,6,20,0.260869565217391,0.142011834319527,0.490712631849756,SF,13.0,35.0,48.0,team+name
2026,2,MIA@SF,sleeper_202610231,sleeper,player_reception_yds,Malik Washington,MIA,WR1,Under,32.5,-125.0,0.54565,0.49403747870528103,0.05161252129471894,WEAK (book likely knows something),PASS,False,False,,"receiving_hier_v1, MODEL_UNVALIDATED (PROTOTYPE)",,,,,,911a3de45e315fb1f5722b14753f5b070196c69b5128018fc16300b39e41e371,props-v1.0,,decision,1,2026-09-18T05:33:31Z,,,43.0,over,settled,0,-100.0,7.871,5,1,0.217391304347826,0.159763313609467,0.437921276048366,SF,13.0,35.0,48.0,team+name
2026,2,MIA@SF,sleeper_202610231,sleeper,player_reception_yds,Christian McCaffrey,SF,RB1,Under,41.5,-125.0,0.53235,0.49403747870528103,0.03831252129471896,MODERATE,PASS,False,False,,"receiving_hier_v1, MODEL_UNVALIDATED (PROTOTYPE)",,,,,,911a3de45e315fb1f5722b14753f5b070196c69b5128018fc16300b39e41e371,props-v1.0,,decision,1,2026-09-18T05:33:31Z,,,43.0,over,settled,0,-100.0,-0.404,4,10,0.19047619047619,0.0611111111111111,0.328492063492064,MIA,35.0,13.0,48.0,team+name
2026,2,MIA@SF,sleeper_202610231,sleeper,player_rush_yds,De'Von Achane,MIA,RB1,Over,56.5,-128.0,0.53465,0.5,0.03464999999999996,MODERATE,PASS,False,False,,"rush_yds_v0, MODEL_UNVALIDATED (no backtest)",,,,,,911a3de45e315fb1f5722b14753f5b070196c69b5128018fc16300b39e41e371,props-v1.0,,decision,1,2026-09-18T05:33:31Z,,,74.0,over,settled,1,78.12,10.341,6,20,0.260869565217391,0.142011834319527,0.490712631849756,SF,13.0,35.0,48.0,team+name
2026,2,MIA@SF,sleeper_202610231,sleeper,player_receptions,Demarcus Robinson,SF,WR3,Under,1.5,-105.0,0.4898,0.45667686034658517,0.033123139653414846,MODERATE,PASS,False,False,,"receiving_hier_v1, MODEL_UNVALIDATED (PROTOTYPE)",,,,,,911a3de45e315fb1f5722b14753f5b070196c69b5128018fc16300b39e41e371,props-v1.0,,decision,1,2026-09-18T05:33:31Z,,,3.0,over,settled,0,-100.0,1.291,3,0,0.142857142857143,0.15,0.319285714285714,MIA,35.0,13.0,48.0,team+name
2026,2,MIA@SF,sleeper_202610231,sleeper,player_receptions,Caleb Douglas,MIA,WR2,Under,3.5,-204.0,0.6188,0.5939737151405065,0.024826284859493564,,PASS,False,False,,"receiving_hier_v1, MODEL_UNVALIDATED (PROTOTYPE)",,,,,,911a3de45e315fb1f5722b14753f5b070196c69b5128018fc16300b39e41e371,props-v1.0,,decision,1,2026-09-18T05:33:31Z,,,2.0,under,settled,1,49.02,-1.13,3,0,0.130434782608696,0.100591715976331,0.266066375096475,SF,13.0,35.0,48.0,team+name
2026,2,MIA@SF,sleeper_202610231,sleeper,player_reception_yds,George Kittle,SF,TE1,Under,41.5,-127.0,0.51995,0.49744550408719346,0.022504495912806566,,PASS,False,False,,"receiving_hier_v1, MODEL_UNVALIDATED (PROTOTYPE)",,,,,,911a3de45e315fb1f5722b14753f5b070196c69b5128018fc16300b39e41e371,props-v1.0,,decision,1,2026-09-18T05:33:31Z,,,80.0,over,settled,0,-100.0,34.66,4,0,0.19047619047619,0.277777777777778,0.48015873015873,MIA,35.0,13.0,48.0,team+name
2026,2,MIA@SF,sleeper_202610231,sleeper,player_reception_yds,Mike Evans,SF,WR1,Over,48.5,-132.0,0.52605,0.5077623680397433,0.018287631960256734,,PASS,True,False,,"receiving_hier_v1, MODEL_UNVALIDATED (PROTOTYPE)",,,,,,911a3de45e315fb1f5722b14753f5b070196c69b5128018fc16300b39e41e371,props-v1.0,,decision,1,2026-09-18T05:33:31Z,,,54.0,over,settled,1,75.76,-2.804,3,0,0.142857142857143,0.222222222222222,0.36984126984127,MIA,35.0,13.0,48.0,team+name
2026,2,MIA@SF,sleeper_202610231,sleeper,player_reception_yds,Greg Dulcich,MIA,TE1,Under,23.5,-132.0,0.52235,0.5059625212947189,0.016387478705281122,,PASS,False,False,,"receiving_hier_v1, MODEL_UNVALIDATED (PROTOTYPE)",,,,,,911a3de45e315fb1f5722b14753f5b070196c69b5128018fc16300b39e41e371,props-v1.0,,decision,1,2026-09-18T05:33:31Z,,,17.0,under,settled,1,75.76,-11.073,3,0,0.130434782608696,0.0591715976331361,0.237072292256239,SF,13.0,35.0,48.0,team+name
2026,2,MIA@SF,sleeper_202610231,sleeper,player_anytime_td,Mike Evans,SF,WR1,Yes,,120.0,0.417876120842822,0.4022988505747126,0.0155772702681094,,PASS,True,False,,"anytime_td_v0, MODEL_UNVALIDATED (no backtest)",,,,,,911a3de45e315fb1f5722b14753f5b070196c69b5128018fc16300b39e41e371,props-v1.0,,decision,1,2026-09-18T05:33:31Z,,,0.0,no,settled,0,-100.0,,3,0,0.142857142857143,0.222222222222222,0.36984126984127,MIA,35.0,13.0,48.0,team+name
2026,2,MIA@SF,sleeper_202610231,sleeper,player_receptions,Deebo Samuel Sr.,SF,WR2,Under,3.5,-175.0,0.5762499999999999,0.564873417721519,0.011376582278480929,,PASS,True,False,,"receiving_hier_v1, MODEL_UNVALIDATED (PROTOTYPE)",,,,,,911a3de45e315fb1f5722b14753f5b070196c69b5128018fc16300b39e41e371,props-v1.0,,decision,1,2026-09-18T05:33:31Z,,,3.0,under,settled,1,57.14,-0.345,4,1,0.19047619047619,0.105555555555556,0.359603174603175,MIA,35.0,13.0,48.0,team+name
2026,2,MIA@SF,sleeper_202610231,sleeper,player_anytime_td,De'Von Achane,MIA,RB1,Yes,,133.0,0.3741902607952212,0.3786945122907657,-0.0045042514955444535,,PASS,False,False,,"anytime_td_v0, MODEL_UNVALIDATED (no backtest)",,,,,,911a3de45e315fb1f5722b14753f5b070196c69b5128018fc16300b39e41e371,props-v1.0,,decision,1,2026-09-18T05:33:31Z,,,0.0,no,settled,0,-100.0,,6,20,0.260869565217391,0.142011834319527,0.490712631849756,SF,13.0,35.0,48.0,team+name
2026,2,MIA@SF,sleeper_202610231,sleeper,player_anytime_td,George Kittle,SF,TE1,Yes,,155.0,0.34462363915039773,0.34449593424849173,0.0001277049019060006,,PASS,False,False,,"anytime_td_v0, MODEL_UNVALIDATED (no backtest)",,,,,,911a3de45e315fb1f5722b14753f5b070196c69b5128018fc16300b39e41e371,props-v1.0,,decision,1,2026-09-18T05:33:31Z,,,1.0,yes,settled,1,155.0,,4,0,0.19047619047619,0.277777777777778,0.48015873015873,MIA,35.0,13.0,48.0,team+name
2026,2,MIA@SF,sleeper_202610231,sleeper,player_anytime_td,Christian McCaffrey,SF,RB1,Yes,,-323.0,0.6017118035255604,0.6692599397943625,-0.06754813626880207,,PASS,False,False,,"anytime_td_v0, MODEL_UNVALIDATED (no backtest)",,,,,,911a3de45e315fb1f5722b14753f5b070196c69b5128018fc16300b39e41e371,props-v1.0,,decision,1,2026-09-18T05:33:31Z,,,1.0,yes,settled,1,30.96,,4,10,0.19047619047619,0.0611111111111111,0.328492063492064,MIA,35.0,13.0,48.0,team+name
2026,2,MIA@SF,sleeper_202610231,sleeper,player_anytime_td,Kaelon Black,SF,RB2,Yes,,186.0,0.20937401885615392,0.3057814765777694,-0.09640745772161546,,PASS,False,False,,"anytime_td_v0, MODEL_UNVALIDATED (no backtest)",,,,,,911a3de45e315fb1f5722b14753f5b070196c69b5128018fc16300b39e41e371,props-v1.0,,decision,1,2026-09-18T05:33:31Z,,,0.0,no,settled,0,-100.0,,0,7,0.0,0.0,0.0,MIA,35.0,13.0,48.0,team+name
2026,2,MIA@SF,sleeper_202610231,sleeper,player_anytime_td,Malik Willis,MIA,QB1,Yes,,234.0,0.13630180116618962,0.25943467374581436,-0.12313287257962474,,PASS,True,False,,"anytime_td_v0, MODEL_UNVALIDATED (no backtest)",,,,,,911a3de45e315fb1f5722b14753f5b070196c69b5128018fc16300b39e41e371,props-v1.0,,decision,1,2026-09-18T05:33:31Z,,,0.0,no,settled,0,-100.0,,0,2,0.0,0.0,0.0,SF,13.0,35.0,48.0,team+name
2026,2,MIA@SF,sleeper_202610231,sleeper,player_anytime_td,Brock Purdy,SF,QB1,Yes,,226.0,0.06569655524612983,0.26574197102764363,-0.2000454157815138,,PASS,False,False,,"anytime_td_v0, MODEL_UNVALIDATED (no backtest)",,,,,,911a3de45e315fb1f5722b14753f5b070196c69b5128018fc16300b39e41e371,props-v1.0,,decision,1,2026-09-18T05:33:31Z,,,1.0,yes,settled,1,226.0,,0,3,0.0,0.0,0.0,MIA,35.0,13.0,48.0,team+name
2026,2,MIA@SF,sleeper_202610231,sleeper,player_rush_yds,Christian McCaffrey,SF,RB1,Under,59.5,-132.0,0.5682499999999999,0.5059625212947189,0.06228747870528106,STRONG,PASS,False,False,,"rush_yds_v0, MODEL_UNVALIDATED (no backtest)",,,,,,911a3de45e315fb1f5722b14753f5b070196c69b5128018fc16300b39e41e371,props-v1.0,,decision,1,2026-09-18T05:33:31Z,,,23.0,under,settled,1,75.76,-36.498,4,10,0.19047619047619,0.0611111111111111,0.328492063492064,MIA,35.0,13.0,48.0,team+name
2026,2,MIA@SF,sleeper_202610231,sleeper,player_rush_yds,Deebo Samuel Sr.,SF,WR2,Under,6.5,-135.0,0.8291,0.5110845839017735,0.3180154160982265,WEAK (book likely knows something),PASS,True,False,,"rush_yds_v0, MODEL_UNVALIDATED (no backtest)",,,,,,37b8ec713240221a2c90b36a2cf6b6f6f5cb57f40215e9896ffb110caa32484a,props-v1.1,tag,decision,1,2026-09-18T14:09:05Z,,,4.0,under,settled,1,74.07,0.893,4,1,0.19047619047619,0.105555555555556,0.359603174603175,MIA,35.0,13.0,48.0,team+name
2026,2,MIA@SF,sleeper_202610231,sleeper,player_reception_yds,Demarcus Robinson,SF,WR3,Under,25.5,-130.0,0.6960500000000001,0.5025544959128065,0.19349550408719352,WEAK (book likely knows something),PASS,False,False,,"receiving_hier_v2, MODEL_UNVALIDATED (PROTOTYPE)",,,,,,37b8ec713240221a2c90b36a2cf6b6f6f5cb57f40215e9896ffb110caa32484a,props-v1.1,tag,decision,1,2026-09-18T14:09:05Z,,,34.0,over,settled,0,-100.0,14.231,3,0,0.142857142857143,0.15,0.319285714285714,MIA,35.0,13.0,48.0,team+name
2026,2,MIA@SF,sleeper_202610231,sleeper,player_reception_yds,Chris Bell,MIA,WR3,Under,21.5,-132.0,0.6718999999999999,0.5059625212947189,0.16593747870528108,WEAK (book likely knows something),PASS,False,False,,"receiving_hier_v2, MODEL_UNVALIDATED (PROTOTYPE)",,,,,,37b8ec713240221a2c90b36a2cf6b6f6f5cb57f40215e9896ffb110caa32484a,props-v1.1,tag,decision,1,2026-09-18T14:09:05Z,,,0.0,under,settled,1,75.76,-18.067,1,0,0.0434782608695652,0.0710059171597633,0.114921533316182,SF,13.0,35.0,48.0,team+name
2026,2,MIA@SF,sleeper_202610231,sleeper,player_receptions,Mike Evans,SF,WR1,Over,3.5,-156.0,0.69475,0.542178431637198,0.15257156836280195,WEAK (book likely knows something),PASS,True,False,,"receiving_hier_v2, MODEL_UNVALIDATED (PROTOTYPE)",,,,,,37b8ec713240221a2c90b36a2cf6b6f6f5cb57f40215e9896ffb110caa32484a,props-v1.1,tag,decision,1,2026-09-18T14:09:05Z,,,3.0,under,settled,0,-100.0,-1.845,3,0,0.142857142857143,0.222222222222222,0.36984126984127,MIA,35.0,13.0,48.0,team+name
2026,2,MIA@SF,sleeper_202610231,sleeper,player_rush_yds,Kaelon Black,SF,RB2,Under,40.5,-128.0,0.616,0.5,0.11599999999999999,STRONG,PASS,False,False,,"rush_yds_v0, MODEL_UNVALIDATED (no backtest)",,,,,,37b8ec713240221a2c90b36a2cf6b6f6f5cb57f40215e9896ffb110caa32484a,props-v1.1,tag,decision,1,2026-09-18T14:09:05Z,,,25.0,under,settled,1,78.12,-13.14,0,7,0.0,0.0,0.0,MIA,35.0,13.0,48.0,team+name
2026,2,MIA@SF,sleeper_202610231,sleeper,player_receptions,Chris Bell,MIA,WR3,Under,1.5,102.0,0.55265,0.4407090664831744,0.11194093351682555,STRONG,PASS,False,False,,"receiving_hier_v2, MODEL_UNVALIDATED (PROTOTYPE)",,,,,,37b8ec713240221a2c90b36a2cf6b6f6f5cb57f40215e9896ffb110caa32484a,props-v1.1,tag,decision,1,2026-09-18T14:09:05Z,,,0.0,under,settled,1,102.0,-1.518,1,0,0.0434782608695652,0.0710059171597633,0.114921533316182,SF,13.0,35.0,48.0,team+name
2026,2,MIA@SF,sleeper_202610231,sleeper,player_receptions,Christian McCaffrey,SF,RB1,Over,4.5,-154.0,0.64505,0.5409221115809576,0.10412788841904241,STRONG,PASS,False,False,,"receiving_hier_v2, MODEL_UNVALIDATED (PROTOTYPE)",,,,,,37b8ec713240221a2c90b36a2cf6b6f6f5cb57f40215e9896ffb110caa32484a,props-v1.1,tag,decision,1,2026-09-18T14:09:05Z,,,4.0,under,settled,0,-100.0,-1.611,4,10,0.19047619047619,0.0611111111111111,0.328492063492064,MIA,35.0,13.0,48.0,team+name
2026,2,MIA@SF,sleeper_202610231,sleeper,player_receptions,George Kittle,SF,TE1,Over,3.5,-164.0,0.65285,0.5528275306902798,0.10002246930972025,STRONG,PASS,False,False,,"receiving_hier_v2, MODEL_UNVALIDATED (PROTOTYPE)",,,,,,37b8ec713240221a2c90b36a2cf6b6f6f5cb57f40215e9896ffb110caa32484a,props-v1.1,tag,decision,1,2026-09-18T14:09:05Z,,,4.0,over,settled,1,60.98,-0.549,4,0,0.19047619047619,0.277777777777778,0.48015873015873,MIA,35.0,13.0,48.0,team+name
2026,2,MIA@SF,sleeper_202610231,sleeper,player_anytime_td,Deebo Samuel Sr.,SF,WR2,Yes,,178.0,0.41144701728361077,0.31362605098091556,0.09782096630269521,WEAK (book likely knows something),PASS,True,False,,"anytime_td_v0, MODEL_UNVALIDATED (no backtest)",,,,,,37b8ec713240221a2c90b36a2cf6b6f6f5cb57f40215e9896ffb110caa32484a,props-v1.1,tag,decision,1,2026-09-18T14:09:05Z,,,0.0,no,settled,0,-100.0,,4,1,0.19047619047619,0.105555555555556,0.359603174603175,MIA,35.0,13.0,48.0,team+name
2026,2,MIA@SF,sleeper_202610231,sleeper,player_receptions,Malik Washington,MIA,WR1,Under,3.5,-143.0,0.61275,0.5238541489180439,0.08889585108195608,WEAK (book likely knows something),PASS,False,False,,"receiving_hier_v2, MODEL_UNVALIDATED (PROTOTYPE)",,,,,,37b8ec713240221a2c90b36a2cf6b6f6f5cb57f40215e9896ffb110caa32484a,props-v1.1,tag,decision,1,2026-09-18T14:09:05Z,,,4.0,over,settled,0,-100.0,0.825,5,1,0.217391304347826,0.159763313609467,0.437921276048366,SF,13.0,35.0,48.0,team+name
2026,2,MIA@SF,sleeper_202610231,sleeper,player_receptions,De'Von Achane,MIA,RB1,Under,4.5,-185.0,0.6569,0.5756718528995757,0.08122814710042436,STRONG,PASS,False,False,,"receiving_hier_v2, MODEL_UNVALIDATED (PROTOTYPE)",,,,,,37b8ec713240221a2c90b36a2cf6b6f6f5cb57f40215e9896ffb110caa32484a,props-v1.1,tag,decision,1,2026-09-18T14:09:05Z,,,3.0,under,settled,1,54.05,-0.823,6,20,0.260869565217391,0.142011834319527,0.490712631849756,SF,13.0,35.0,48.0,team+name
2026,2,MIA@SF,sleeper_202610231,sleeper,player_receptions,Greg Dulcich,MIA,TE1,Over,2.5,110.0,0.5006,0.423162583518931,0.07743741648106905,STRONG,PASS,False,False,,"receiving_hier_v2, MODEL_UNVALIDATED (PROTOTYPE)",,,,,,37b8ec713240221a2c90b36a2cf6b6f6f5cb57f40215e9896ffb110caa32484a,props-v1.1,tag,decision,1,2026-09-18T14:09:05Z,,,2.0,under,settled,0,-100.0,-0.699,3,0,0.130434782608696,0.0591715976331361,0.237072292256239,SF,13.0,35.0,48.0,team+name
2026,2,MIA@SF,sleeper_202610231,sleeper,player_reception_yds,Deebo Samuel Sr.,SF,WR2,Under,34.5,-125.0,0.5730500000000001,0.4956896551724139,0.07736034482758614,WEAK (book likely knows something),PASS,True,False,,"receiving_hier_v2, MODEL_UNVALIDATED (PROTOTYPE)",,,,,,37b8ec713240221a2c90b36a2cf6b6f6f5cb57f40215e9896ffb110caa32484a,props-v1.1,tag,decision,1,2026-09-18T14:09:05Z,,,31.0,under,settled,1,80.0,-4.038,4,1,0.19047619047619,0.105555555555556,0.359603174603175,MIA,35.0,13.0,48.0,team+name
2026,2,MIA@SF,sleeper_202610231,sleeper,player_reception_yds,Caleb Douglas,MIA,WR2,Under,39.5,-130.0,0.57265,0.5025544959128065,0.07009550408719345,STRONG,PASS,False,False,,"receiving_hier_v2, MODEL_UNVALIDATED (PROTOTYPE)",,,,,,37b8ec713240221a2c90b36a2cf6b6f6f5cb57f40215e9896ffb110caa32484a,props-v1.1,tag,decision,1,2026-09-18T14:09:05Z,,,19.0,under,settled,1,76.92,-21.211,3,0,0.130434782608696,0.100591715976331,0.266066375096475,SF,13.0,35.0,48.0,team+name
2026,2,MIA@SF,sleeper_202610231,sleeper,player_reception_yds,De'Von Achane,MIA,RB1,Under,27.5,-132.0,0.5649,0.5059625212947189,0.0589374787052811,STRONG,PASS,False,False,,"receiving_hier_v2, MODEL_UNVALIDATED (PROTOTYPE)",,,,,,37b8ec713240221a2c90b36a2cf6b6f6f5cb57f40215e9896ffb110caa32484a,props-v1.1,tag,decision,1,2026-09-18T14:09:05Z,,,19.0,under,settled,1,75.76,-8.871,6,20,0.260869565217391,0.142011834319527,0.490712631849756,SF,13.0,35.0,48.0,team+name
2026,2,MIA@SF,sleeper_202610231,sleeper,player_rush_yds,Christian McCaffrey,SF,RB1,Under,58.5,-127.0,0.5557000000000001,0.49744550408719346,0.058254495912806625,STRONG,PASS,False,False,,"rush_yds_v0, MODEL_UNVALIDATED (no backtest)",,,,,,37b8ec713240221a2c90b36a2cf6b6f6f5cb57f40215e9896ffb110caa32484a,props-v1.1,tag,decision,1,2026-09-18T14:09:05Z,,,23.0,under,settled,1,78.74,-36.498,4,10,0.19047619047619,0.0611111111111111,0.328492063492064,MIA,35.0,13.0,48.0,team+name
2026,2,MIA@SF,sleeper_202610231,sleeper,player_reception_yds,Malik Washington,MIA,WR1,Under,33.5,-132.0,0.5595,0.5059625212947189,0.05353747870528114,WEAK (book likely knows something),PASS,False,False,,"receiving_hier_v2, MODEL_UNVALIDATED (PROTOTYPE)",,,,,,37b8ec713240221a2c90b36a2cf6b6f6f5cb57f40215e9896ffb110caa32484a,props-v1.1,tag,decision,1,2026-09-18T14:09:05Z,,,43.0,over,settled,0,-100.0,7.871,5,1,0.217391304347826,0.159763313609467,0.437921276048366,SF,13.0,35.0,48.0,team+name
2026,2,MIA@SF,sleeper_202610231,sleeper,player_reception_yds,Christian McCaffrey,SF,RB1,Under,42.5,-132.0,0.54825,0.5059625212947189,0.042287478705281156,MODERATE,PASS,False,False,,"receiving_hier_v2, MODEL_UNVALIDATED (PROTOTYPE)",,,,,,37b8ec713240221a2c90b36a2cf6b6f6f5cb57f40215e9896ffb110caa32484a,props-v1.1,tag,decision,1,2026-09-18T14:09:05Z,,,43.0,over,settled,0,-100.0,-0.404,4,10,0.19047619047619,0.0611111111111111,0.328492063492064,MIA,35.0,13.0,48.0,team+name
2026,2,MIA@SF,sleeper_202610231,sleeper,player_rush_yds,De'Von Achane,MIA,RB1,Over,56.5,-128.0,0.53465,0.5,0.03464999999999996,MODERATE,PASS,False,False,,"rush_yds_v0, MODEL_UNVALIDATED (no backtest)",,,,,,37b8ec713240221a2c90b36a2cf6b6f6f5cb57f40215e9896ffb110caa32484a,props-v1.1,tag,decision,1,2026-09-18T14:09:05Z,,,74.0,over,settled,1,78.12,10.341,6,20,0.260869565217391,0.142011834319527,0.490712631849756,SF,13.0,35.0,48.0,team+name
2026,2,MIA@SF,sleeper_202610231,sleeper,player_receptions,Demarcus Robinson,SF,WR3,Under,1.5,-105.0,0.4898,0.45667686034658517,0.033123139653414846,MODERATE,PASS,False,False,,"receiving_hier_v2, MODEL_UNVALIDATED (PROTOTYPE)",,,,,,37b8ec713240221a2c90b36a2cf6b6f6f5cb57f40215e9896ffb110caa32484a,props-v1.1,tag,decision,1,2026-09-18T14:09:05Z,,,3.0,over,settled,0,-100.0,1.291,3,0,0.142857142857143,0.15,0.319285714285714,MIA,35.0,13.0,48.0,team+name
2026,2,MIA@SF,sleeper_202610231,sleeper,player_reception_yds,George Kittle,SF,TE1,Under,41.5,-127.0,0.51995,0.49744550408719346,0.022504495912806566,,PASS,False,False,,"receiving_hier_v2, MODEL_UNVALIDATED (PROTOTYPE)",,,,,,37b8ec713240221a2c90b36a2cf6b6f6f5cb57f40215e9896ffb110caa32484a,props-v1.1,tag,decision,1,2026-09-18T14:09:05Z,,,80.0,over,settled,0,-100.0,34.66,4,0,0.19047619047619,0.277777777777778,0.48015873015873,MIA,35.0,13.0,48.0,team+name
2026,2,MIA@SF,sleeper_202610231,sleeper,player_reception_yds,Mike Evans,SF,WR1,Over,49.5,-127.0,0.51585,0.4974455040871935,0.018404495912806518,,PASS,True,False,,"receiving_hier_v2, MODEL_UNVALIDATED (PROTOTYPE)",,,,,,37b8ec713240221a2c90b36a2cf6b6f6f5cb57f40215e9896ffb110caa32484a,props-v1.1,tag,decision,1,2026-09-18T14:09:05Z,,,54.0,over,settled,1,78.74,-2.804,3,0,0.142857142857143,0.222222222222222,0.36984126984127,MIA,35.0,13.0,48.0,team+name
2026,2,MIA@SF,sleeper_202610231,sleeper,player_reception_yds,Greg Dulcich,MIA,TE1,Under,23.5,-132.0,0.52235,0.5059625212947189,0.016387478705281122,,PASS,False,False,,"receiving_hier_v2, MODEL_UNVALIDATED (PROTOTYPE)",,,,,,37b8ec713240221a2c90b36a2cf6b6f6f5cb57f40215e9896ffb110caa32484a,props-v1.1,tag,decision,1,2026-09-18T14:09:05Z,,,17.0,under,settled,1,75.76,-11.073,3,0,0.130434782608696,0.0591715976331361,0.237072292256239,SF,13.0,35.0,48.0,team+name
2026,2,MIA@SF,sleeper_202610231,sleeper,player_receptions,Deebo Samuel Sr.,SF,WR2,Under,3.5,-172.0,0.5762499999999999,0.5633187772925765,0.012931222707423418,,PASS,True,False,,"receiving_hier_v2, MODEL_UNVALIDATED (PROTOTYPE)",,,,,,37b8ec713240221a2c90b36a2cf6b6f6f5cb57f40215e9896ffb110caa32484a,props-v1.1,tag,decision,1,2026-09-18T14:09:05Z,,,3.0,under,settled,1,58.14,-0.345,4,1,0.19047619047619,0.105555555555556,0.359603174603175,MIA,35.0,13.0,48.0,team+name
2026,2,MIA@SF,sleeper_202610231,sleeper,player_anytime_td,De'Von Achane,MIA,RB1,Yes,,137.0,0.38358110765370224,0.3713527851458886,0.012228322507813638,,PASS,False,False,,"anytime_td_v0, MODEL_UNVALIDATED (no backtest)",,,,,,37b8ec713240221a2c90b36a2cf6b6f6f5cb57f40215e9896ffb110caa32484a,props-v1.1,tag,decision,1,2026-09-18T14:09:05Z,,,0.0,no,settled,0,-100.0,,6,20,0.260869565217391,0.142011834319527,0.490712631849756,SF,13.0,35.0,48.0,team+name
2026,2,MIA@SF,sleeper_202610231,sleeper,player_receptions,Caleb Douglas,MIA,WR2,Over,2.5,-192.0,0.59545,0.5834284409952065,0.012021559004793514,,PASS,False,False,,"receiving_hier_v2, MODEL_UNVALIDATED (PROTOTYPE)",,,,,,37b8ec713240221a2c90b36a2cf6b6f6f5cb57f40215e9896ffb110caa32484a,props-v1.1,tag,decision,1,2026-09-18T14:09:05Z,,,2.0,under,settled,0,-100.0,-1.13,3,0,0.130434782608696,0.100591715976331,0.266066375096475,SF,13.0,35.0,48.0,team+name
2026,2,MIA@SF,sleeper_202610231,sleeper,player_anytime_td,Mike Evans,SF,WR1,Yes,,120.0,0.41242017830312006,0.4022988505747126,0.010121327728407459,,PASS,True,False,,"anytime_td_v0, MODEL_UNVALIDATED (no backtest)",,,,,,37b8ec713240221a2c90b36a2cf6b6f6f5cb57f40215e9896ffb110caa32484a,props-v1.1,tag,decision,1,2026-09-18T14:09:05Z,,,0.0,no,settled,0,-100.0,,3,0,0.142857142857143,0.222222222222222,0.36984126984127,MIA,35.0,13.0,48.0,team+name
2026,2,MIA@SF,sleeper_202610231,sleeper,player_anytime_td,George Kittle,SF,TE1,Yes,,160.0,0.33983161154565755,0.3368214519293656,0.003010159616291974,,PASS,False,False,,"anytime_td_v0, MODEL_UNVALIDATED (no backtest)",,,,,,37b8ec713240221a2c90b36a2cf6b6f6f5cb57f40215e9896ffb110caa32484a,props-v1.1,tag,decision,1,2026-09-18T14:09:05Z,,,1.0,yes,settled,1,160.0,,4,0,0.19047619047619,0.277777777777778,0.48015873015873,MIA,35.0,13.0,48.0,team+name
2026,2,MIA@SF,sleeper_202610231,sleeper,player_anytime_td,Christian McCaffrey,SF,RB1,Yes,,-278.0,0.5953397144433978,0.6458817357415874,-0.05054202129818952,,PASS,False,False,,"anytime_td_v0, MODEL_UNVALIDATED (no backtest)",,,,,,37b8ec713240221a2c90b36a2cf6b6f6f5cb57f40215e9896ffb110caa32484a,props-v1.1,tag,decision,1,2026-09-18T14:09:05Z,,,1.0,yes,settled,1,35.97,,4,10,0.19047619047619,0.0611111111111111,0.328492063492064,MIA,35.0,13.0,48.0,team+name
2026,2,MIA@SF,sleeper_202610231,sleeper,player_anytime_td,Demarcus Robinson,SF,WR3,Yes,,225.0,0.21227624223712882,0.2663418595209095,-0.054065617283780676,,PASS,False,False,,"anytime_td_v0, MODEL_UNVALIDATED (no backtest)",,,,,,37b8ec713240221a2c90b36a2cf6b6f6f5cb57f40215e9896ffb110caa32484a,props-v1.1,tag,decision,1,2026-09-18T14:09:05Z,,,0.0,no,settled,0,-100.0,,3,0,0.142857142857143,0.15,0.319285714285714,MIA,35.0,13.0,48.0,team+name
2026,2,MIA@SF,sleeper_202610231,sleeper,player_anytime_td,Kaelon Black,SF,RB2,Yes,,176.0,0.2061650765026113,0.31685062954129456,-0.11068555303868327,,PASS,False,False,,"anytime_td_v0, MODEL_UNVALIDATED (no backtest)",,,,,,37b8ec713240221a2c90b36a2cf6b6f6f5cb57f40215e9896ffb110caa32484a,props-v1.1,tag,decision,1,2026-09-18T14:09:05Z,,,0.0,no,settled,0,-100.0,,0,7,0.0,0.0,0.0,MIA,35.0,13.0,48.0,team+name
2026,2,MIA@SF,sleeper_202610231,sleeper,player_anytime_td,Malik Willis,MIA,QB1,Yes,,237.0,0.14037472624439218,0.25772037339486653,-0.11734564715047435,,PASS,True,False,,"anytime_td_v0, MODEL_UNVALIDATED (no backtest)",,,,,,37b8ec713240221a2c90b36a2cf6b6f6f5cb57f40215e9896ffb110caa32484a,props-v1.1,tag,decision,1,2026-09-18T14:09:05Z,,,0.0,no,settled,0,-100.0,,0,2,0.0,0.0,0.0,SF,13.0,35.0,48.0,team+name
2026,2,MIA@SF,sleeper_202610231,sleeper,player_anytime_td,Brock Purdy,SF,QB1,Yes,,227.0,0.06460126439247105,0.265144778749616,-0.20054351435714496,,PASS,False,False,,"anytime_td_v0, MODEL_UNVALIDATED (no backtest)",,,,,,37b8ec713240221a2c90b36a2cf6b6f6f5cb57f40215e9896ffb110caa32484a,props-v1.1,tag,decision,1,2026-09-18T14:09:05Z,,,1.0,yes,settled,1,227.0,,0,3,0.0,0.0,0.0,MIA,35.0,13.0,48.0,team+name
2026,2,CAR@ATL,sleeper_202610202,sleeper,player_rush_yds,Chuba Hubbard,CAR,RB1,Under,55.5,-127.0,0.76,0.49744550408719346,0.26255449591280655,WEAK (book likely knows something),PASS,False,False,,"rush_yds_v0, MODEL_UNVALIDATED (no backtest)",,,,,,553aeb009ecd2b42b21f3b46eadccc96e098560ee3af50be4bdbfeacc301ee13,props-v1.3,tag,decision,1,2026-09-20T12:09:05Z,2026-09-20T17:00:00+00:00,290.9,53.0,under,settled,1,78.74,11.511,2,12,0.0625,-0.0128617363344051,0.0847467845659164,ATL,34.0,3.0,37.0,team+name
2026,2,CAR@ATL,sleeper_202610202,sleeper,player_rush_yds,Brian Robinson,ATL,RB2,Over,25.5,-128.0,0.68205,0.5,0.18205000000000005,WEAK (book likely knows something),PASS,True,False,,"rush_yds_v0, MODEL_UNVALIDATED (no backtest)",,,,,,553aeb009ecd2b42b21f3b46eadccc96e098560ee3af50be4bdbfeacc301ee13,props-v1.3,tag,decision,1,2026-09-20T12:09:05Z,2026-09-20T17:00:00+00:00,290.9,51.0,over,settled,1,78.12,11.504,2,11,0.0645161290322581,0.0,0.0967741935483871,CAR,3.0,34.0,37.0,team+name
2026,2,CAR@ATL,sleeper_202610202,sleeper,player_reception_yds,Jalen Coker,CAR,WR2,Under,51.5,-128.0,0.639,0.5,0.139,WEAK (book likely knows something),PASS,False,False,,"receiving_hier_v2, MODEL_UNVALIDATED (PROTOTYPE)",,,,,,553aeb009ecd2b42b21f3b46eadccc96e098560ee3af50be4bdbfeacc301ee13,props-v1.3,tag,decision,1,2026-09-20T12:09:05Z,2026-09-20T17:00:00+00:00,290.9,66.0,over,settled,0,-100.0,20.729,9,0,0.28125,0.154340836012862,0.529913585209003,ATL,34.0,3.0,37.0,team+name
2026,2,CAR@ATL,sleeper_202610202,sleeper,player_receptions,Tommy Tremble,CAR,TE1,Over,1.5,-147.0,0.66085,0.5297477391718228,0.13110226082817722,STRONG,PASS,False,False,,"receiving_hier_v2, MODEL_UNVALIDATED (PROTOTYPE)",,,,,,553aeb009ecd2b42b21f3b46eadccc96e098560ee3af50be4bdbfeacc301ee13,props-v1.3,tag,decision,1,2026-09-20T12:09:05Z,2026-09-20T17:00:00+00:00,290.9,1.0,under,settled,0,-100.0,-1.306,2,0,0.0625,0.0610932475884244,0.136515273311897,ATL,34.0,3.0,37.0,team+name
2026,2,CAR@ATL,sleeper_202610202,sleeper,player_receptions,Jalen Coker,CAR,WR2,Under,4.5,-137.0,0.63925,0.5145100716968249,0.12473992830317504,WEAK (book likely knows something),PASS,False,False,,"receiving_hier_v2, MODEL_UNVALIDATED (PROTOTYPE)",,,,,,553aeb009ecd2b42b21f3b46eadccc96e098560ee3af50be4bdbfeacc301ee13,props-v1.3,tag,decision,1,2026-09-20T12:09:05Z,2026-09-20T17:00:00+00:00,290.9,8.0,over,settled,0,-100.0,4.072,9,0,0.28125,0.154340836012862,0.529913585209003,ATL,34.0,3.0,37.0,team+name
2026,2,CAR@ATL,sleeper_202610202,sleeper,player_receptions,Olamide Zaccheaus,ATL,WR3,Under,1.5,-161.0,0.6707000000000001,0.5498782632219668,0.12082173677803332,WEAK (book likely knows something),PASS,True,False,,"receiving_hier_v2, MODEL_UNVALIDATED (PROTOTYPE)",,,,,,553aeb009ecd2b42b21f3b46eadccc96e098560ee3af50be4bdbfeacc301ee13,props-v1.3,tag,decision,1,2026-09-20T12:09:05Z,2026-09-20T17:00:00+00:00,290.9,1.0,under,settled,1,62.11,-0.183,3,0,0.0967741935483871,0.0440251572327044,0.175978900385474,CAR,3.0,34.0,37.0,team+name
2026,2,CAR@ATL,sleeper_202610202,sleeper,player_reception_yds,Jahan Dotson,ATL,WR2,Over,17.5,-125.0,0.6112,0.49568965517241376,0.11551034482758621,WEAK (book likely knows something),PASS,True,False,,"receiving_hier_v2, MODEL_UNVALIDATED (PROTOTYPE)",,,,,,553aeb009ecd2b42b21f3b46eadccc96e098560ee3af50be4bdbfeacc301ee13,props-v1.3,tag,decision,1,2026-09-20T12:09:05Z,2026-09-20T17:00:00+00:00,290.9,11.0,under,settled,0,-100.0,-22.122,4,0,0.129032258064516,0.30188679245283,0.404869141813755,CAR,3.0,34.0,37.0,team+name
2026,2,CAR@ATL,sleeper_202610202,sleeper,player_reception_yds,Jonathon Brooks,CAR,RB2,Under,8.5,-139.0,0.63215,0.5169831187799327,0.11516688122006724,STRONG,PASS,False,False,,"receiving_hier_v2, MODEL_UNVALIDATED (PROTOTYPE)",,,,,,553aeb009ecd2b42b21f3b46eadccc96e098560ee3af50be4bdbfeacc301ee13,props-v1.3,tag,decision,1,2026-09-20T12:09:05Z,2026-09-20T17:00:00+00:00,290.9,-5.0,under,settled,1,71.94,-13.508,1,5,0.03125,-0.0192926045016077,0.0333701768488746,ATL,34.0,3.0,37.0,team+name
2026,2,CAR@ATL,sleeper_202610202,sleeper,player_reception_yds,Tommy Tremble,CAR,TE1,Over,13.5,-127.0,0.5892,0.4974455040871935,0.09175449591280643,STRONG,PASS,False,False,,"receiving_hier_v2, MODEL_UNVALIDATED (PROTOTYPE)",,,,,,553aeb009ecd2b42b21f3b46eadccc96e098560ee3af50be4bdbfeacc301ee13,props-v1.3,tag,decision,1,2026-09-20T12:09:05Z,2026-09-20T17:00:00+00:00,290.9,4.0,under,settled,0,-100.0,-18.814,2,0,0.0625,0.0610932475884244,0.136515273311897,ATL,34.0,3.0,37.0,team+name
2026,2,CAR@ATL,sleeper_202610202,sleeper,player_receptions,Jahan Dotson,ATL,WR2,Over,1.5,-167.0,0.6459,0.5569714769276719,0.08892852307232813,WEAK (book likely knows something),PASS,True,False,,"receiving_hier_v2, MODEL_UNVALIDATED (PROTOTYPE)",,,,,,553aeb009ecd2b42b21f3b46eadccc96e098560ee3af50be4bdbfeacc301ee13,props-v1.3,tag,decision,1,2026-09-20T12:09:05Z,2026-09-20T17:00:00+00:00,290.9,2.0,over,settled,1,59.88,-0.251,4,0,0.129032258064516,0.30188679245283,0.404869141813755,CAR,3.0,34.0,37.0,team+name
2026,2,CAR@ATL,sleeper_202610202,sleeper,player_reception_yds,Tetairoa McMillan,CAR,WR1,Under,58.5,-127.0,0.5839,0.49744550408719346,0.08645449591280652,STRONG,PASS,False,False,,"receiving_hier_v2, MODEL_UNVALIDATED (PROTOTYPE)",,,,,,553aeb009ecd2b42b21f3b46eadccc96e098560ee3af50be4bdbfeacc301ee13,props-v1.3,tag,decision,1,2026-09-20T12:09:05Z,2026-09-20T17:00:00+00:00,290.9,101.0,over,settled,0,-100.0,44.106,10,0,0.3125,0.42443729903537,0.765856109324759,ATL,34.0,3.0,37.0,team+name
2026,2,CAR@ATL,sleeper_202610202,sleeper,player_rush_yds,Jonathon Brooks,CAR,RB2,Under,22.5,-132.0,0.5923,0.5059625212947189,0.08633747870528119,STRONG,PASS,False,False,,"rush_yds_v0, MODEL_UNVALIDATED (no backtest)",,,,,,553aeb009ecd2b42b21f3b46eadccc96e098560ee3af50be4bdbfeacc301ee13,props-v1.3,tag,decision,1,2026-09-20T12:09:05Z,2026-09-20T17:00:00+00:00,290.9,16.0,under,settled,1,75.76,-6.674,1,5,0.03125,-0.0192926045016077,0.0333701768488746,ATL,34.0,3.0,37.0,team+name
2026,2,CAR@ATL,sleeper_202610202,sleeper,player_receptions,Tetairoa McMillan,CAR,WR1,Under,4.5,-133.0,0.58595,0.509490612921038,0.07645938707896194,STRONG,PASS,False,False,,"receiving_hier_v2, MODEL_UNVALIDATED (PROTOTYPE)",,,,,,553aeb009ecd2b42b21f3b46eadccc96e098560ee3af50be4bdbfeacc301ee13,props-v1.3,tag,decision,1,2026-09-20T12:09:05Z,2026-09-20T17:00:00+00:00,290.9,5.0,over,settled,0,-100.0,0.769,10,0,0.3125,0.42443729903537,0.765856109324759,ATL,34.0,3.0,37.0,team+name
2026,2,CAR@ATL,sleeper_202610202,sleeper,player_receptions,Kyle Pitts,ATL,TE1,Over,3.5,-103.0,0.52555,0.4525053431488958,0.07304465685110417,WEAK (book likely knows something),PASS,False,False,,"receiving_hier_v2, MODEL_UNVALIDATED (PROTOTYPE)",,,,,,553aeb009ecd2b42b21f3b46eadccc96e098560ee3af50be4bdbfeacc301ee13,props-v1.3,tag,decision,1,2026-09-20T12:09:05Z,2026-09-20T17:00:00+00:00,290.9,1.0,under,settled,0,-100.0,-2.843,3,0,0.0967741935483871,0.163522012578616,0.259626699127612,CAR,3.0,34.0,37.0,team+name
2026,2,CAR@ATL,sleeper_202610202,sleeper,player_reception_yds,Kyle Pitts,ATL,TE1,Over,31.5,-128.0,0.56635,0.5008618906433151,0.06548810935668492,WEAK (book likely knows something),PASS,False,False,,"receiving_hier_v2, MODEL_UNVALIDATED (PROTOTYPE)",,,,,,553aeb009ecd2b42b21f3b46eadccc96e098560ee3af50be4bdbfeacc301ee13,props-v1.3,tag,decision,1,2026-09-20T12:09:05Z,2026-09-20T17:00:00+00:00,290.9,15.0,under,settled,0,-100.0,-26.712,3,0,0.0967741935483871,0.163522012578616,0.259626699127612,CAR,3.0,34.0,37.0,team+name
2026,2,CAR@ATL,sleeper_202610202,sleeper,player_receptions,Bijan Robinson,ATL,RB1,Over,4.5,-182.0,0.63785,0.573089499818336,0.06476050018166402,WEAK (book likely knows something),PASS,False,False,,"receiving_hier_v2, MODEL_UNVALIDATED (PROTOTYPE)",,,,,,553aeb009ecd2b42b21f3b46eadccc96e098560ee3af50be4bdbfeacc301ee13,props-v1.3,tag,decision,1,2026-09-20T12:09:05Z,2026-09-20T17:00:00+00:00,290.9,3.0,under,settled,0,-100.0,-2.597,4,16,0.129032258064516,0.0754716981132076,0.246378575776019,CAR,3.0,34.0,37.0,team+name
2026,2,CAR@ATL,sleeper_202610202,sleeper,player_receptions,Xavier Legette,CAR,WR3,Over,1.5,-123.0,0.5472,0.491426317774958,0.05577368222504203,STRONG,PASS,False,False,,"receiving_hier_v2, MODEL_UNVALIDATED (PROTOTYPE)",,,,,,553aeb009ecd2b42b21f3b46eadccc96e098560ee3af50be4bdbfeacc301ee13,props-v1.3,tag,decision,1,2026-09-20T12:09:05Z,2026-09-20T17:00:00+00:00,290.9,2.0,over,settled,1,81.3,0.15,4,0,0.125,0.247588424437299,0.360811897106109,ATL,34.0,3.0,37.0,team+name
2026,2,CAR@ATL,sleeper_202610202,sleeper,player_reception_yds,Olamide Zaccheaus,ATL,WR3,Under,8.5,-127.0,0.5392,0.49744550408719346,0.041754495912806555,WEAK (book likely knows something),PASS,True,False,,"receiving_hier_v2, MODEL_UNVALIDATED (PROTOTYPE)",,,,,,553aeb009ecd2b42b21f3b46eadccc96e098560ee3af50be4bdbfeacc301ee13,props-v1.3,tag,decision,1,2026-09-20T12:09:05Z,2026-09-20T17:00:00+00:00,290.9,3.0,under,settled,1,78.74,-10.047,3,0,0.0967741935483871,0.0440251572327044,0.175978900385474,CAR,3.0,34.0,37.0,team+name
2026,2,CAR@ATL,sleeper_202610202,sleeper,player_reception_yds,Bijan Robinson,ATL,RB1,Over,43.5,-125.0,0.53265,0.49403747870528114,0.038612521294718816,WEAK (book likely knows something),PASS,False,False,,"receiving_hier_v2, MODEL_UNVALIDATED (PROTOTYPE)",,,,,,553aeb009ecd2b42b21f3b46eadccc96e098560ee3af50be4bdbfeacc301ee13,props-v1.3,tag,decision,1,2026-09-20T12:09:05Z,2026-09-20T17:00:00+00:00,290.9,9.0,under,settled,0,-100.0,-41.817,4,16,0.129032258064516,0.0754716981132076,0.246378575776019,CAR,3.0,34.0,37.0,team+name
2026,2,CAR@ATL,sleeper_202610202,sleeper,player_rush_yds,Bijan Robinson,ATL,RB1,Over,83.5,-128.0,0.53495,0.5,0.03495000000000004,WEAK (book likely knows something),PASS,False,False,,"rush_yds_v0, MODEL_UNVALIDATED (no backtest)",,,,,,553aeb009ecd2b42b21f3b46eadccc96e098560ee3af50be4bdbfeacc301ee13,props-v1.3,tag,decision,1,2026-09-20T12:09:05Z,2026-09-20T17:00:00+00:00,290.9,72.0,under,settled,0,-100.0,-19.561,4,16,0.129032258064516,0.0754716981132076,0.246378575776019,CAR,3.0,34.0,37.0,team+name
2026,2,CAR@ATL,sleeper_202610202,sleeper,player_receptions,Jonathon Brooks,CAR,RB2,Under,1.5,-250.0,0.6598999999999999,0.6286472148541113,0.031252785145888584,MODERATE,PASS,False,False,,"receiving_hier_v2, MODEL_UNVALIDATED (PROTOTYPE)",,,,,,553aeb009ecd2b42b21f3b46eadccc96e098560ee3af50be4bdbfeacc301ee13,props-v1.3,tag,decision,1,2026-09-20T12:09:05Z,2026-09-20T17:00:00+00:00,290.9,1.0,under,settled,1,40.0,-0.21,1,5,0.03125,-0.0192926045016077,0.0333701768488746,ATL,34.0,3.0,37.0,team+name
2026,2,CAR@ATL,sleeper_202610202,sleeper,player_reception_yds,Drake London,ATL,WR1,Over,55.5,-132.0,0.5376,0.5077623680397433,0.029837631960256683,,PASS,False,False,,"receiving_hier_v2, MODEL_UNVALIDATED (PROTOTYPE)",,,,,,553aeb009ecd2b42b21f3b46eadccc96e098560ee3af50be4bdbfeacc301ee13,props-v1.3,tag,decision,1,2026-09-20T12:09:05Z,2026-09-20T17:00:00+00:00,290.9,51.0,under,settled,0,-100.0,-15.977,5,1,0.161290322580645,0.144654088050314,0.343193345506188,CAR,3.0,34.0,37.0,team+name
2026,2,CAR@ATL,sleeper_202610202,sleeper,player_anytime_td,Jalen Coker,CAR,WR2,Yes,,198.0,0.31725250841918273,0.29214219406978653,0.0251103143493962,,PASS,False,False,,"anytime_td_v0, MODEL_UNVALIDATED (no backtest)",,,,,,553aeb009ecd2b42b21f3b46eadccc96e098560ee3af50be4bdbfeacc301ee13,props-v1.3,tag,decision,1,2026-09-20T12:09:05Z,2026-09-20T17:00:00+00:00,290.9,0.0,no,settled,0,-100.0,,9,0,0.28125,0.154340836012862,0.529913585209003,ATL,34.0,3.0,37.0,team+name
2026,2,CAR@ATL,sleeper_202610202,sleeper,player_reception_yds,Chuba Hubbard,CAR,RB1,Under,12.5,-132.0,0.5262,0.5059625212947189,0.020237478705281142,,PASS,False,False,,"receiving_hier_v2, MODEL_UNVALIDATED (PROTOTYPE)",,,,,,553aeb009ecd2b42b21f3b46eadccc96e098560ee3af50be4bdbfeacc301ee13,props-v1.3,tag,decision,1,2026-09-20T12:09:05Z,2026-09-20T17:00:00+00:00,290.9,11.0,under,settled,1,75.76,-4.299,2,12,0.0625,-0.0128617363344051,0.0847467845659164,ATL,34.0,3.0,37.0,team+name
2026,2,CAR@ATL,sleeper_202610202,sleeper,player_anytime_td,Drake London,ATL,WR1,Yes,,167.0,0.3469420896032386,0.3275067883912836,0.01943530121195497,,PASS,False,False,,"anytime_td_v0, MODEL_UNVALIDATED (no backtest)",,,,,,553aeb009ecd2b42b21f3b46eadccc96e098560ee3af50be4bdbfeacc301ee13,props-v1.3,tag,decision,1,2026-09-20T12:09:05Z,2026-09-20T17:00:00+00:00,290.9,0.0,no,settled,0,-100.0,,5,1,0.161290322580645,0.144654088050314,0.343193345506188,CAR,3.0,34.0,37.0,team+name
2026,2,CAR@ATL,sleeper_202610202,sleeper,player_receptions,Chuba Hubbard,CAR,RB1,Under,1.5,130.0,0.39785000000000004,0.38324318103349064,0.014606818966509394,,PASS,False,False,,"receiving_hier_v2, MODEL_UNVALIDATED (PROTOTYPE)",,,,,,553aeb009ecd2b42b21f3b46eadccc96e098560ee3af50be4bdbfeacc301ee13,props-v1.3,tag,decision,1,2026-09-20T12:09:05Z,2026-09-20T17:00:00+00:00,290.9,2.0,over,settled,0,-100.0,-0.064,2,12,0.0625,-0.0128617363344051,0.0847467845659164,ATL,34.0,3.0,37.0,team+name
2026,2,CAR@ATL,sleeper_202610202,sleeper,player_receptions,Drake London,ATL,WR1,Under,4.5,-115.0,0.48229999999999995,0.47614585108195606,0.006154148918043889,,PASS,False,False,,"receiving_hier_v2, MODEL_UNVALIDATED (PROTOTYPE)",,,,,,553aeb009ecd2b42b21f3b46eadccc96e098560ee3af50be4bdbfeacc301ee13,props-v1.3,tag,decision,1,2026-09-20T12:09:05Z,2026-09-20T17:00:00+00:00,290.9,4.0,under,settled,1,86.96,-0.822,5,1,0.161290322580645,0.144654088050314,0.343193345506188,CAR,3.0,34.0,37.0,team+name
2026,2,CAR@ATL,sleeper_202610202,sleeper,player_reception_yds,Xavier Legette,CAR,WR3,Under,16.5,-133.0,0.5103,0.508573682225042,0.0017263177749580194,,PASS,False,False,,"receiving_hier_v2, MODEL_UNVALIDATED (PROTOTYPE)",,,,,,553aeb009ecd2b42b21f3b46eadccc96e098560ee3af50be4bdbfeacc301ee13,props-v1.3,tag,decision,1,2026-09-20T12:09:05Z,2026-09-20T17:00:00+00:00,290.9,64.0,over,settled,0,-100.0,41.937,4,0,0.125,0.247588424437299,0.360811897106109,ATL,34.0,3.0,37.0,team+name
2026,2,CAR@ATL,sleeper_202610202,sleeper,player_anytime_td,Chuba Hubbard,CAR,RB1,Yes,,-125.0,0.4744866477490055,0.49403747870528114,-0.019550830956275633,,PASS,False,False,,"anytime_td_v0, MODEL_UNVALIDATED (no backtest)",,,,,,553aeb009ecd2b42b21f3b46eadccc96e098560ee3af50be4bdbfeacc301ee13,props-v1.3,tag,decision,1,2026-09-20T12:09:05Z,2026-09-20T17:00:00+00:00,290.9,1.0,yes,settled,1,80.0,,2,12,0.0625,-0.0128617363344051,0.0847467845659164,ATL,34.0,3.0,37.0,team+name
2026,2,CAR@ATL,sleeper_202610202,sleeper,player_anytime_td,Tetairoa McMillan,CAR,WR1,Yes,,146.0,0.2679509650436165,0.3577644556178689,-0.08981349057425242,,PASS,False,False,,"anytime_td_v0, MODEL_UNVALIDATED (no backtest)",,,,,,553aeb009ecd2b42b21f3b46eadccc96e098560ee3af50be4bdbfeacc301ee13,props-v1.3,tag,decision,1,2026-09-20T12:09:05Z,2026-09-20T17:00:00+00:00,290.9,0.0,no,settled,0,-100.0,,10,0,0.3125,0.42443729903537,0.765856109324759,ATL,34.0,3.0,37.0,team+name
2026,2,CAR@ATL,sleeper_202610202,sleeper,player_anytime_td,Bijan Robinson,ATL,RB1,Yes,,-217.0,0.49576218646857806,0.6052697116103003,-0.10950752514172224,,PASS,False,False,,"anytime_td_v0, MODEL_UNVALIDATED (no backtest)",,,,,,553aeb009ecd2b42b21f3b46eadccc96e098560ee3af50be4bdbfeacc301ee13,props-v1.3,tag,decision,1,2026-09-20T12:09:05Z,2026-09-20T17:00:00+00:00,290.9,0.0,no,settled,0,-100.0,,4,16,0.129032258064516,0.0754716981132076,0.246378575776019,CAR,3.0,34.0,37.0,team+name
2026,2,CIN@HOU,sleeper_202610213,sleeper,player_receptions,Kayshon Boutte,HOU,WR3,Under,2.5,116.0,0.79365,0.4098360655737705,0.38381393442622946,WEAK (book likely knows something),PASS,True,False,,"receiving_hier_v2, MODEL_UNVALIDATED (PROTOTYPE)",,,,,,553aeb009ecd2b42b21f3b46eadccc96e098560ee3af50be4bdbfeacc301ee13,props-v1.3,tag,decision,1,2026-09-20T12:09:08Z,2026-09-20T17:00:00+00:00,290.9,3.0,over,settled,0,-100.0,1.447,5,0,0.1,0.138947368421053,0.247263157894737,CIN,6.0,20.0,26.0,team+name
2026,2,CIN@HOU,sleeper_202610213,sleeper,player_reception_yds,Kayshon Boutte,HOU,WR3,Under,35.5,-125.0,0.81445,0.49403747870528103,0.320412521294719,WEAK (book likely knows something),PASS,True,False,,"receiving_hier_v2, MODEL_UNVALIDATED (PROTOTYPE)",,,,,,553aeb009ecd2b42b21f3b46eadccc96e098560ee3af50be4bdbfeacc301ee13,props-v1.3,tag,decision,1,2026-09-20T12:09:08Z,2026-09-20T17:00:00+00:00,290.9,37.0,over,settled,0,-100.0,17.842,5,0,0.1,0.138947368421053,0.247263157894737,CIN,6.0,20.0,26.0,team+name
2026,2,CIN@HOU,sleeper_202610213,sleeper,player_receptions,Mike Gesicki,CIN,TE1,Over,2.5,-114.0,0.65485,0.47371099050203525,0.1811390094979648,WEAK (book likely knows something),PASS,False,False,,"receiving_hier_v2, MODEL_UNVALIDATED (PROTOTYPE)",,,,,,553aeb009ecd2b42b21f3b46eadccc96e098560ee3af50be4bdbfeacc301ee13,props-v1.3,tag,decision,1,2026-09-20T12:09:08Z,2026-09-20T17:00:00+00:00,290.9,,,unjoined,,,,,,,,,,,,,
2026,2,CIN@HOU,sleeper_202610213,sleeper,player_reception_yds,Chase Brown,CIN,RB1,Over,19.5,-132.0,0.65505,0.505962521294719,0.14908747870528105,STRONG,PASS,False,False,,"receiving_hier_v2, MODEL_UNVALIDATED (PROTOTYPE)",,,,,,553aeb009ecd2b42b21f3b46eadccc96e098560ee3af50be4bdbfeacc301ee13,props-v1.3,tag,decision,1,2026-09-20T12:09:08Z,2026-09-20T17:00:00+00:00,290.9,2.0,under,settled,0,-100.0,-29.102,5,20,0.161290322580645,-0.0867052023121387,0.181241842252471,HOU,20.0,6.0,26.0,team+name
2026,2,CIN@HOU,sleeper_202610213,sleeper,player_reception_yds,Mike Gesicki,CIN,TE1,Over,25.5,-123.0,0.6312,0.491426317774958,0.139773682225042,WEAK (book likely knows something),PASS,False,False,,"receiving_hier_v2, MODEL_UNVALIDATED (PROTOTYPE)",,,,,,553aeb009ecd2b42b21f3b46eadccc96e098560ee3af50be4bdbfeacc301ee13,props-v1.3,tag,decision,1,2026-09-20T12:09:08Z,2026-09-20T17:00:00+00:00,290.9,,,unjoined,,,,,,,,,,,,,
2026,2,CIN@HOU,sleeper_202610213,sleeper,player_receptions,David Montgomery,HOU,RB1,Over,1.5,-204.0,0.73345,0.5950769886514998,0.13837301134850022,WEAK (book likely knows something),PASS,True,False,,"receiving_hier_v2, MODEL_UNVALIDATED (PROTOTYPE)",,,,,,553aeb009ecd2b42b21f3b46eadccc96e098560ee3af50be4bdbfeacc301ee13,props-v1.3,tag,decision,1,2026-09-20T12:09:08Z,2026-09-20T17:00:00+00:00,290.9,2.0,over,settled,1,49.02,-0.669,2,6,0.04,0.0189473684210526,0.0732631578947368,CIN,6.0,20.0,26.0,team+name
2026,2,CIN@HOU,sleeper_202610213,sleeper,player_receptions,Ja'Marr Chase,CIN,WR1,Under,6.5,-127.0,0.63185,0.49744550408719346,0.13440449591280657,WEAK (book likely knows something),PASS,False,False,,"receiving_hier_v2, MODEL_UNVALIDATED (PROTOTYPE)",,,,,,553aeb009ecd2b42b21f3b46eadccc96e098560ee3af50be4bdbfeacc301ee13,props-v1.3,tag,decision,1,2026-09-20T12:09:08Z,2026-09-20T17:00:00+00:00,290.9,7.0,over,settled,0,-100.0,1.168,9,0,0.290322580645161,0.468208092485549,0.763229535707627,HOU,20.0,6.0,26.0,team+name
2026,2,CIN@HOU,sleeper_202610213,sleeper,player_reception_yds,Woody Marks,HOU,RB2,Under,10.5,-132.0,0.6387499999999999,0.5059625212947189,0.13278747870528107,STRONG,PASS,False,False,,"receiving_hier_v2, MODEL_UNVALIDATED (PROTOTYPE)",,,,,,553aeb009ecd2b42b21f3b46eadccc96e098560ee3af50be4bdbfeacc301ee13,props-v1.3,tag,decision,1,2026-09-20T12:09:08Z,2026-09-20T17:00:00+00:00,290.9,27.0,over,settled,0,-100.0,16.961,6,8,0.12,0.0231578947368421,0.196210526315789,CIN,6.0,20.0,26.0,team+name
2026,2,CIN@HOU,sleeper_202610213,sleeper,player_receptions,Andrei Iosivas,CIN,WR3,Over,1.5,-115.0,0.60435,0.476145851081956,0.12820414891804405,STRONG,PASS,False,False,,"receiving_hier_v2, MODEL_UNVALIDATED (PROTOTYPE)",,,,,,553aeb009ecd2b42b21f3b46eadccc96e098560ee3af50be4bdbfeacc301ee13,props-v1.3,tag,decision,1,2026-09-20T12:09:08Z,2026-09-20T17:00:00+00:00,290.9,1.0,under,settled,0,-100.0,-1.067,1,0,0.032258064516129,0.0346820809248555,0.0726645534215924,HOU,20.0,6.0,26.0,team+name
2026,2,CIN@HOU,sleeper_202610213,sleeper,player_receptions,Chase Brown,CIN,RB1,Over,3.5,-120.0,0.59605,0.4854899283031751,0.11056007169682486,STRONG,PASS,False,False,,"receiving_hier_v2, MODEL_UNVALIDATED (PROTOTYPE)",,,,,,553aeb009ecd2b42b21f3b46eadccc96e098560ee3af50be4bdbfeacc301ee13,props-v1.3,tag,decision,1,2026-09-20T12:09:08Z,2026-09-20T17:00:00+00:00,290.9,3.0,under,settled,0,-100.0,-1.196,5,20,0.161290322580645,-0.0867052023121387,0.181241842252471,HOU,20.0,6.0,26.0,team+name
2026,2,CIN@HOU,sleeper_202610213,sleeper,player_reception_yds,Andrei Iosivas,CIN,WR3,Over,14.5,-125.0,0.5928,0.49403747870528114,0.09876252129471885,STRONG,PASS,False,False,,"receiving_hier_v2, MODEL_UNVALIDATED (PROTOTYPE)",,,,,,553aeb009ecd2b42b21f3b46eadccc96e098560ee3af50be4bdbfeacc301ee13,props-v1.3,tag,decision,1,2026-09-20T12:09:08Z,2026-09-20T17:00:00+00:00,290.9,7.0,under,settled,0,-100.0,-20.332,1,0,0.032258064516129,0.0346820809248555,0.0726645534215924,HOU,20.0,6.0,26.0,team+name
2026,2,CIN@HOU,sleeper_202610213,sleeper,player_reception_yds,David Montgomery,HOU,RB1,Over,11.5,-133.0,0.60345,0.508573682225042,0.09487631777495809,WEAK (book likely knows something),PASS,True,False,,"receiving_hier_v2, MODEL_UNVALIDATED (PROTOTYPE)",,,,,,553aeb009ecd2b42b21f3b46eadccc96e098560ee3af50be4bdbfeacc301ee13,props-v1.3,tag,decision,1,2026-09-20T12:09:08Z,2026-09-20T17:00:00+00:00,290.9,14.0,over,settled,1,75.19,-5.231,2,6,0.04,0.0189473684210526,0.0732631578947368,CIN,6.0,20.0,26.0,team+name
2026,2,CIN@HOU,sleeper_202610213,sleeper,player_receptions,Tee Higgins,CIN,WR2,Under,4.5,-189.0,0.6656500000000001,0.5786557807260535,0.08699421927394657,STRONG,PASS,False,False,,"receiving_hier_v2, MODEL_UNVALIDATED (PROTOTYPE)",,,,,,553aeb009ecd2b42b21f3b46eadccc96e098560ee3af50be4bdbfeacc301ee13,props-v1.3,tag,decision,1,2026-09-20T12:09:08Z,2026-09-20T17:00:00+00:00,290.9,5.0,over,settled,0,-100.0,1.208,10,0,0.32258064516129,0.53757225433526,0.860171545776618,HOU,20.0,6.0,26.0,team+name
2026,2,CIN@HOU,sleeper_202610213,sleeper,player_reception_yds,Ja'Marr Chase,CIN,WR1,Under,76.5,-127.0,0.58075,0.49744550408719346,0.08330449591280653,WEAK (book likely knows something),PASS,False,False,,"receiving_hier_v2, MODEL_UNVALIDATED (PROTOTYPE)",,,,,,553aeb009ecd2b42b21f3b46eadccc96e098560ee3af50be4bdbfeacc301ee13,props-v1.3,tag,decision,1,2026-09-20T12:09:08Z,2026-09-20T17:00:00+00:00,290.9,75.0,under,settled,1,78.74,1.295,9,0,0.290322580645161,0.468208092485549,0.763229535707627,HOU,20.0,6.0,26.0,team+name
2026,2,CIN@HOU,sleeper_202610213,sleeper,player_receptions,Samaje Perine,CIN,RB2,Over,1.5,111.0,0.49045,0.42018639410285114,0.07026360589714886,STRONG,PASS,False,False,,"receiving_hier_v2, MODEL_UNVALIDATED (PROTOTYPE)",,,,,,553aeb009ecd2b42b21f3b46eadccc96e098560ee3af50be4bdbfeacc301ee13,props-v1.3,tag,decision,1,2026-09-20T12:09:08Z,2026-09-20T17:00:00+00:00,290.9,1.0,under,settled,0,-100.0,-0.662,1,2,0.032258064516129,0.0404624277456647,0.0767107961961589,HOU,20.0,6.0,26.0,team+name
2026,2,CIN@HOU,sleeper_202610213,sleeper,player_rush_yds,Woody Marks,HOU,RB2,Over,29.5,-125.0,0.5611,0.49403747870528114,0.0670625212947189,STRONG,PASS,False,False,,"rush_yds_v0, MODEL_UNVALIDATED (no backtest)",,,,,,553aeb009ecd2b42b21f3b46eadccc96e098560ee3af50be4bdbfeacc301ee13,props-v1.3,tag,decision,1,2026-09-20T12:09:08Z,2026-09-20T17:00:00+00:00,290.9,8.0,under,settled,0,-100.0,-29.166,6,8,0.12,0.0231578947368421,0.196210526315789,CIN,6.0,20.0,26.0,team+name
2026,2,CIN@HOU,sleeper_202610213,sleeper,player_rush_yds,Samaje Perine,CIN,RB2,Over,17.5,-125.0,0.5569,0.49403747870528114,0.06286252129471881,STRONG,PASS,False,False,,"rush_yds_v0, MODEL_UNVALIDATED (no backtest)",,,,,,553aeb009ecd2b42b21f3b46eadccc96e098560ee3af50be4bdbfeacc301ee13,props-v1.3,tag,decision,1,2026-09-20T12:09:08Z,2026-09-20T17:00:00+00:00,290.9,6.0,under,settled,0,-100.0,-17.686,1,2,0.032258064516129,0.0404624277456647,0.0767107961961589,HOU,20.0,6.0,26.0,team+name
2026,2,CIN@HOU,sleeper_202610213,sleeper,player_reception_yds,Tee Higgins,CIN,WR2,Under,54.5,-125.0,0.54715,0.49403747870528103,0.053112521294718995,STRONG,PASS,False,False,,"receiving_hier_v2, MODEL_UNVALIDATED (PROTOTYPE)",,,,,,553aeb009ecd2b42b21f3b46eadccc96e098560ee3af50be4bdbfeacc301ee13,props-v1.3,tag,decision,1,2026-09-20T12:09:08Z,2026-09-20T17:00:00+00:00,290.9,95.0,over,settled,0,-100.0,37.859,10,0,0.32258064516129,0.53757225433526,0.860171545776618,HOU,20.0,6.0,26.0,team+name
2026,2,CIN@HOU,sleeper_202610213,sleeper,player_receptions,Xavier Hutchinson,HOU,WR2,Under,2.5,104.0,0.48905,0.4366812227074236,0.052368777292576385,STRONG,PASS,False,False,,"receiving_hier_v2, MODEL_UNVALIDATED (PROTOTYPE)",,,,,,553aeb009ecd2b42b21f3b46eadccc96e098560ee3af50be4bdbfeacc301ee13,props-v1.3,tag,decision,1,2026-09-20T12:09:08Z,2026-09-20T17:00:00+00:00,290.9,3.0,over,settled,0,-100.0,0.239,9,0,0.18,0.235789473684211,0.435052631578947,CIN,6.0,20.0,26.0,team+name
2026,2,CIN@HOU,sleeper_202610213,sleeper,player_reception_yds,Xavier Hutchinson,HOU,WR2,Under,31.5,-128.0,0.5474,0.5,0.0474,MODERATE,PASS,False,False,,"receiving_hier_v2, MODEL_UNVALIDATED (PROTOTYPE)",,,,,,553aeb009ecd2b42b21f3b46eadccc96e098560ee3af50be4bdbfeacc301ee13,props-v1.3,tag,decision,1,2026-09-20T12:09:08Z,2026-09-20T17:00:00+00:00,290.9,37.0,over,settled,0,-100.0,2.088,9,0,0.18,0.235789473684211,0.435052631578947,CIN,6.0,20.0,26.0,team+name
2026,2,CIN@HOU,sleeper_202610213,sleeper,player_receptions,Woody Marks,HOU,RB2,Under,1.5,-164.0,0.5972500000000001,0.554054054054054,0.04319594594594611,MODERATE,PASS,False,False,,"receiving_hier_v2, MODEL_UNVALIDATED (PROTOTYPE)",,,,,,553aeb009ecd2b42b21f3b46eadccc96e098560ee3af50be4bdbfeacc301ee13,props-v1.3,tag,decision,1,2026-09-20T12:09:08Z,2026-09-20T17:00:00+00:00,290.9,5.0,over,settled,0,-100.0,3.608,6,8,0.12,0.0231578947368421,0.196210526315789,CIN,6.0,20.0,26.0,team+name
2026,2,CIN@HOU,sleeper_202610213,sleeper,player_anytime_td,Chase Brown,CIN,RB1,Yes,,-104.0,0.48552466337875544,0.4536818702418649,0.031842793136890535,MODERATE,PASS,False,False,,"anytime_td_v0, MODEL_UNVALIDATED (no backtest)",,,,,,553aeb009ecd2b42b21f3b46eadccc96e098560ee3af50be4bdbfeacc301ee13,props-v1.3,tag,decision,1,2026-09-20T12:09:08Z,2026-09-20T17:00:00+00:00,290.9,0.0,no,settled,0,-100.0,,5,20,0.161290322580645,-0.0867052023121387,0.181241842252471,HOU,20.0,6.0,26.0,team+name
2026,2,CIN@HOU,sleeper_202610213,sleeper,player_anytime_td,David Montgomery,HOU,RB1,Yes,,-159.0,0.5730845309702399,0.5474946568511042,0.025589874119135714,,PASS,True,False,,"anytime_td_v0, MODEL_UNVALIDATED (no backtest)",,,,,,553aeb009ecd2b42b21f3b46eadccc96e098560ee3af50be4bdbfeacc301ee13,props-v1.3,tag,decision,1,2026-09-20T12:09:08Z,2026-09-20T17:00:00+00:00,290.9,0.0,no,settled,0,-100.0,,2,6,0.04,0.0189473684210526,0.0732631578947368,CIN,6.0,20.0,26.0,team+name
2026,2,CIN@HOU,sleeper_202610213,sleeper,player_receptions,Dalton Schultz,HOU,TE1,Under,4.5,-106.0,0.47950000000000004,0.4590778884190424,0.020422111580957636,,PASS,False,False,,"receiving_hier_v2, MODEL_UNVALIDATED (PROTOTYPE)",,,,,,553aeb009ecd2b42b21f3b46eadccc96e098560ee3af50be4bdbfeacc301ee13,props-v1.3,tag,decision,1,2026-09-20T12:09:08Z,2026-09-20T17:00:00+00:00,290.9,12.0,over,settled,0,-100.0,7.149,14,0,0.28,0.218947368421053,0.573263157894737,CIN,6.0,20.0,26.0,team+name
2026,2,CIN@HOU,sleeper_202610213,sleeper,player_reception_yds,Dalton Schultz,HOU,TE1,Over,41.5,-130.0,0.5213,0.5025544959128065,0.018745504087193443,,PASS,False,False,,"receiving_hier_v2, MODEL_UNVALIDATED (PROTOTYPE)",,,,,,553aeb009ecd2b42b21f3b46eadccc96e098560ee3af50be4bdbfeacc301ee13,props-v1.3,tag,decision,1,2026-09-20T12:09:08Z,2026-09-20T17:00:00+00:00,290.9,140.0,over,settled,1,76.92,91.594,14,0,0.28,0.218947368421053,0.573263157894737,CIN,6.0,20.0,26.0,team+name
2026,2,CIN@HOU,sleeper_202610213,sleeper,player_rush_yds,Chase Brown,CIN,RB1,Under,54.5,-127.0,0.51465,0.49744550408719346,0.017204495912806594,,PASS,False,False,,"rush_yds_v0, MODEL_UNVALIDATED (no backtest)",,,,,,553aeb009ecd2b42b21f3b46eadccc96e098560ee3af50be4bdbfeacc301ee13,props-v1.3,tag,decision,1,2026-09-20T12:09:08Z,2026-09-20T17:00:00+00:00,290.9,80.0,over,settled,0,-100.0,21.578,5,20,0.161290322580645,-0.0867052023121387,0.181241842252471,HOU,20.0,6.0,26.0,team+name
2026,2,CIN@HOU,sleeper_202610213,sleeper,player_rush_yds,David Montgomery,HOU,RB1,Under,61.5,-127.0,0.5135000000000001,0.49744550408719346,0.01605449591280661,,PASS,True,False,,"rush_yds_v0, MODEL_UNVALIDATED (no backtest)",,,,,,553aeb009ecd2b42b21f3b46eadccc96e098560ee3af50be4bdbfeacc301ee13,props-v1.3,tag,decision,1,2026-09-20T12:09:08Z,2026-09-20T17:00:00+00:00,290.9,10.0,under,settled,1,78.74,-55.658,2,6,0.04,0.0189473684210526,0.0732631578947368,CIN,6.0,20.0,26.0,team+name
2026,2,CIN@HOU,sleeper_202610213,sleeper,player_reception_yds,Samaje Perine,CIN,RB2,Over,7.5,-130.0,0.51515,0.5025544959128065,0.012595504087193454,,PASS,False,False,,"receiving_hier_v2, MODEL_UNVALIDATED (PROTOTYPE)",,,,,,553aeb009ecd2b42b21f3b46eadccc96e098560ee3af50be4bdbfeacc301ee13,props-v1.3,tag,decision,1,2026-09-20T12:09:08Z,2026-09-20T17:00:00+00:00,290.9,16.0,over,settled,1,76.92,4.325,1,2,0.032258064516129,0.0404624277456647,0.0767107961961589,HOU,20.0,6.0,26.0,team+name
2026,2,CIN@HOU,sleeper_202610213,sleeper,player_anytime_td,Woody Marks,HOU,RB2,Yes,,196.0,0.2597879246466661,0.29353670580489416,-0.03374878115822805,,PASS,False,False,,"anytime_td_v0, MODEL_UNVALIDATED (no backtest)",,,,,,553aeb009ecd2b42b21f3b46eadccc96e098560ee3af50be4bdbfeacc301ee13,props-v1.3,tag,decision,1,2026-09-20T12:09:08Z,2026-09-20T17:00:00+00:00,290.9,0.0,no,settled,0,-100.0,,6,8,0.12,0.0231578947368421,0.196210526315789,CIN,6.0,20.0,26.0,team+name
2026,2,CIN@HOU,sleeper_202610213,sleeper,player_anytime_td,Dalton Schultz,HOU,TE1,Yes,,198.0,0.24917287036595703,0.29214219406978653,-0.0429693237038295,,PASS,False,False,,"anytime_td_v0, MODEL_UNVALIDATED (no backtest)",,,,,,553aeb009ecd2b42b21f3b46eadccc96e098560ee3af50be4bdbfeacc301ee13,props-v1.3,tag,decision,1,2026-09-20T12:09:08Z,2026-09-20T17:00:00+00:00,290.9,0.0,no,settled,0,-100.0,,14,0,0.28,0.218947368421053,0.573263157894737,CIN,6.0,20.0,26.0,team+name
2026,2,CIN@HOU,sleeper_202610213,sleeper,player_anytime_td,Xavier Hutchinson,HOU,WR2,Yes,,213.0,0.17938646914543832,0.27713625866050806,-0.09774978951506974,,PASS,False,False,,"anytime_td_v0, MODEL_UNVALIDATED (no backtest)",,,,,,553aeb009ecd2b42b21f3b46eadccc96e098560ee3af50be4bdbfeacc301ee13,props-v1.3,tag,decision,1,2026-09-20T12:09:08Z,2026-09-20T17:00:00+00:00,290.9,0.0,no,settled,0,-100.0,,9,0,0.18,0.235789473684211,0.435052631578947,CIN,6.0,20.0,26.0,team+name
2026,2,CIN@HOU,sleeper_202610213,sleeper,player_anytime_td,Tee Higgins,CIN,WR2,Yes,,147.0,0.23549081915989234,0.35504292450171887,-0.11955210534182653,,PASS,False,False,,"anytime_td_v0, MODEL_UNVALIDATED (no backtest)",,,,,,553aeb009ecd2b42b21f3b46eadccc96e098560ee3af50be4bdbfeacc301ee13,props-v1.3,tag,decision,1,2026-09-20T12:09:08Z,2026-09-20T17:00:00+00:00,290.9,0.0,no,settled,0,-100.0,,10,0,0.32258064516129,0.53757225433526,0.860171545776618,HOU,20.0,6.0,26.0,team+name
2026,2,CIN@HOU,sleeper_202610213,sleeper,player_anytime_td,Ja'Marr Chase,CIN,WR1,Yes,,106.0,0.26931447200693037,0.4307283786704542,-0.16141390666352384,,PASS,False,False,,"anytime_td_v0, MODEL_UNVALIDATED (no backtest)",,,,,,553aeb009ecd2b42b21f3b46eadccc96e098560ee3af50be4bdbfeacc301ee13,props-v1.3,tag,decision,1,2026-09-20T12:09:08Z,2026-09-20T17:00:00+00:00,290.9,1.0,yes,settled,1,106.0,,9,0,0.290322580645161,0.468208092485549,0.763229535707627,HOU,20.0,6.0,26.0,team+name
2026,2,CIN@HOU,sleeper_202610213,sleeper,player_anytime_td,Kayshon Boutte,HOU,WR3,Yes,,222.0,0.10523669282207126,0.26986015553601295,-0.16462346271394168,,PASS,True,False,,"anytime_td_v0, MODEL_UNVALIDATED (no backtest)",,,,,,553aeb009ecd2b42b21f3b46eadccc96e098560ee3af50be4bdbfeacc301ee13,props-v1.3,tag,decision,1,2026-09-20T12:09:08Z,2026-09-20T17:00:00+00:00,290.9,0.0,no,settled,0,-100.0,,5,0,0.1,0.138947368421053,0.247263157894737,CIN,6.0,20.0,26.0,team+name
2026,2,CLE@TB,sleeper_202610233,sleeper,player_receptions,Bucky Irving,TB,RB1,Over,2.5,-110.0,0.73825,0.4667689161554192,0.27148108384458075,WEAK (book likely knows something),PASS,False,False,,"receiving_hier_v2, MODEL_UNVALIDATED (PROTOTYPE)",,,,,,553aeb009ecd2b42b21f3b46eadccc96e098560ee3af50be4bdbfeacc301ee13,props-v1.3,tag,decision,1,2026-09-20T12:09:10Z,2026-09-20T17:00:00+00:00,290.8,4.0,over,settled,1,90.91,0.066,4,17,0.121212121212121,-0.0522565320665083,0.145238609371626,CLE,19.0,23.0,42.0,team+name
2026,2,CLE@TB,sleeper_202610233,sleeper,player_rush_yds,Bucky Irving,TB,RB1,Under,64.5,-125.0,0.70545,0.49403747870528103,0.211412521294719,WEAK (book likely knows something),PASS,False,False,,"rush_yds_v0, MODEL_UNVALIDATED (no backtest)",,,,,,553aeb009ecd2b42b21f3b46eadccc96e098560ee3af50be4bdbfeacc301ee13,props-v1.3,tag,decision,1,2026-09-20T12:09:10Z,2026-09-20T17:00:00+00:00,290.8,89.0,over,settled,0,-100.0,35.658,4,17,0.121212121212121,-0.0522565320665083,0.145238609371626,CLE,19.0,23.0,42.0,team+name
2026,2,CLE@TB,sleeper_202610233,sleeper,player_rush_yds,KC Concepcion,CLE,WR2,Under,8.5,-130.0,0.7117,0.5043103448275863,0.2073896551724137,WEAK (book likely knows something),PASS,False,False,,"rush_yds_v0, MODEL_UNVALIDATED (no backtest)",,,,,,553aeb009ecd2b42b21f3b46eadccc96e098560ee3af50be4bdbfeacc301ee13,props-v1.3,tag,decision,1,2026-09-20T12:09:10Z,2026-09-20T17:00:00+00:00,290.8,-6.0,under,settled,1,76.92,-12.493,6,1,0.2,0.111111111111111,0.377777777777778,TB,23.0,19.0,42.0,team+name
2026,2,CLE@TB,sleeper_202610233,sleeper,player_reception_yds,Bucky Irving,TB,RB1,Over,16.5,-132.0,0.70495,0.505962521294719,0.198987478705281,WEAK (book likely knows something),PASS,False,False,,"receiving_hier_v2, MODEL_UNVALIDATED (PROTOTYPE)",,,,,,553aeb009ecd2b42b21f3b46eadccc96e098560ee3af50be4bdbfeacc301ee13,props-v1.3,tag,decision,1,2026-09-20T12:09:10Z,2026-09-20T17:00:00+00:00,290.8,1.0,under,settled,0,-100.0,-29.553,4,17,0.121212121212121,-0.0522565320665083,0.145238609371626,CLE,19.0,23.0,42.0,team+name
2026,2,CLE@TB,sleeper_202610233,sleeper,player_receptions,Denzel Boston,CLE,WR3,Under,2.5,-115.0,0.65995,0.47614585108195606,0.18380414891804397,WEAK (book likely knows something),PASS,False,False,,"receiving_hier_v2, MODEL_UNVALIDATED (PROTOTYPE)",,,,,,553aeb009ecd2b42b21f3b46eadccc96e098560ee3af50be4bdbfeacc301ee13,props-v1.3,tag,decision,1,2026-09-20T12:09:10Z,2026-09-20T17:00:00+00:00,290.8,5.0,over,settled,0,-100.0,2.925,7,0,0.233333333333333,0.555555555555556,0.738888888888889,TB,23.0,19.0,42.0,team+name
2026,2,CLE@TB,sleeper_202610233,sleeper,player_reception_yds,Denzel Boston,CLE,WR3,Under,30.5,-125.0,0.66865,0.49403747870528103,0.17461252129471894,WEAK (book likely knows something),PASS,False,False,,"receiving_hier_v2, MODEL_UNVALIDATED (PROTOTYPE)",,,,,,553aeb009ecd2b42b21f3b46eadccc96e098560ee3af50be4bdbfeacc301ee13,props-v1.3,tag,decision,1,2026-09-20T12:09:10Z,2026-09-20T17:00:00+00:00,290.8,95.0,over,settled,0,-100.0,69.452,7,0,0.233333333333333,0.555555555555556,0.738888888888889,TB,23.0,19.0,42.0,team+name
2026,2,CLE@TB,sleeper_202610233,sleeper,player_receptions,Cade Otton,TB,TE1,Over,2.5,-179.0,0.7279,0.5692716213295458,0.1586283786704542,WEAK (book likely knows something),PASS,False,False,,"receiving_hier_v2, MODEL_UNVALIDATED (PROTOTYPE)",,,,,,553aeb009ecd2b42b21f3b46eadccc96e098560ee3af50be4bdbfeacc301ee13,props-v1.3,tag,decision,1,2026-09-20T12:09:10Z,2026-09-20T17:00:00+00:00,290.8,5.0,over,settled,1,55.87,1.135,6,0,0.181818181818182,0.106888361045131,0.347549125458864,CLE,19.0,23.0,42.0,team+name
2026,2,CLE@TB,sleeper_202610233,sleeper,player_reception_yds,Cade Otton,TB,TE1,Over,27.5,-127.0,0.61765,0.4974455040871935,0.12020449591280652,STRONG,PASS,False,False,,"receiving_hier_v2, MODEL_UNVALIDATED (PROTOTYPE)",,,,,,553aeb009ecd2b42b21f3b46eadccc96e098560ee3af50be4bdbfeacc301ee13,props-v1.3,tag,decision,1,2026-09-20T12:09:10Z,2026-09-20T17:00:00+00:00,290.8,38.0,over,settled,1,78.74,-3.238,6,0,0.181818181818182,0.106888361045131,0.347549125458864,CLE,19.0,23.0,42.0,team+name
2026,2,CLE@TB,sleeper_202610233,sleeper,player_rush_yds,Raheim Sanders,CLE,RB2,Over,9.5,-127.0,0.61675,0.4974455040871935,0.11930449591280651,STRONG,PASS,False,False,,"rush_yds_v0, MODEL_UNVALIDATED (no backtest)",,,,,,553aeb009ecd2b42b21f3b46eadccc96e098560ee3af50be4bdbfeacc301ee13,props-v1.3,tag,decision,1,2026-09-20T12:09:10Z,2026-09-20T17:00:00+00:00,290.8,4.0,under,settled,0,-100.0,-12.636,1,2,0.0333333333333333,-0.037037037037037,0.0240740740740741,TB,23.0,19.0,42.0,team+name
2026,2,CLE@TB,sleeper_202610233,sleeper,player_receptions,Jalen McMillan,TB,WR3,Over,1.5,-182.0,0.6754,0.573089499818336,0.10231050018166399,STRONG,PASS,False,False,,"receiving_hier_v2, MODEL_UNVALIDATED (PROTOTYPE)",,,,,,553aeb009ecd2b42b21f3b46eadccc96e098560ee3af50be4bdbfeacc301ee13,props-v1.3,tag,decision,1,2026-09-20T12:09:10Z,2026-09-20T17:00:00+00:00,290.8,,,unjoined,,,,,,,,,,,,,
2026,2,CLE@TB,sleeper_202610233,sleeper,player_receptions,Quinshon Judkins,CLE,RB1,Under,2.5,-222.0,0.69845,0.6101411724822626,0.08830882751773739,STRONG,PASS,False,False,,"receiving_hier_v2, MODEL_UNVALIDATED (PROTOTYPE)",,,,,,553aeb009ecd2b42b21f3b46eadccc96e098560ee3af50be4bdbfeacc301ee13,props-v1.3,tag,decision,1,2026-09-20T12:09:10Z,2026-09-20T17:00:00+00:00,290.8,5.0,over,settled,0,-100.0,3.074,5,12,0.166666666666667,-0.0740740740740741,0.198148148148148,TB,23.0,19.0,42.0,team+name
2026,2,CLE@TB,sleeper_202610233,sleeper,player_receptions,Jerry Jeudy,CLE,WR1,Over,2.5,-125.0,0.57035,0.49403747870528114,0.07631252129471888,STRONG,PASS,False,False,,"receiving_hier_v2, MODEL_UNVALIDATED (PROTOTYPE)",,,,,,553aeb009ecd2b42b21f3b46eadccc96e098560ee3af50be4bdbfeacc301ee13,props-v1.3,tag,decision,1,2026-09-20T12:09:10Z,2026-09-20T17:00:00+00:00,290.8,0.0,under,settled,0,-100.0,-3.021,1,0,0.0333333333333333,0.0925925925925926,0.114814814814815,TB,23.0,19.0,42.0,team+name
2026,2,CLE@TB,sleeper_202610233,sleeper,player_reception_yds,Jerry Jeudy,CLE,WR1,Over,28.5,-128.0,0.57265,0.5,0.07264999999999999,STRONG,PASS,False,False,,"receiving_hier_v2, MODEL_UNVALIDATED (PROTOTYPE)",,,,,,553aeb009ecd2b42b21f3b46eadccc96e098560ee3af50be4bdbfeacc301ee13,props-v1.3,tag,decision,1,2026-09-20T12:09:10Z,2026-09-20T17:00:00+00:00,290.8,0.0,under,settled,0,-100.0,-41.406,1,0,0.0333333333333333,0.0925925925925926,0.114814814814815,TB,23.0,19.0,42.0,team+name
2026,2,CLE@TB,sleeper_202610233,sleeper,player_receptions,Chris Godwin Jr.,TB,WR2,Under,3.5,-109.0,0.5178499999999999,0.4637045040178269,0.054145495982173,STRONG,PASS,False,False,,"receiving_hier_v2, MODEL_UNVALIDATED (PROTOTYPE)",,,,,,553aeb009ecd2b42b21f3b46eadccc96e098560ee3af50be4bdbfeacc301ee13,props-v1.3,tag,decision,1,2026-09-20T12:09:10Z,2026-09-20T17:00:00+00:00,290.8,3.0,under,settled,1,91.74,-0.623,3,1,0.0909090909090909,0.0783847980997625,0.19123299503347,CLE,19.0,23.0,42.0,team+name
2026,2,CLE@TB,sleeper_202610233,sleeper,player_rush_yds,Quinshon Judkins,CLE,RB1,Under,49.5,-128.0,0.5437000000000001,0.5,0.04370000000000007,MODERATE,PASS,False,False,,"rush_yds_v0, MODEL_UNVALIDATED (no backtest)",,,,,,553aeb009ecd2b42b21f3b46eadccc96e098560ee3af50be4bdbfeacc301ee13,props-v1.3,tag,decision,1,2026-09-20T12:09:10Z,2026-09-20T17:00:00+00:00,290.8,21.0,under,settled,1,78.12,-30.443,5,12,0.166666666666667,-0.0740740740740741,0.198148148148148,TB,23.0,19.0,42.0,team+name
2026,2,CLE@TB,sleeper_202610233,sleeper,player_receptions,Harold Fannin Jr.,CLE,TE1,Under,3.5,103.0,0.48214999999999997,0.43949221494273527,0.0426577850572647,MODERATE,PASS,False,False,,"receiving_hier_v2, MODEL_UNVALIDATED (PROTOTYPE)",,,,,,553aeb009ecd2b42b21f3b46eadccc96e098560ee3af50be4bdbfeacc301ee13,props-v1.3,tag,decision,1,2026-09-20T12:09:10Z,2026-09-20T17:00:00+00:00,290.8,5.0,over,settled,0,-100.0,1.201,6,0,0.2,0.222222222222222,0.455555555555556,TB,23.0,19.0,42.0,team+name
2026,2,CLE@TB,sleeper_202610233,sleeper,player_reception_yds,Quinshon Judkins,CLE,RB1,Under,11.5,-127.0,0.53745,0.4991381093566849,0.03831189064331508,MODERATE,PASS,False,False,,"receiving_hier_v2, MODEL_UNVALIDATED (PROTOTYPE)",,,,,,553aeb009ecd2b42b21f3b46eadccc96e098560ee3af50be4bdbfeacc301ee13,props-v1.3,tag,decision,1,2026-09-20T12:09:10Z,2026-09-20T17:00:00+00:00,290.8,27.0,over,settled,0,-100.0,12.945,5,12,0.166666666666667,-0.0740740740740741,0.198148148148148,TB,23.0,19.0,42.0,team+name
2026,2,CLE@TB,sleeper_202610233,sleeper,player_reception_yds,Jalen McMillan,TB,WR3,Under,24.5,-130.0,0.53645,0.5025544959128065,0.03389550408719344,MODERATE,PASS,False,False,,"receiving_hier_v2, MODEL_UNVALIDATED (PROTOTYPE)",,,,,,553aeb009ecd2b42b21f3b46eadccc96e098560ee3af50be4bdbfeacc301ee13,props-v1.3,tag,decision,1,2026-09-20T12:09:10Z,2026-09-20T17:00:00+00:00,290.8,,,unjoined,,,,,,,,,,,,,
2026,2,CLE@TB,sleeper_202610233,sleeper,player_receptions,KC Concepcion,CLE,WR2,Under,3.5,-169.0,0.5944,0.5605077850572646,0.03389221494273542,MODERATE,PASS,False,False,,"receiving_hier_v2, MODEL_UNVALIDATED (PROTOTYPE)",,,,,,553aeb009ecd2b42b21f3b46eadccc96e098560ee3af50be4bdbfeacc301ee13,props-v1.3,tag,decision,1,2026-09-20T12:09:10Z,2026-09-20T17:00:00+00:00,290.8,6.0,over,settled,0,-100.0,2.748,6,1,0.2,0.111111111111111,0.377777777777778,TB,23.0,19.0,42.0,team+name
2026,2,CLE@TB,sleeper_202610233,sleeper,player_rush_yds,Kenny Gainwell,TB,RB2,Under,26.5,-128.0,0.5327500000000001,0.5,0.03275000000000006,WEAK (book likely knows something),PASS,True,False,,"rush_yds_v0, MODEL_UNVALIDATED (no backtest)",,,,,,553aeb009ecd2b42b21f3b46eadccc96e098560ee3af50be4bdbfeacc301ee13,props-v1.3,tag,decision,1,2026-09-20T12:09:10Z,2026-09-20T17:00:00+00:00,290.8,10.0,under,settled,1,78.12,-19.288,4,2,0.121212121212121,-0.0356294536817102,0.156877564240985,CLE,19.0,23.0,42.0,team+name
2026,2,CLE@TB,sleeper_202610233,sleeper,player_anytime_td,Kenny Gainwell,TB,RB2,Yes,,204.0,0.31101535340670927,0.28634815808482095,0.024667195321888324,,PASS,True,False,,"anytime_td_v0, MODEL_UNVALIDATED (no backtest)",,,,,,553aeb009ecd2b42b21f3b46eadccc96e098560ee3af50be4bdbfeacc301ee13,props-v1.3,tag,decision,1,2026-09-20T12:09:10Z,2026-09-20T17:00:00+00:00,290.8,0.0,no,settled,0,-100.0,,4,2,0.121212121212121,-0.0356294536817102,0.156877564240985,CLE,19.0,23.0,42.0,team+name
2026,2,CLE@TB,sleeper_202610233,sleeper,player_reception_yds,KC Concepcion,CLE,WR2,Over,32.5,-132.0,0.5151,0.505962521294719,0.009137478705281032,,PASS,False,False,,"receiving_hier_v2, MODEL_UNVALIDATED (PROTOTYPE)",,,,,,553aeb009ecd2b42b21f3b46eadccc96e098560ee3af50be4bdbfeacc301ee13,props-v1.3,tag,decision,1,2026-09-20T12:09:10Z,2026-09-20T17:00:00+00:00,290.8,28.0,under,settled,0,-100.0,-12.202,6,1,0.2,0.111111111111111,0.377777777777778,TB,23.0,19.0,42.0,team+name
2026,2,CLE@TB,sleeper_202610233,sleeper,player_reception_yds,Chris Godwin Jr.,TB,WR2,Over,36.5,-132.0,0.5128,0.5077623680397433,0.00503763196025675,,PASS,False,False,,"receiving_hier_v2, MODEL_UNVALIDATED (PROTOTYPE)",,,,,,553aeb009ecd2b42b21f3b46eadccc96e098560ee3af50be4bdbfeacc301ee13,props-v1.3,tag,decision,1,2026-09-20T12:09:10Z,2026-09-20T17:00:00+00:00,290.8,46.0,over,settled,1,75.76,2.011,3,1,0.0909090909090909,0.0783847980997625,0.19123299503347,CLE,19.0,23.0,42.0,team+name
2026,2,CLE@TB,sleeper_202610233,sleeper,player_receptions,Emeka Egbuka,TB,WR1,Over,3.5,-192.0,0.5859,0.5822842755779354,0.0036157244220645923,,PASS,False,False,,"receiving_hier_v2, MODEL_UNVALIDATED (PROTOTYPE)",,,,,,553aeb009ecd2b42b21f3b46eadccc96e098560ee3af50be4bdbfeacc301ee13,props-v1.3,tag,decision,1,2026-09-20T12:09:10Z,2026-09-20T17:00:00+00:00,290.8,3.0,under,settled,0,-100.0,-1.17,5,1,0.151515151515152,0.178147268408551,0.351975815158713,CLE,19.0,23.0,42.0,team+name
2026,2,CLE@TB,sleeper_202610233,sleeper,player_reception_yds,Kenny Gainwell,TB,RB2,Under,12.5,-128.0,0.50285,0.5,0.002850000000000019,,PASS,True,False,,"receiving_hier_v2, MODEL_UNVALIDATED (PROTOTYPE)",,,,,,553aeb009ecd2b42b21f3b46eadccc96e098560ee3af50be4bdbfeacc301ee13,props-v1.3,tag,decision,1,2026-09-20T12:09:10Z,2026-09-20T17:00:00+00:00,290.8,5.0,under,settled,1,78.12,-11.092,4,2,0.121212121212121,-0.0356294536817102,0.156877564240985,CLE,19.0,23.0,42.0,team+name
2026,2,CLE@TB,sleeper_202610233,sleeper,player_reception_yds,Emeka Egbuka,TB,WR1,Under,52.5,-127.0,0.4999,0.49744550408719346,0.0024544959128065535,,PASS,False,False,,"receiving_hier_v2, MODEL_UNVALIDATED (PROTOTYPE)",,,,,,553aeb009ecd2b42b21f3b46eadccc96e098560ee3af50be4bdbfeacc301ee13,props-v1.3,tag,decision,1,2026-09-20T12:09:10Z,2026-09-20T17:00:00+00:00,290.8,16.0,under,settled,1,78.74,-44.039,5,1,0.151515151515152,0.178147268408551,0.351975815158713,CLE,19.0,23.0,42.0,team+name
2026,2,CLE@TB,sleeper_202610233,sleeper,player_receptions,Kenny Gainwell,TB,RB2,Under,2.5,-192.0,0.5849500000000001,0.5834284409952066,0.001521559004793449,,PASS,True,False,,"receiving_hier_v2, MODEL_UNVALIDATED (PROTOTYPE)",,,,,,553aeb009ecd2b42b21f3b46eadccc96e098560ee3af50be4bdbfeacc301ee13,props-v1.3,tag,decision,1,2026-09-20T12:09:10Z,2026-09-20T17:00:00+00:00,290.8,3.0,over,settled,0,-100.0,0.647,4,2,0.121212121212121,-0.0356294536817102,0.156877564240985,CLE,19.0,23.0,42.0,team+name
2026,2,CLE@TB,sleeper_202610233,sleeper,player_reception_yds,Harold Fannin Jr.,CLE,TE1,Over,33.5,-132.0,0.50665,0.505962521294719,0.0006874787052810749,,PASS,False,False,,"receiving_hier_v2, MODEL_UNVALIDATED (PROTOTYPE)",,,,,,553aeb009ecd2b42b21f3b46eadccc96e098560ee3af50be4bdbfeacc301ee13,props-v1.3,tag,decision,1,2026-09-20T12:09:10Z,2026-09-20T17:00:00+00:00,290.8,54.0,over,settled,1,75.76,14.377,6,0,0.2,0.222222222222222,0.455555555555556,TB,23.0,19.0,42.0,team+name
2026,2,CLE@TB,sleeper_202610233,sleeper,player_anytime_td,Bucky Irving,TB,RB1,Yes,,-133.0,0.5013698391833341,0.508573682225042,-0.007203843041707847,,PASS,False,False,,"anytime_td_v0, MODEL_UNVALIDATED (no backtest)",,,,,,553aeb009ecd2b42b21f3b46eadccc96e098560ee3af50be4bdbfeacc301ee13,props-v1.3,tag,decision,1,2026-09-20T12:09:10Z,2026-09-20T17:00:00+00:00,290.8,0.0,no,settled,0,-100.0,,4,17,0.121212121212121,-0.0522565320665083,0.145238609371626,CLE,19.0,23.0,42.0,team+name
2026,2,CLE@TB,sleeper_202610233,sleeper,player_anytime_td,Quinshon Judkins,CLE,RB1,Yes,,147.0,0.34111883042146984,0.35683286720030866,-0.015714036778838814,,PASS,False,False,,"anytime_td_v0, MODEL_UNVALIDATED (no backtest)",,,,,,553aeb009ecd2b42b21f3b46eadccc96e098560ee3af50be4bdbfeacc301ee13,props-v1.3,tag,decision,1,2026-09-20T12:09:10Z,2026-09-20T17:00:00+00:00,290.8,0.0,no,settled,0,-100.0,,5,12,0.166666666666667,-0.0740740740740741,0.198148148148148,TB,23.0,19.0,42.0,team+name
2026,2,CLE@TB,sleeper_202610233,sleeper,player_anytime_td,Chris Godwin Jr.,TB,WR2,Yes,,195.0,0.2799717785434346,0.29591048278625187,-0.015938704242817292,,PASS,False,False,,"anytime_td_v0, MODEL_UNVALIDATED (no backtest)",,,,,,553aeb009ecd2b42b21f3b46eadccc96e098560ee3af50be4bdbfeacc301ee13,props-v1.3,tag,decision,1,2026-09-20T12:09:10Z,2026-09-20T17:00:00+00:00,290.8,0.0,no,settled,0,-100.0,,3,1,0.0909090909090909,0.0783847980997625,0.19123299503347,CLE,19.0,23.0,42.0,team+name
2026,2,CLE@TB,sleeper_202610233,sleeper,player_anytime_td,Cade Otton,TB,TE1,Yes,,234.0,0.1884802722203801,0.25943467374581436,-0.07095440152543425,,PASS,False,False,,"anytime_td_v0, MODEL_UNVALIDATED (no backtest)",,,,,,553aeb009ecd2b42b21f3b46eadccc96e098560ee3af50be4bdbfeacc301ee13,props-v1.3,tag,decision,1,2026-09-20T12:09:10Z,2026-09-20T17:00:00+00:00,290.8,0.0,no,settled,0,-100.0,,6,0,0.181818181818182,0.106888361045131,0.347549125458864,CLE,19.0,23.0,42.0,team+name
2026,2,CLE@TB,sleeper_202610233,sleeper,player_anytime_td,Emeka Egbuka,TB,WR1,Yes,,136.0,0.25244055042959723,0.3739780831448947,-0.12153753271529749,,PASS,False,False,,"anytime_td_v0, MODEL_UNVALIDATED (no backtest)",,,,,,553aeb009ecd2b42b21f3b46eadccc96e098560ee3af50be4bdbfeacc301ee13,props-v1.3,tag,decision,1,2026-09-20T12:09:10Z,2026-09-20T17:00:00+00:00,290.8,1.0,yes,settled,1,136.0,,5,1,0.151515151515152,0.178147268408551,0.351975815158713,CLE,19.0,23.0,42.0,team+name
2026,2,GB@NYJ,sleeper_202610224,sleeper,player_receptions,Kenyon Sadiq,NYJ,PROXY,Under,2.5,-145.0,0.83765,0.5262890094979648,0.31136099050203525,WEAK (book likely knows something),PASS,False,False,,"receiving_hier_v2, MODEL_UNVALIDATED (PROTOTYPE)",,,,,,553aeb009ecd2b42b21f3b46eadccc96e098560ee3af50be4bdbfeacc301ee13,props-v1.3,tag,decision,1,2026-09-20T12:09:12Z,2026-09-20T17:00:00+00:00,290.8,2.0,under,settled,1,68.97,0.623,3,0,0.0833333333333333,0.0318725099601594,0.147310756972112,GB,17.0,20.0,37.0,team+name
2026,2,GB@NYJ,sleeper_202610224,sleeper,player_reception_yds,Chris Brooks,GB,RB2,Under,9.5,-128.0,0.75605,0.5,0.25605,WEAK (book likely knows something),PASS,False,False,,"receiving_hier_v2, MODEL_UNVALIDATED (PROTOTYPE)",,,,,,553aeb009ecd2b42b21f3b46eadccc96e098560ee3af50be4bdbfeacc301ee13,props-v1.3,tag,decision,1,2026-09-20T12:09:12Z,2026-09-20T17:00:00+00:00,290.8,15.0,over,settled,0,-100.0,8.906,2,4,0.0689655172413793,-0.0092592592592592,0.0969667943805875,NYJ,20.0,17.0,37.0,team+name
2026,2,GB@NYJ,sleeper_202610224,sleeper,player_reception_yds,Kenyon Sadiq,NYJ,PROXY,Under,20.5,-128.0,0.7497,0.5,0.24970000000000003,WEAK (book likely knows something),PASS,False,False,,"receiving_hier_v2, MODEL_UNVALIDATED (PROTOTYPE)",,,,,,553aeb009ecd2b42b21f3b46eadccc96e098560ee3af50be4bdbfeacc301ee13,props-v1.3,tag,decision,1,2026-09-20T12:09:12Z,2026-09-20T17:00:00+00:00,290.8,17.0,under,settled,1,78.12,3.479,3,0,0.0833333333333333,0.0318725099601594,0.147310756972112,GB,17.0,20.0,37.0,team+name
2026,2,GB@NYJ,sleeper_202610224,sleeper,player_reception_yds,Matthew Golden,GB,WR3,Under,50.5,-130.0,0.73275,0.5025544959128065,0.23019550408719347,WEAK (book likely knows something),PASS,False,False,,"receiving_hier_v2, MODEL_UNVALIDATED (PROTOTYPE)",,,,,,553aeb009ecd2b42b21f3b46eadccc96e098560ee3af50be4bdbfeacc301ee13,props-v1.3,tag,decision,1,2026-09-20T12:09:12Z,2026-09-20T17:00:00+00:00,290.8,58.0,over,settled,0,-100.0,21.142,6,0,0.206896551724138,0.37037037037037,0.569604086845466,NYJ,20.0,17.0,37.0,team+name
2026,2,GB@NYJ,sleeper_202610224,sleeper,player_rush_yds,Chris Brooks,GB,RB2,Under,24.5,-132.0,0.72795,0.5059625212947189,0.22198747870528113,WEAK (book likely knows something),PASS,False,False,,"rush_yds_v0, MODEL_UNVALIDATED (no backtest)",,,,,,553aeb009ecd2b42b21f3b46eadccc96e098560ee3af50be4bdbfeacc301ee13,props-v1.3,tag,decision,1,2026-09-20T12:09:12Z,2026-09-20T17:00:00+00:00,290.8,11.0,under,settled,1,75.76,-7.86,2,4,0.0689655172413793,-0.0092592592592592,0.0969667943805875,NYJ,20.0,17.0,37.0,team+name
2026,2,GB@NYJ,sleeper_202610224,sleeper,player_receptions,Breece Hall,NYJ,RB1,Under,2.5,-115.0,0.6844,0.47614585108195606,0.20825414891804395,WEAK (book likely knows something),PASS,False,False,,"receiving_hier_v2, MODEL_UNVALIDATED (PROTOTYPE)",,,,,,553aeb009ecd2b42b21f3b46eadccc96e098560ee3af50be4bdbfeacc301ee13,props-v1.3,tag,decision,1,2026-09-20T12:09:12Z,2026-09-20T17:00:00+00:00,290.8,5.0,over,settled,0,-100.0,3.018,5,16,0.138888888888889,-0.0039840637450199,0.205544488711819,GB,17.0,20.0,37.0,team+name
2026,2,GB@NYJ,sleeper_202610224,sleeper,player_receptions,Chris Brooks,GB,RB2,Under,1.5,-172.0,0.765,0.5633187772925765,0.2016812227074235,WEAK (book likely knows something),PASS,False,False,,"receiving_hier_v2, MODEL_UNVALIDATED (PROTOTYPE)",,,,,,553aeb009ecd2b42b21f3b46eadccc96e098560ee3af50be4bdbfeacc301ee13,props-v1.3,tag,decision,1,2026-09-20T12:09:12Z,2026-09-20T17:00:00+00:00,290.8,1.0,under,settled,1,58.14,0.085,2,4,0.0689655172413793,-0.0092592592592592,0.0969667943805875,NYJ,20.0,17.0,37.0,team+name
2026,2,GB@NYJ,sleeper_202610224,sleeper,player_receptions,Adonai Mitchell,NYJ,WR2,Over,2.5,-145.0,0.72565,0.5262890094979648,0.19936099050203526,WEAK (book likely knows something),PASS,True,False,,"receiving_hier_v2, MODEL_UNVALIDATED (PROTOTYPE)",,,,,,553aeb009ecd2b42b21f3b46eadccc96e098560ee3af50be4bdbfeacc301ee13,props-v1.3,tag,decision,1,2026-09-20T12:09:12Z,2026-09-20T17:00:00+00:00,290.8,6.0,over,settled,1,68.97,2.13,12,0,0.333333333333333,0.709163346613546,0.996414342629482,GB,17.0,20.0,37.0,team+name
2026,2,GB@NYJ,sleeper_202610224,sleeper,player_receptions,Matthew Golden,GB,WR3,Under,3.5,109.0,0.6204000000000001,0.4243281471004243,0.19607185289957574,WEAK (book likely knows something),PASS,False,False,,"receiving_hier_v2, MODEL_UNVALIDATED (PROTOTYPE)",,,,,,553aeb009ecd2b42b21f3b46eadccc96e098560ee3af50be4bdbfeacc301ee13,props-v1.3,tag,decision,1,2026-09-20T12:09:12Z,2026-09-20T17:00:00+00:00,290.8,4.0,over,settled,0,-100.0,0.872,6,0,0.206896551724138,0.37037037037037,0.569604086845466,NYJ,20.0,17.0,37.0,team+name
2026,2,GB@NYJ,sleeper_202610224,sleeper,player_reception_yds,Christian Watson,GB,WR1,Under,61.5,-130.0,0.6589499999999999,0.5025544959128065,0.15639550408719338,WEAK (book likely knows something),PASS,False,False,,"receiving_hier_v2, MODEL_UNVALIDATED (PROTOTYPE)",,,,,,553aeb009ecd2b42b21f3b46eadccc96e098560ee3af50be4bdbfeacc301ee13,props-v1.3,tag,decision,1,2026-09-20T12:09:12Z,2026-09-20T17:00:00+00:00,290.8,41.0,under,settled,1,76.92,-11.093,11,0,0.379310344827586,0.398148148148148,0.847669220945083,NYJ,20.0,17.0,37.0,team+name
2026,2,GB@NYJ,sleeper_202610224,sleeper,player_reception_yds,Garrett Wilson,NYJ,WR1,Under,68.5,-128.0,0.65545,0.5,0.15544999999999998,WEAK (book likely knows something),PASS,False,False,,"receiving_hier_v2, MODEL_UNVALIDATED (PROTOTYPE)",,,,,,553aeb009ecd2b42b21f3b46eadccc96e098560ee3af50be4bdbfeacc301ee13,props-v1.3,tag,decision,1,2026-09-20T12:09:12Z,2026-09-20T17:00:00+00:00,290.8,57.0,under,settled,1,78.12,-2.141,7,0,0.194444444444444,0.298804780876494,0.500830013280213,GB,17.0,20.0,37.0,team+name
2026,2,GB@NYJ,sleeper_202610224,sleeper,player_reception_yds,Breece Hall,NYJ,RB1,Under,18.5,-128.0,0.6546000000000001,0.5,0.15460000000000007,WEAK (book likely knows something),PASS,False,False,,"receiving_hier_v2, MODEL_UNVALIDATED (PROTOTYPE)",,,,,,553aeb009ecd2b42b21f3b46eadccc96e098560ee3af50be4bdbfeacc301ee13,props-v1.3,tag,decision,1,2026-09-20T12:09:12Z,2026-09-20T17:00:00+00:00,290.8,63.0,over,settled,0,-100.0,47.113,5,16,0.138888888888889,-0.0039840637450199,0.205544488711819,GB,17.0,20.0,37.0,team+name
2026,2,GB@NYJ,sleeper_202610224,sleeper,player_receptions,Garrett Wilson,NYJ,WR1,Under,5.5,-112.0,0.6214500000000001,0.47025226082817717,0.1511977391718229,WEAK (book likely knows something),PASS,False,False,,"receiving_hier_v2, MODEL_UNVALIDATED (PROTOTYPE)",,,,,,553aeb009ecd2b42b21f3b46eadccc96e098560ee3af50be4bdbfeacc301ee13,props-v1.3,tag,decision,1,2026-09-20T12:09:12Z,2026-09-20T17:00:00+00:00,290.8,5.0,under,settled,1,89.29,0.028,7,0,0.194444444444444,0.298804780876494,0.500830013280213,GB,17.0,20.0,37.0,team+name
2026,2,GB@NYJ,sleeper_202610224,sleeper,player_reception_yds,Tucker Kraft,GB,TE1,Under,44.5,-127.0,0.63575,0.49744550408719346,0.13830449591280658,STRONG,PASS,False,False,,"receiving_hier_v2, MODEL_UNVALIDATED (PROTOTYPE)",,,,,,553aeb009ecd2b42b21f3b46eadccc96e098560ee3af50be4bdbfeacc301ee13,props-v1.3,tag,decision,1,2026-09-20T12:09:12Z,2026-09-20T17:00:00+00:00,290.8,15.0,under,settled,1,78.74,-24.672,3,0,0.103448275862069,0.0462962962962963,0.187579821200511,NYJ,20.0,17.0,37.0,team+name
2026,2,GB@NYJ,sleeper_202610224,sleeper,player_reception_yds,Mason Taylor,NYJ,TE1,Over,17.5,-127.0,0.6218,0.4974455040871935,0.1243544959128065,STRONG,PASS,False,False,,"receiving_hier_v2, MODEL_UNVALIDATED (PROTOTYPE)",,,,,,553aeb009ecd2b42b21f3b46eadccc96e098560ee3af50be4bdbfeacc301ee13,props-v1.3,tag,decision,1,2026-09-20T12:09:12Z,2026-09-20T17:00:00+00:00,290.8,,,unjoined,,,,,,,,,,,,,
2026,2,GB@NYJ,sleeper_202610224,sleeper,player_reception_yds,Adonai Mitchell,NYJ,WR2,Over,34.5,-127.0,0.61815,0.4974455040871935,0.12070449591280646,WEAK (book likely knows something),PASS,True,False,,"receiving_hier_v2, MODEL_UNVALIDATED (PROTOTYPE)",,,,,,553aeb009ecd2b42b21f3b46eadccc96e098560ee3af50be4bdbfeacc301ee13,props-v1.3,tag,decision,1,2026-09-20T12:09:12Z,2026-09-20T17:00:00+00:00,290.8,63.0,over,settled,1,78.74,10.983,12,0,0.333333333333333,0.709163346613546,0.996414342629482,GB,17.0,20.0,37.0,team+name
2026,2,GB@NYJ,sleeper_202610224,sleeper,player_receptions,MarShawn Lloyd,GB,RB1,Over,1.5,121.0,0.49435,0.39937223278424966,0.09497776721575035,STRONG,PASS,False,False,,"receiving_hier_v2, MODEL_UNVALIDATED (PROTOTYPE)",,,,,,553aeb009ecd2b42b21f3b46eadccc96e098560ee3af50be4bdbfeacc301ee13,props-v1.3,tag,decision,1,2026-09-20T12:09:12Z,2026-09-20T17:00:00+00:00,290.8,2.0,over,settled,1,121.0,0.322,2,6,0.0689655172413793,-0.0185185185185185,0.090485312899106,NYJ,20.0,17.0,37.0,team+name
2026,2,GB@NYJ,sleeper_202610224,sleeper,player_receptions,Tucker Kraft,GB,TE1,Under,3.5,-109.0,0.5541,0.4637045040178269,0.09039549598217311,STRONG,PASS,False,False,,"receiving_hier_v2, MODEL_UNVALIDATED (PROTOTYPE)",,,,,,553aeb009ecd2b42b21f3b46eadccc96e098560ee3af50be4bdbfeacc301ee13,props-v1.3,tag,decision,1,2026-09-20T12:09:12Z,2026-09-20T17:00:00+00:00,290.8,2.0,under,settled,1,91.74,-1.449,3,0,0.103448275862069,0.0462962962962963,0.187579821200511,NYJ,20.0,17.0,37.0,team+name
2026,2,GB@NYJ,sleeper_202610224,sleeper,player_rush_yds,MarShawn Lloyd,GB,RB1,Over,50.5,-125.0,0.57515,0.49403747870528114,0.08111252129471891,STRONG,PASS,False,False,,"rush_yds_v0, MODEL_UNVALIDATED (no backtest)",,,,,,553aeb009ecd2b42b21f3b46eadccc96e098560ee3af50be4bdbfeacc301ee13,props-v1.3,tag,decision,1,2026-09-20T12:09:12Z,2026-09-20T17:00:00+00:00,290.8,20.0,under,settled,0,-100.0,-41.072,2,6,0.0689655172413793,-0.0185185185185185,0.090485312899106,NYJ,20.0,17.0,37.0,team+name
2026,2,GB@NYJ,sleeper_202610224,sleeper,player_reception_yds,Jayden Reed,GB,WR2,Under,37.5,-127.0,0.5767,0.4991381093566849,0.07756189064331509,STRONG,PASS,False,False,,"receiving_hier_v2, MODEL_UNVALIDATED (PROTOTYPE)",,,,,,553aeb009ecd2b42b21f3b46eadccc96e098560ee3af50be4bdbfeacc301ee13,props-v1.3,tag,decision,1,2026-09-20T12:09:12Z,2026-09-20T17:00:00+00:00,290.8,4.0,under,settled,1,78.74,-33.473,1,0,0.0344827586206897,-0.0231481481481482,0.0355204342273308,NYJ,20.0,17.0,37.0,team+name
2026,2,GB@NYJ,sleeper_202610224,sleeper,player_receptions,Mason Taylor,NYJ,TE1,Over,2.5,-127.0,0.55735,0.4974455040871935,0.0599044959128065,STRONG,PASS,False,False,,"receiving_hier_v2, MODEL_UNVALIDATED (PROTOTYPE)",,,,,,553aeb009ecd2b42b21f3b46eadccc96e098560ee3af50be4bdbfeacc301ee13,props-v1.3,tag,decision,1,2026-09-20T12:09:12Z,2026-09-20T17:00:00+00:00,290.8,,,unjoined,,,,,,,,,,,,,
2026,2,GB@NYJ,sleeper_202610224,sleeper,player_reception_yds,MarShawn Lloyd,GB,RB1,Over,6.5,-132.0,0.56315,0.505962521294719,0.05718747870528107,STRONG,PASS,False,False,,"receiving_hier_v2, MODEL_UNVALIDATED (PROTOTYPE)",,,,,,553aeb009ecd2b42b21f3b46eadccc96e098560ee3af50be4bdbfeacc301ee13,props-v1.3,tag,decision,1,2026-09-20T12:09:12Z,2026-09-20T17:00:00+00:00,290.8,6.0,under,settled,0,-100.0,-6.437,2,6,0.0689655172413793,-0.0185185185185185,0.090485312899106,NYJ,20.0,17.0,37.0,team+name
2026,2,GB@NYJ,sleeper_202610224,sleeper,player_anytime_td,Braelon Allen,NYJ,RB2,Yes,,245.0,0.3001914921006723,0.2499877776510275,0.050203714449644804,STRONG (note: history had this team at 1.6 TDs vs market 2.2; anchored to market),PASS,False,False,,"anytime_td_v0, MODEL_UNVALIDATED (no backtest)",,,,,,553aeb009ecd2b42b21f3b46eadccc96e098560ee3af50be4bdbfeacc301ee13,props-v1.3,tag,decision,1,2026-09-20T12:09:12Z,2026-09-20T17:00:00+00:00,290.8,1.0,yes,settled,1,245.0,,1,5,0.0277777777777778,0.0119521912350598,0.0500332005312085,GB,17.0,20.0,37.0,team+name
2026,2,GB@NYJ,sleeper_202610224,sleeper,player_receptions,Christian Watson,GB,WR1,Under,3.5,108.0,0.47609999999999997,0.426910500181664,0.04918949981833598,MODERATE,PASS,False,False,,"receiving_hier_v2, MODEL_UNVALIDATED (PROTOTYPE)",,,,,,553aeb009ecd2b42b21f3b46eadccc96e098560ee3af50be4bdbfeacc301ee13,props-v1.3,tag,decision,1,2026-09-20T12:09:12Z,2026-09-20T17:00:00+00:00,290.8,4.0,over,settled,0,-100.0,0.162,11,0,0.379310344827586,0.398148148148148,0.847669220945083,NYJ,20.0,17.0,37.0,team+name
2026,2,GB@NYJ,sleeper_202610224,sleeper,player_receptions,Jayden Reed,GB,WR2,Under,3.5,-145.0,0.57725,0.5283602612581643,0.048889738741835775,MODERATE,PASS,False,False,,"receiving_hier_v2, MODEL_UNVALIDATED (PROTOTYPE)",,,,,,553aeb009ecd2b42b21f3b46eadccc96e098560ee3af50be4bdbfeacc301ee13,props-v1.3,tag,decision,1,2026-09-20T12:09:12Z,2026-09-20T17:00:00+00:00,290.8,1.0,under,settled,1,68.97,-2.33,1,0,0.0344827586206897,-0.0231481481481482,0.0355204342273308,NYJ,20.0,17.0,37.0,team+name
2026,2,GB@NYJ,sleeper_202610224,sleeper,player_anytime_td,Breece Hall,NYJ,RB1,Yes,,-115.0,0.5247268082132595,0.476145851081956,0.04858095713130345,MODERATE,PASS,False,False,,"anytime_td_v0, MODEL_UNVALIDATED (no backtest)",,,,,,553aeb009ecd2b42b21f3b46eadccc96e098560ee3af50be4bdbfeacc301ee13,props-v1.3,tag,decision,1,2026-09-20T12:09:12Z,2026-09-20T17:00:00+00:00,290.8,0.0,no,settled,0,-100.0,,5,16,0.138888888888889,-0.0039840637450199,0.205544488711819,GB,17.0,20.0,37.0,team+name
2026,2,GB@NYJ,sleeper_202610224,sleeper,player_anytime_td,MarShawn Lloyd,GB,RB1,Yes,,127.0,0.4262567220228768,0.38985882751773737,0.036397894505139416,MODERATE,PASS,False,False,,"anytime_td_v0, MODEL_UNVALIDATED (no backtest)",,,,,,553aeb009ecd2b42b21f3b46eadccc96e098560ee3af50be4bdbfeacc301ee13,props-v1.3,tag,decision,1,2026-09-20T12:09:12Z,2026-09-20T17:00:00+00:00,290.8,1.0,yes,settled,1,127.0,,2,6,0.0689655172413793,-0.0185185185185185,0.090485312899106,NYJ,20.0,17.0,37.0,team+name
2026,2,GB@NYJ,sleeper_202610224,sleeper,player_rush_yds,Braelon Allen,NYJ,RB2,Under,24.5,-133.0,0.54035,0.508573682225042,0.03177631777495804,MODERATE,PASS,False,False,,"rush_yds_v0, MODEL_UNVALIDATED (no backtest)",,,,,,553aeb009ecd2b42b21f3b46eadccc96e098560ee3af50be4bdbfeacc301ee13,props-v1.3,tag,decision,1,2026-09-20T12:09:12Z,2026-09-20T17:00:00+00:00,290.8,7.0,under,settled,1,75.19,-19.583,1,5,0.0277777777777778,0.0119521912350598,0.0500332005312085,GB,17.0,20.0,37.0,team+name
2026,2,GB@NYJ,sleeper_202610224,sleeper,player_rush_yds,Breece Hall,NYJ,RB1,Under,65.5,-127.0,0.49770000000000003,0.49744550408719346,0.0002544959128065738,,PASS,False,False,,"rush_yds_v0, MODEL_UNVALIDATED (no backtest)",,,,,,553aeb009ecd2b42b21f3b46eadccc96e098560ee3af50be4bdbfeacc301ee13,props-v1.3,tag,decision,1,2026-09-20T12:09:12Z,2026-09-20T17:00:00+00:00,290.8,29.0,under,settled,1,78.74,-42.071,5,16,0.138888888888889,-0.0039840637450199,0.205544488711819,GB,17.0,20.0,37.0,team+name
2026,2,GB@NYJ,sleeper_202610224,sleeper,player_anytime_td,Jayden Reed,GB,WR2,Yes,,230.0,0.2508064524947399,0.2633691986510358,-0.012562746156295934,,PASS,False,False,,"anytime_td_v0, MODEL_UNVALIDATED (no backtest)",,,,,,553aeb009ecd2b42b21f3b46eadccc96e098560ee3af50be4bdbfeacc301ee13,props-v1.3,tag,decision,1,2026-09-20T12:09:12Z,2026-09-20T17:00:00+00:00,290.8,0.0,no,settled,0,-100.0,,1,0,0.0344827586206897,-0.0231481481481482,0.0355204342273308,NYJ,20.0,17.0,37.0,team+name
2026,2,GB@NYJ,sleeper_202610224,sleeper,player_anytime_td,Christian Watson,GB,WR1,Yes,,156.0,0.31112836802571087,0.3419078969694913,-0.030779528943780443,,PASS,False,False,,"anytime_td_v0, MODEL_UNVALIDATED (no backtest)",,,,,,553aeb009ecd2b42b21f3b46eadccc96e098560ee3af50be4bdbfeacc301ee13,props-v1.3,tag,decision,1,2026-09-20T12:09:12Z,2026-09-20T17:00:00+00:00,290.8,1.0,yes,settled,1,156.0,,11,0,0.379310344827586,0.398148148148148,0.847669220945083,NYJ,20.0,17.0,37.0,team+name
2026,2,GB@NYJ,sleeper_202610224,sleeper,player_anytime_td,Matthew Golden,GB,WR3,Yes,,193.0,0.23159505811923387,0.29732978301252005,-0.06573472489328619,,PASS,False,False,,"anytime_td_v0, MODEL_UNVALIDATED (no backtest)",,,,,,553aeb009ecd2b42b21f3b46eadccc96e098560ee3af50be4bdbfeacc301ee13,props-v1.3,tag,decision,1,2026-09-20T12:09:12Z,2026-09-20T17:00:00+00:00,290.8,0.0,no,settled,0,-100.0,,6,0,0.206896551724138,0.37037037037037,0.569604086845466,NYJ,20.0,17.0,37.0,team+name
2026,2,GB@NYJ,sleeper_202610224,sleeper,player_anytime_td,Tucker Kraft,GB,TE1,Yes,,154.0,0.23561581038095658,0.34538377923489605,-0.10976796885393947,,PASS,False,False,,"anytime_td_v0, MODEL_UNVALIDATED (no backtest)",,,,,,553aeb009ecd2b42b21f3b46eadccc96e098560ee3af50be4bdbfeacc301ee13,props-v1.3,tag,decision,1,2026-09-20T12:09:12Z,2026-09-20T17:00:00+00:00,290.8,0.0,no,settled,0,-100.0,,3,0,0.103448275862069,0.0462962962962963,0.187579821200511,NYJ,20.0,17.0,37.0,team+name
2026,2,GB@NYJ,sleeper_202610224,sleeper,player_anytime_td,Garrett Wilson,NYJ,WR1,Yes,,164.0,0.1964457671622445,0.3315774621390274,-0.1351316949767829,,PASS,False,False,,"anytime_td_v0, MODEL_UNVALIDATED (no backtest)",,,,,,553aeb009ecd2b42b21f3b46eadccc96e098560ee3af50be4bdbfeacc301ee13,props-v1.3,tag,decision,1,2026-09-20T12:09:12Z,2026-09-20T17:00:00+00:00,290.8,1.0,yes,settled,1,164.0,,7,0,0.194444444444444,0.298804780876494,0.500830013280213,GB,17.0,20.0,37.0,team+name
2026,2,GB@NYJ,sleeper_202610224,sleeper,player_anytime_td,Chris Brooks,GB,RB2,Yes,,163.0,0.18348604726943474,0.3324191152779196,-0.14893306800848488,,PASS,False,False,,"anytime_td_v0, MODEL_UNVALIDATED (no backtest)",,,,,,553aeb009ecd2b42b21f3b46eadccc96e098560ee3af50be4bdbfeacc301ee13,props-v1.3,tag,decision,1,2026-09-20T12:09:12Z,2026-09-20T17:00:00+00:00,290.8,0.0,no,settled,0,-100.0,,2,4,0.0689655172413793,-0.0092592592592592,0.0969667943805875,NYJ,20.0,17.0,37.0,team+name
2026,2,IND@KC,sleeper_202610216,sleeper,player_receptions,Josh Downs,IND,WR2,Under,3.5,112.0,0.6119,0.4177157244220646,0.19418427557793538,WEAK (book likely knows something),PASS,False,False,,"receiving_hier_v2, MODEL_UNVALIDATED (PROTOTYPE)",,,,,,553aeb009ecd2b42b21f3b46eadccc96e098560ee3af50be4bdbfeacc301ee13,props-v1.3,tag,decision,1,2026-09-20T21:19:17Z,2026-09-21T00:20:00+00:00,180.7,7.0,over,settled,0,-100.0,3.835,9,0,0.3,0.450617283950617,0.765432098765432,KC,30.0,33.0,63.0,team+name
2026,2,IND@KC,sleeper_202610216,sleeper,player_receptions,Tyler Warren,IND,TE1,Under,4.5,-112.0,0.6234999999999999,0.47025226082817717,0.15324773917182277,WEAK (book likely knows something),PASS,False,False,,"receiving_hier_v2, MODEL_UNVALIDATED (PROTOTYPE)",,,,,,553aeb009ecd2b42b21f3b46eadccc96e098560ee3af50be4bdbfeacc301ee13,props-v1.3,tag,decision,1,2026-09-20T21:19:17Z,2026-09-21T00:20:00+00:00,180.7,6.0,over,settled,0,-100.0,1.967,7,1,0.233333333333333,-0.0802469135802469,0.293827160493827,KC,30.0,33.0,63.0,team+name
2026,2,IND@KC,sleeper_202610216,sleeper,player_reception_yds,Kenneth Walker III,KC,RB1,Over,20.5,-130.0,0.6423,0.5025544959128065,0.13974550408719344,WEAK (book likely knows something),PASS,True,False,,"receiving_hier_v2, MODEL_UNVALIDATED (PROTOTYPE)",,,,,,553aeb009ecd2b42b21f3b46eadccc96e098560ee3af50be4bdbfeacc301ee13,props-v1.3,tag,decision,1,2026-09-20T21:19:17Z,2026-09-21T00:20:00+00:00,180.7,61.0,over,settled,1,76.92,28.104,10,24,0.232558139534884,0.049618320610687,0.383570033729807,IND,33.0,30.0,63.0,team+name
2026,2,IND@KC,sleeper_202610216,sleeper,player_reception_yds,Josh Downs,IND,WR2,Under,40.5,-125.0,0.6431,0.49403747870528103,0.14906252129471897,STRONG,PASS,False,False,,"receiving_hier_v2, MODEL_UNVALIDATED (PROTOTYPE)",,,,,,553aeb009ecd2b42b21f3b46eadccc96e098560ee3af50be4bdbfeacc301ee13,props-v1.3,tag,decision,1,2026-09-20T21:19:17Z,2026-09-21T00:20:00+00:00,180.7,72.0,over,settled,0,-100.0,36.597,9,0,0.3,0.450617283950617,0.765432098765432,KC,30.0,33.0,63.0,team+name
2026,2,IND@KC,sleeper_202610216,sleeper,player_receptions,Kenneth Walker III,KC,RB1,Over,3.5,115.0,0.51445,0.41260105938109837,0.1018489406189016,WEAK (book likely knows something),PASS,True,False,,"receiving_hier_v2, MODEL_UNVALIDATED (PROTOTYPE)",,,,,,553aeb009ecd2b42b21f3b46eadccc96e098560ee3af50be4bdbfeacc301ee13,props-v1.3,tag,decision,1,2026-09-20T21:19:17Z,2026-09-21T00:20:00+00:00,180.7,6.0,over,settled,1,115.0,2.24,10,24,0.232558139534884,0.049618320610687,0.383570033729807,IND,33.0,30.0,63.0,team+name
2026,2,IND@KC,sleeper_202610216,sleeper,player_reception_yds,Keenan Allen,IND,WR3,Over,28.5,-132.0,0.5952,0.505962521294719,0.08923747870528098,WEAK (book likely knows something),PASS,True,False,,"receiving_hier_v2, MODEL_UNVALIDATED (PROTOTYPE)",,,,,,553aeb009ecd2b42b21f3b46eadccc96e098560ee3af50be4bdbfeacc301ee13,props-v1.3,tag,decision,0,2026-09-20T12:09:37Z,2026-09-21T00:20:00+00:00,730.4,5.0,under,settled,0,-100.0,-34.856,5,0,0.166666666666667,0.191358024691358,0.383950617283951,KC,30.0,33.0,63.0,team+name
2026,2,IND@KC,sleeper_202610216,sleeper,player_rush_yds,Emmett Johnson,KC,RB2,Over,17.5,-125.0,0.58495,0.49403747870528114,0.09091252129471883,STRONG,PASS,False,False,,"rush_yds_v0, MODEL_UNVALIDATED (no backtest)",,,,,,553aeb009ecd2b42b21f3b46eadccc96e098560ee3af50be4bdbfeacc301ee13,props-v1.3,tag,decision,1,2026-09-20T21:19:17Z,2026-09-21T00:20:00+00:00,180.7,15.0,under,settled,0,-100.0,-9.868,2,2,0.0465116279069768,-0.0152671755725191,0.0590804189597018,IND,33.0,30.0,63.0,team+name
2026,2,IND@KC,sleeper_202610216,sleeper,player_receptions,Alec Pierce,IND,WR1,Over,2.5,-182.0,0.65215,0.573089499818336,0.079060500181664,STRONG,PASS,False,False,,"receiving_hier_v2, MODEL_UNVALIDATED (PROTOTYPE)",,,,,,553aeb009ecd2b42b21f3b46eadccc96e098560ee3af50be4bdbfeacc301ee13,props-v1.3,tag,decision,1,2026-09-20T21:19:17Z,2026-09-21T00:20:00+00:00,180.7,1.0,under,settled,0,-100.0,-2.421,1,0,0.0333333333333333,0.0617283950617284,0.0932098765432099,KC,30.0,33.0,63.0,team+name
2026,2,IND@KC,sleeper_202610216,sleeper,player_anytime_td,Jonathan Taylor,IND,RB1,Yes,,-169.0,0.6192685458197189,0.5592909335168256,0.059977612302893335,STRONG (note: history had this team at 3.0 TDs vs market 2.1; anchored to market),PASS,False,False,,"anytime_td_v0, MODEL_UNVALIDATED (no backtest)",,,,,,553aeb009ecd2b42b21f3b46eadccc96e098560ee3af50be4bdbfeacc301ee13,props-v1.3,tag,decision,1,2026-09-20T21:19:17Z,2026-09-21T00:20:00+00:00,180.7,1.0,yes,settled,1,59.17,,4,24,0.133333333333333,-0.0061728395061728,0.195679012345679,KC,30.0,33.0,63.0,team+name
2026,2,IND@KC,sleeper_202610216,sleeper,player_reception_yds,Tyler Warren,IND,TE1,Under,41.5,-125.0,0.5689500000000001,0.49403747870528103,0.07491252129471904,STRONG,PASS,False,False,,"receiving_hier_v2, MODEL_UNVALIDATED (PROTOTYPE)",,,,,,553aeb009ecd2b42b21f3b46eadccc96e098560ee3af50be4bdbfeacc301ee13,props-v1.3,tag,decision,0,2026-09-20T12:09:37Z,2026-09-21T00:20:00+00:00,730.4,21.0,under,settled,1,80.0,-20.766,7,1,0.233333333333333,-0.0802469135802469,0.293827160493827,KC,30.0,33.0,63.0,team+name
2026,2,IND@KC,sleeper_202610216,sleeper,player_receptions,Keenan Allen,IND,WR3,Over,3.5,-143.0,0.5872,0.5238541489180439,0.06334585108195612,WEAK (book likely knows something),PASS,True,False,,"receiving_hier_v2, MODEL_UNVALIDATED (PROTOTYPE)",,,,,,553aeb009ecd2b42b21f3b46eadccc96e098560ee3af50be4bdbfeacc301ee13,props-v1.3,tag,decision,1,2026-09-20T21:19:17Z,2026-09-21T00:20:00+00:00,180.7,1.0,under,settled,0,-100.0,-3.178,5,0,0.166666666666667,0.191358024691358,0.383950617283951,KC,30.0,33.0,63.0,team+name
2026,2,IND@KC,sleeper_202610216,sleeper,player_receptions,Xavier Worthy,KC,WR2,Under,3.5,-161.0,0.6012,0.5486854917234664,0.05251450827653359,STRONG,PASS,False,False,,"receiving_hier_v2, MODEL_UNVALIDATED (PROTOTYPE)",,,,,,553aeb009ecd2b42b21f3b46eadccc96e098560ee3af50be4bdbfeacc301ee13,props-v1.3,tag,decision,1,2026-09-20T21:19:17Z,2026-09-21T00:20:00+00:00,180.7,5.0,over,settled,0,-100.0,1.789,7,0,0.162790697674419,0.152671755725191,0.351056275519262,IND,33.0,30.0,63.0,team+name
2026,2,IND@KC,sleeper_202610216,sleeper,player_rush_yds,Kenneth Walker III,KC,RB1,Over,82.5,-130.0,0.5549,0.5025544959128065,0.052345504087193406,WEAK (book likely knows something),PASS,True,False,,"rush_yds_v0, MODEL_UNVALIDATED (no backtest)",,,,,,553aeb009ecd2b42b21f3b46eadccc96e098560ee3af50be4bdbfeacc301ee13,props-v1.3,tag,decision,0,2026-09-20T12:09:37Z,2026-09-21T00:20:00+00:00,730.4,117.0,over,settled,1,76.92,24.578,10,24,0.232558139534884,0.049618320610687,0.383570033729807,IND,33.0,30.0,63.0,team+name
2026,2,IND@KC,sleeper_202610216,sleeper,player_anytime_td,Rashee Rice,KC,WR1,Yes,,124.0,0.4376963065731023,0.3947302883896997,0.04296601818340262,WEAK (book likely knows something),PASS,False,False,,"anytime_td_v0, MODEL_UNVALIDATED (no backtest)",,,,,,553aeb009ecd2b42b21f3b46eadccc96e098560ee3af50be4bdbfeacc301ee13,props-v1.3,tag,decision,1,2026-09-20T21:19:17Z,2026-09-21T00:20:00+00:00,180.7,0.0,no,settled,0,-100.0,,6,0,0.13953488372093,0.17175572519084,0.329531333214983,IND,33.0,30.0,63.0,team+name
2026,2,IND@KC,sleeper_202610216,sleeper,player_reception_yds,Travis Kelce,KC,TE1,Over,42.5,-127.0,0.53255,0.4974455040871935,0.035104495912806455,MODERATE,PASS,False,False,,"receiving_hier_v2, MODEL_UNVALIDATED (PROTOTYPE)",,,,,,553aeb009ecd2b42b21f3b46eadccc96e098560ee3af50be4bdbfeacc301ee13,props-v1.3,tag,decision,0,2026-09-20T12:09:37Z,2026-09-21T00:20:00+00:00,730.4,101.0,over,settled,1,78.74,49.247,11,0,0.255813953488372,0.213740458015267,0.533339250843245,IND,33.0,30.0,63.0,team+name
2026,2,IND@KC,sleeper_202610216,sleeper,player_reception_yds,Rashee Rice,KC,WR1,Over,51.5,-127.0,0.53035,0.4974455040871935,0.032904495912806475,WEAK (book likely knows something),PASS,False,False,,"receiving_hier_v2, MODEL_UNVALIDATED (PROTOTYPE)",,,,,,553aeb009ecd2b42b21f3b46eadccc96e098560ee3af50be4bdbfeacc301ee13,props-v1.3,tag,decision,0,2026-09-20T12:09:37Z,2026-09-21T00:20:00+00:00,730.4,83.0,over,settled,1,78.74,22.0,6,0,0.13953488372093,0.17175572519084,0.329531333214983,IND,33.0,30.0,63.0,team+name
2026,2,IND@KC,sleeper_202610216,sleeper,player_receptions,Rashee Rice,KC,WR1,Under,4.5,-114.0,0.48775,0.47371099050203525,0.014039009497964772,,PASS,False,False,,"receiving_hier_v2, MODEL_UNVALIDATED (PROTOTYPE)",,,,,,553aeb009ecd2b42b21f3b46eadccc96e098560ee3af50be4bdbfeacc301ee13,props-v1.3,tag,decision,1,2026-09-20T21:19:17Z,2026-09-21T00:20:00+00:00,180.7,4.0,under,settled,1,87.72,-0.772,6,0,0.13953488372093,0.17175572519084,0.329531333214983,IND,33.0,30.0,63.0,team+name
2026,2,IND@KC,sleeper_202610216,sleeper,player_reception_yds,Emmett Johnson,KC,RB2,Under,7.5,-119.0,0.5145500000000001,0.4845376765281929,0.030012323471807156,MODERATE,PASS,False,False,,"receiving_hier_v2, MODEL_UNVALIDATED (PROTOTYPE)",,,,,,553aeb009ecd2b42b21f3b46eadccc96e098560ee3af50be4bdbfeacc301ee13,props-v1.3,tag,decision,1,2026-09-20T21:19:17Z,2026-09-21T00:20:00+00:00,180.7,20.0,over,settled,0,-100.0,8.779,2,2,0.0465116279069768,-0.0152671755725191,0.0590804189597018,IND,33.0,30.0,63.0,team+name
2026,2,IND@KC,sleeper_202610216,sleeper,player_receptions,Travis Kelce,KC,TE1,Over,3.5,-172.0,0.58635,0.5621096013909459,0.024240398609054137,,PASS,False,False,,"receiving_hier_v2, MODEL_UNVALIDATED (PROTOTYPE)",,,,,,553aeb009ecd2b42b21f3b46eadccc96e098560ee3af50be4bdbfeacc301ee13,props-v1.3,tag,decision,1,2026-09-20T21:19:17Z,2026-09-21T00:20:00+00:00,180.7,9.0,over,settled,1,58.14,4.847,11,0,0.255813953488372,0.213740458015267,0.533339250843245,IND,33.0,30.0,63.0,team+name
2026,2,IND@KC,sleeper_202610216,sleeper,player_reception_yds,Tyquan Thornton,KC,WR3,Under,15.5,-132.0,0.5258499999999999,0.5059625212947189,0.01988747870528107,,PASS,False,False,,"receiving_hier_v2, MODEL_UNVALIDATED (PROTOTYPE)",,,,,,553aeb009ecd2b42b21f3b46eadccc96e098560ee3af50be4bdbfeacc301ee13,props-v1.3,tag,decision,1,2026-09-20T21:19:17Z,2026-09-21T00:20:00+00:00,180.7,86.0,over,settled,0,-100.0,63.072,4,0,0.0930232558139535,0.324427480916031,0.366634120362152,IND,33.0,30.0,63.0,team+name
2026,2,IND@KC,sleeper_202610216,sleeper,player_receptions,Tyquan Thornton,KC,WR3,Over,1.5,124.0,0.40775,0.3947302883896997,0.0130197116103003,,PASS,False,False,,"receiving_hier_v2, MODEL_UNVALIDATED (PROTOTYPE)",,,,,,553aeb009ecd2b42b21f3b46eadccc96e098560ee3af50be4bdbfeacc301ee13,props-v1.3,tag,decision,1,2026-09-20T21:19:17Z,2026-09-21T00:20:00+00:00,180.7,4.0,over,settled,1,124.0,2.593,4,0,0.0930232558139535,0.324427480916031,0.366634120362152,IND,33.0,30.0,63.0,team+name
2026,2,IND@KC,sleeper_202610216,sleeper,player_reception_yds,Xavier Worthy,KC,WR2,Over,37.5,-132.0,0.5172,0.505962521294719,0.011237478705281023,,PASS,False,False,,"receiving_hier_v2, MODEL_UNVALIDATED (PROTOTYPE)",,,,,,553aeb009ecd2b42b21f3b46eadccc96e098560ee3af50be4bdbfeacc301ee13,props-v1.3,tag,decision,0,2026-09-20T12:09:37Z,2026-09-21T00:20:00+00:00,730.4,25.0,under,settled,0,-100.0,-21.409,7,0,0.162790697674419,0.152671755725191,0.351056275519262,IND,33.0,30.0,63.0,team+name
2026,2,IND@KC,sleeper_202610216,sleeper,player_receptions,Jonathan Taylor,IND,RB1,Under,2.5,-114.0,0.4867,0.47371099050203525,0.012989009497964776,,PASS,False,False,,"receiving_hier_v2, MODEL_UNVALIDATED (PROTOTYPE)",,,,,,553aeb009ecd2b42b21f3b46eadccc96e098560ee3af50be4bdbfeacc301ee13,props-v1.3,tag,decision,1,2026-09-20T21:19:17Z,2026-09-21T00:20:00+00:00,180.7,4.0,over,settled,0,-100.0,1.24,4,24,0.133333333333333,-0.0061728395061728,0.195679012345679,KC,30.0,33.0,63.0,team+name
2026,2,IND@KC,sleeper_202610216,sleeper,player_rush_yds,Jonathan Taylor,IND,RB1,Over,83.5,-127.0,0.50085,0.4991381093566848,0.0017118906433152281,,PASS,False,False,,"rush_yds_v0, MODEL_UNVALIDATED (no backtest)",,,,,,553aeb009ecd2b42b21f3b46eadccc96e098560ee3af50be4bdbfeacc301ee13,props-v1.3,tag,decision,0,2026-09-20T12:09:37Z,2026-09-21T00:20:00+00:00,730.4,92.0,over,settled,1,78.74,3.361,4,24,0.133333333333333,-0.0061728395061728,0.195679012345679,KC,30.0,33.0,63.0,team+name
2026,2,IND@KC,sleeper_202610216,sleeper,player_reception_yds,Alec Pierce,IND,WR1,Over,44.5,-127.0,0.49825,0.4974455040871935,0.0008044959128065132,,PASS,False,False,,"receiving_hier_v2, MODEL_UNVALIDATED (PROTOTYPE)",,,,,,553aeb009ecd2b42b21f3b46eadccc96e098560ee3af50be4bdbfeacc301ee13,props-v1.3,tag,decision,1,2026-09-20T21:19:17Z,2026-09-21T00:20:00+00:00,180.7,11.0,under,settled,0,-100.0,-41.128,1,0,0.0333333333333333,0.0617283950617284,0.0932098765432099,KC,30.0,33.0,63.0,team+name
2026,2,IND@KC,sleeper_202610216,sleeper,player_reception_yds,Jonathan Taylor,IND,RB1,Over,16.5,-127.0,0.49935,0.4974455040871935,0.001904495912806503,,PASS,False,False,,"receiving_hier_v2, MODEL_UNVALIDATED (PROTOTYPE)",,,,,,553aeb009ecd2b42b21f3b46eadccc96e098560ee3af50be4bdbfeacc301ee13,props-v1.3,tag,decision,1,2026-09-20T21:19:17Z,2026-09-21T00:20:00+00:00,180.7,40.0,over,settled,1,78.74,19.67,4,24,0.133333333333333,-0.0061728395061728,0.195679012345679,KC,30.0,33.0,63.0,team+name
2026,2,IND@KC,sleeper_202610216,sleeper,player_anytime_td,Kenneth Walker III,KC,RB1,Yes,,-233.0,0.6016002699907463,0.6188012271624159,-0.017200957171669584,,PASS,True,False,,"anytime_td_v0, MODEL_UNVALIDATED (no backtest)",,,,,,553aeb009ecd2b42b21f3b46eadccc96e098560ee3af50be4bdbfeacc301ee13,props-v1.3,tag,decision,1,2026-09-20T21:19:17Z,2026-09-21T00:20:00+00:00,180.7,0.0,no,settled,0,-100.0,,10,24,0.232558139534884,0.049618320610687,0.383570033729807,IND,33.0,30.0,63.0,team+name
2026,2,IND@KC,sleeper_202610216,sleeper,player_anytime_td,Tyler Warren,IND,TE1,Yes,,198.0,0.25481085725362096,0.29214219406978653,-0.03733133681616557,,PASS,False,False,,"anytime_td_v0, MODEL_UNVALIDATED (no backtest)",,,,,,553aeb009ecd2b42b21f3b46eadccc96e098560ee3af50be4bdbfeacc301ee13,props-v1.3,tag,decision,1,2026-09-20T21:19:17Z,2026-09-21T00:20:00+00:00,180.7,1.0,yes,settled,1,198.0,,7,1,0.233333333333333,-0.0802469135802469,0.293827160493827,KC,30.0,33.0,63.0,team+name
2026,2,IND@KC,sleeper_202610216,sleeper,player_anytime_td,Travis Kelce,KC,TE1,Yes,,156.0,0.24422451104592058,0.3419078969694913,-0.09768338592357073,,PASS,False,False,,"anytime_td_v0, MODEL_UNVALIDATED (no backtest)",,,,,,553aeb009ecd2b42b21f3b46eadccc96e098560ee3af50be4bdbfeacc301ee13,props-v1.3,tag,decision,1,2026-09-20T21:19:17Z,2026-09-21T00:20:00+00:00,180.7,1.0,yes,settled,1,156.0,,11,0,0.255813953488372,0.213740458015267,0.533339250843245,IND,33.0,30.0,63.0,team+name
2026,2,IND@KC,sleeper_202610216,sleeper,player_anytime_td,Josh Downs,IND,WR2,Yes,,253.0,0.12210646504997869,0.24571441385739595,-0.12360794880741727,,PASS,False,False,,"anytime_td_v0, MODEL_UNVALIDATED (no backtest)",,,,,,553aeb009ecd2b42b21f3b46eadccc96e098560ee3af50be4bdbfeacc301ee13,props-v1.3,tag,decision,1,2026-09-20T18:50:39Z,2026-09-21T00:20:00+00:00,329.4,0.0,no,settled,0,-100.0,,9,0,0.3,0.450617283950617,0.765432098765432,KC,30.0,33.0,63.0,team+name
2026,2,IND@KC,sleeper_202610216,sleeper,player_anytime_td,Xavier Worthy,KC,WR2,Yes,,191.0,0.17375164373287832,0.29876276387339856,-0.12501112014052024,,PASS,False,False,,"anytime_td_v0, MODEL_UNVALIDATED (no backtest)",,,,,,553aeb009ecd2b42b21f3b46eadccc96e098560ee3af50be4bdbfeacc301ee13,props-v1.3,tag,decision,1,2026-09-20T21:19:17Z,2026-09-21T00:20:00+00:00,180.7,1.0,yes,settled,1,191.0,,7,0,0.162790697674419,0.152671755725191,0.351056275519262,IND,33.0,30.0,63.0,team+name
2026,2,JAX@DEN,sleeper_202610210,sleeper,player_receptions,Bhayshul Tuten,JAX,RB1,Under,1.5,-143.0,0.76195,0.5238541489180439,0.23809585108195608,WEAK (book likely knows something),PASS,False,False,,"receiving_hier_v2, MODEL_UNVALIDATED (PROTOTYPE)",,,,,,553aeb009ecd2b42b21f3b46eadccc96e098560ee3af50be4bdbfeacc301ee13,props-v1.3,tag,decision,1,2026-09-20T18:50:30Z,2026-09-20T20:05:00+00:00,74.5,2.0,over,settled,0,-100.0,1.073,2,13,0.0714285714285714,-0.0264900662251656,0.0885998107852413,DEN,13.0,20.0,33.0,team+name
2026,2,JAX@DEN,sleeper_202610210,sleeper,player_reception_yds,Bhayshul Tuten,JAX,RB1,Under,8.5,-120.0,0.6918,0.4870466321243523,0.20475336787564768,WEAK (book likely knows something),PASS,False,False,,"receiving_hier_v2, MODEL_UNVALIDATED (PROTOTYPE)",,,,,,553aeb009ecd2b42b21f3b46eadccc96e098560ee3af50be4bdbfeacc301ee13,props-v1.3,tag,decision,1,2026-09-20T18:50:30Z,2026-09-20T20:05:00+00:00,74.5,-3.0,under,settled,1,83.33,-10.286,2,13,0.0714285714285714,-0.0264900662251656,0.0885998107852413,DEN,13.0,20.0,33.0,team+name
2026,2,JAX@DEN,sleeper_202610210,sleeper,player_rush_yds,Chris Rodriguez Jr.,JAX,RB2,Over,24.5,-130.0,0.6819,0.5025544959128065,0.1793455040871934,WEAK (book likely knows something),PASS,True,False,,"rush_yds_v0, MODEL_UNVALIDATED (no backtest)",,,,,,553aeb009ecd2b42b21f3b46eadccc96e098560ee3af50be4bdbfeacc301ee13,props-v1.3,tag,decision,1,2026-09-20T18:50:30Z,2026-09-20T20:05:00+00:00,74.5,13.0,under,settled,0,-100.0,-24.68,0,6,0.0,0.0,0.0,DEN,13.0,20.0,33.0,team+name
2026,2,JAX@DEN,sleeper_202610210,sleeper,player_rush_yds,Bhayshul Tuten,JAX,RB1,Under,48.5,-127.0,0.6689499999999999,0.4991381093566849,0.16981189064331503,WEAK (book likely knows something),PASS,False,False,,"rush_yds_v0, MODEL_UNVALIDATED (no backtest)",,,,,,553aeb009ecd2b42b21f3b46eadccc96e098560ee3af50be4bdbfeacc301ee13,props-v1.3,tag,decision,1,2026-09-20T18:50:30Z,2026-09-20T20:05:00+00:00,74.5,65.0,over,settled,0,-100.0,22.498,2,13,0.0714285714285714,-0.0264900662251656,0.0885998107852413,DEN,13.0,20.0,33.0,team+name
2026,2,JAX@DEN,sleeper_202610210,sleeper,player_receptions,Adam Trautman,DEN,PROXY,Over,0.5,-294.0,0.8165,0.6563873578455314,0.16011264215446863,WEAK (book likely knows something),PASS,False,False,,"receiving_hier_v2, MODEL_UNVALIDATED (PROTOTYPE)",,,,,,553aeb009ecd2b42b21f3b46eadccc96e098560ee3af50be4bdbfeacc301ee13,props-v1.3,tag,decision,0,2026-09-20T12:09:25Z,2026-09-20T20:05:00+00:00,475.6,,,unjoined,,,,,,,,,,,,,
2026,2,JAX@DEN,sleeper_202610210,sleeper,player_receptions,Parker Washington,JAX,WR2,Under,4.5,-123.0,0.63045,0.49142631777495804,0.1390236822250419,STRONG,PASS,False,False,,"receiving_hier_v2, MODEL_UNVALIDATED (PROTOTYPE)",,,,,,553aeb009ecd2b42b21f3b46eadccc96e098560ee3af50be4bdbfeacc301ee13,props-v1.3,tag,decision,1,2026-09-20T18:50:30Z,2026-09-20T20:05:00+00:00,74.5,7.0,over,settled,0,-100.0,3.011,12,0,0.428571428571429,0.586092715231788,1.05312204351939,DEN,13.0,20.0,33.0,team+name
2026,2,JAX@DEN,sleeper_202610210,sleeper,player_reception_yds,Parker Washington,JAX,WR2,Under,59.5,-128.0,0.62305,0.5,0.12304999999999999,STRONG,PASS,False,False,,"receiving_hier_v2, MODEL_UNVALIDATED (PROTOTYPE)",,,,,,553aeb009ecd2b42b21f3b46eadccc96e098560ee3af50be4bdbfeacc301ee13,props-v1.3,tag,decision,0,2026-09-20T12:09:25Z,2026-09-20T20:05:00+00:00,475.6,98.0,over,settled,0,-100.0,43.931,12,0,0.428571428571429,0.586092715231788,1.05312204351939,DEN,13.0,20.0,33.0,team+name
2026,2,JAX@DEN,sleeper_202610210,sleeper,player_receptions,Jaylen Waddle,DEN,WR1,Under,4.5,-159.0,0.6496999999999999,0.5463181297581351,0.10338187024186485,WEAK (book likely knows something),PASS,True,False,,"receiving_hier_v2, MODEL_UNVALIDATED (PROTOTYPE)",,,,,,553aeb009ecd2b42b21f3b46eadccc96e098560ee3af50be4bdbfeacc301ee13,props-v1.3,tag,decision,1,2026-09-20T18:50:30Z,2026-09-20T20:05:00+00:00,74.5,8.0,over,settled,0,-100.0,4.115,10,0,0.344827586206897,0.57089552238806,0.916868244981987,JAX,20.0,13.0,33.0,team+name
2026,2,JAX@DEN,sleeper_202610210,sleeper,player_receptions,Brian Thomas Jr.,JAX,WR1,Over,2.5,-137.0,0.61505,0.5154623234718071,0.09958767652819289,STRONG,PASS,False,False,,"receiving_hier_v2, MODEL_UNVALIDATED (PROTOTYPE)",,,,,,553aeb009ecd2b42b21f3b46eadccc96e098560ee3af50be4bdbfeacc301ee13,props-v1.3,tag,decision,1,2026-09-20T18:50:30Z,2026-09-20T20:05:00+00:00,74.5,3.0,over,settled,1,72.99,-0.234,8,0,0.285714285714286,0.271523178807947,0.618637653736991,DEN,13.0,20.0,33.0,team+name
2026,2,JAX@DEN,sleeper_202610210,sleeper,player_reception_yds,Evan Engram,DEN,TE1,Over,24.5,-132.0,0.59605,0.505962521294719,0.090087478705281,STRONG,PASS,False,False,,"receiving_hier_v2, MODEL_UNVALIDATED (PROTOTYPE)",,,,,,553aeb009ecd2b42b21f3b46eadccc96e098560ee3af50be4bdbfeacc301ee13,props-v1.3,tag,decision,1,2026-09-20T18:50:30Z,2026-09-20T20:05:00+00:00,74.5,17.0,under,settled,0,-100.0,-19.13,1,0,0.0344827586206897,0.0634328358208955,0.0961271230056613,JAX,20.0,13.0,33.0,team+name
2026,2,JAX@DEN,sleeper_202610210,sleeper,player_receptions,Evan Engram,DEN,TE1,Over,2.5,-185.0,0.65325,0.5768374164810691,0.07641258351893088,STRONG,PASS,False,False,,"receiving_hier_v2, MODEL_UNVALIDATED (PROTOTYPE)",,,,,,553aeb009ecd2b42b21f3b46eadccc96e098560ee3af50be4bdbfeacc301ee13,props-v1.3,tag,decision,1,2026-09-20T18:50:30Z,2026-09-20T20:05:00+00:00,74.5,1.0,under,settled,0,-100.0,-2.428,1,0,0.0344827586206897,0.0634328358208955,0.0961271230056613,JAX,20.0,13.0,33.0,team+name
2026,2,JAX@DEN,sleeper_202610210,sleeper,player_reception_yds,Adam Trautman,DEN,PROXY,Over,8.5,-132.0,0.5795,0.5077623680397433,0.07173763196025673,STRONG,PASS,False,False,,"receiving_hier_v2, MODEL_UNVALIDATED (PROTOTYPE)",,,,,,553aeb009ecd2b42b21f3b46eadccc96e098560ee3af50be4bdbfeacc301ee13,props-v1.3,tag,decision,1,2026-09-20T18:50:30Z,2026-09-20T20:05:00+00:00,74.5,,,unjoined,,,,,,,,,,,,,
2026,2,JAX@DEN,sleeper_202610210,sleeper,player_receptions,Pat Bryant,DEN,PROXY,Under,3.5,-189.0,0.65505,0.5798136058971488,0.07523639410285121,WEAK (book likely knows something),PASS,False,False,,"receiving_hier_v2, MODEL_UNVALIDATED (PROTOTYPE)",,,,,,553aeb009ecd2b42b21f3b46eadccc96e098560ee3af50be4bdbfeacc301ee13,props-v1.3,tag,decision,1,2026-09-20T18:50:30Z,2026-09-20T20:05:00+00:00,74.5,0.0,under,settled,1,52.91,-2.959,1,1,0.0344827586206897,0.0186567164179104,0.0647838394235718,JAX,20.0,13.0,33.0,team+name
2026,2,JAX@DEN,sleeper_202610210,sleeper,player_reception_yds,Courtland Sutton,DEN,WR2,Over,39.5,-130.0,0.5699,0.5043103448275861,0.06558965517241389,STRONG,PASS,False,False,,"receiving_hier_v2, MODEL_UNVALIDATED (PROTOTYPE)",,,,,,553aeb009ecd2b42b21f3b46eadccc96e098560ee3af50be4bdbfeacc301ee13,props-v1.3,tag,decision,1,2026-09-20T18:50:30Z,2026-09-20T20:05:00+00:00,74.5,25.0,under,settled,0,-100.0,-28.507,4,0,0.137931034482759,0.115671641791045,0.287866700977869,JAX,20.0,13.0,33.0,team+name
2026,2,JAX@DEN,sleeper_202610210,sleeper,player_reception_yds,Jaylen Waddle,DEN,WR1,Under,52.5,-127.0,0.5581,0.49744550408719346,0.06065449591280658,WEAK (book likely knows something),PASS,True,False,,"receiving_hier_v2, MODEL_UNVALIDATED (PROTOTYPE)",,,,,,553aeb009ecd2b42b21f3b46eadccc96e098560ee3af50be4bdbfeacc301ee13,props-v1.3,tag,decision,0,2026-09-20T12:09:25Z,2026-09-20T20:05:00+00:00,475.6,138.0,over,settled,0,-100.0,83.855,10,0,0.344827586206897,0.57089552238806,0.916868244981987,JAX,20.0,13.0,33.0,team+name
2026,2,JAX@DEN,sleeper_202610210,sleeper,player_reception_yds,Pat Bryant,DEN,PROXY,Under,31.5,-128.0,0.56185,0.5,0.06184999999999996,WEAK (book likely knows something),PASS,False,False,,"receiving_hier_v2, MODEL_UNVALIDATED (PROTOTYPE)",,,,,,553aeb009ecd2b42b21f3b46eadccc96e098560ee3af50be4bdbfeacc301ee13,props-v1.3,tag,decision,1,2026-09-20T18:50:30Z,2026-09-20T20:05:00+00:00,74.5,0.0,under,settled,1,78.12,-32.835,1,1,0.0344827586206897,0.0186567164179104,0.0647838394235718,JAX,20.0,13.0,33.0,team+name
2026,2,JAX@DEN,sleeper_202610210,sleeper,player_receptions,Courtland Sutton,DEN,WR2,Over,3.5,-114.0,0.52665,0.47371099050203525,0.052939009497964706,STRONG,PASS,False,False,,"receiving_hier_v2, MODEL_UNVALIDATED (PROTOTYPE)",,,,,,553aeb009ecd2b42b21f3b46eadccc96e098560ee3af50be4bdbfeacc301ee13,props-v1.3,tag,decision,1,2026-09-20T18:50:30Z,2026-09-20T20:05:00+00:00,74.5,3.0,under,settled,0,-100.0,-0.84,4,0,0.137931034482759,0.115671641791045,0.287866700977869,JAX,20.0,13.0,33.0,team+name
2026,2,JAX@DEN,sleeper_202610210,sleeper,player_reception_yds,Brian Thomas Jr.,JAX,WR1,Over,33.5,-127.0,0.5511,0.4974455040871935,0.05365449591280652,STRONG,PASS,False,False,,"receiving_hier_v2, MODEL_UNVALIDATED (PROTOTYPE)",,,,,,553aeb009ecd2b42b21f3b46eadccc96e098560ee3af50be4bdbfeacc301ee13,props-v1.3,tag,decision,1,2026-09-20T18:50:30Z,2026-09-20T20:05:00+00:00,74.5,40.0,over,settled,1,78.74,-4.848,8,0,0.285714285714286,0.271523178807947,0.618637653736991,DEN,13.0,20.0,33.0,team+name
2026,2,JAX@DEN,sleeper_202610210,sleeper,player_receptions,Brenton Strange,JAX,TE1,Under,3.5,-156.0,0.5702,0.542178431637198,0.028021568362802007,,PASS,False,False,,"receiving_hier_v2, MODEL_UNVALIDATED (PROTOTYPE)",,,,,,553aeb009ecd2b42b21f3b46eadccc96e098560ee3af50be4bdbfeacc301ee13,props-v1.3,tag,decision,1,2026-09-20T18:50:30Z,2026-09-20T20:05:00+00:00,74.5,2.0,under,settled,1,64.1,-1.361,2,0,0.0714285714285714,0.0562913907284768,0.146546830652791,DEN,13.0,20.0,33.0,team+name
2026,2,JAX@DEN,sleeper_202610210,sleeper,player_receptions,Jakobi Meyers,JAX,WR3,Under,3.5,-114.0,0.49785,0.47371099050203525,0.02413900949796477,,PASS,False,False,,"receiving_hier_v2, MODEL_UNVALIDATED (PROTOTYPE)",,,,,,553aeb009ecd2b42b21f3b46eadccc96e098560ee3af50be4bdbfeacc301ee13,props-v1.3,tag,decision,1,2026-09-20T18:50:30Z,2026-09-20T20:05:00+00:00,74.5,1.0,under,settled,1,87.72,-2.73,1,0,0.0357142857142857,0.0695364238410596,0.10224692526017,DEN,13.0,20.0,33.0,team+name
2026,2,JAX@DEN,sleeper_202610210,sleeper,player_rush_yds,J.K. Dobbins,DEN,RB1,Under,56.5,-127.0,0.51135,0.49744550408719346,0.013904495912806514,,PASS,False,False,,"rush_yds_v0, MODEL_UNVALIDATED (no backtest)",,,,,,553aeb009ecd2b42b21f3b46eadccc96e098560ee3af50be4bdbfeacc301ee13,props-v1.3,tag,decision,0,2026-09-20T12:09:25Z,2026-09-20T20:05:00+00:00,475.6,36.0,under,settled,1,78.74,-24.656,0,10,0.0,0.0,0.0,JAX,20.0,13.0,33.0,team+name
2026,2,JAX@DEN,sleeper_202610210,sleeper,player_reception_yds,Jakobi Meyers,JAX,WR3,Under,37.5,-130.0,0.5162,0.5025544959128065,0.01364550408719345,,PASS,False,False,,"receiving_hier_v2, MODEL_UNVALIDATED (PROTOTYPE)",,,,,,553aeb009ecd2b42b21f3b46eadccc96e098560ee3af50be4bdbfeacc301ee13,props-v1.3,tag,decision,1,2026-09-20T18:50:30Z,2026-09-20T20:05:00+00:00,74.5,28.0,under,settled,1,76.92,-14.068,1,0,0.0357142857142857,0.0695364238410596,0.10224692526017,DEN,13.0,20.0,33.0,team+name
2026,2,JAX@DEN,sleeper_202610210,sleeper,player_reception_yds,Brenton Strange,JAX,TE1,Over,30.5,-125.0,0.4976,0.49403747870528114,0.0035625212947188456,,PASS,False,False,,"receiving_hier_v2, MODEL_UNVALIDATED (PROTOTYPE)",,,,,,553aeb009ecd2b42b21f3b46eadccc96e098560ee3af50be4bdbfeacc301ee13,props-v1.3,tag,decision,1,2026-09-20T18:50:30Z,2026-09-20T20:05:00+00:00,74.5,17.0,under,settled,0,-100.0,-18.956,2,0,0.0714285714285714,0.0562913907284768,0.146546830652791,DEN,13.0,20.0,33.0,team+name
2026,2,JAX@DEN,sleeper_202610210,sleeper,player_anytime_td,J.K. Dobbins,DEN,RB1,Yes,,102.0,0.42086327065981965,0.44070906648317437,-0.019845795823354717,,PASS,False,False,,"anytime_td_v0, MODEL_UNVALIDATED (no backtest)",,,,,,553aeb009ecd2b42b21f3b46eadccc96e098560ee3af50be4bdbfeacc301ee13,props-v1.3,tag,decision,1,2026-09-20T18:50:30Z,2026-09-20T20:05:00+00:00,74.5,0.0,no,settled,0,-100.0,,0,10,0.0,0.0,0.0,JAX,20.0,13.0,33.0,team+name
2026,2,JAX@DEN,sleeper_202610210,sleeper,player_anytime_td,Courtland Sutton,DEN,WR2,Yes,,181.0,0.2717045159998749,0.311320129827118,-0.0396156138272431,,PASS,False,False,,"anytime_td_v0, MODEL_UNVALIDATED (no backtest)",,,,,,553aeb009ecd2b42b21f3b46eadccc96e098560ee3af50be4bdbfeacc301ee13,props-v1.3,tag,decision,1,2026-09-20T18:50:30Z,2026-09-20T20:05:00+00:00,74.5,0.0,no,settled,0,-100.0,,4,0,0.137931034482759,0.115671641791045,0.287866700977869,JAX,20.0,13.0,33.0,team+name
2026,2,JAX@DEN,sleeper_202610210,sleeper,player_anytime_td,Jakobi Meyers,JAX,WR3,Yes,,224.0,0.22358890966069733,0.26694446253011267,-0.04335555286941534,,PASS,False,False,,"anytime_td_v0, MODEL_UNVALIDATED (no backtest)",,,,,,553aeb009ecd2b42b21f3b46eadccc96e098560ee3af50be4bdbfeacc301ee13,props-v1.3,tag,decision,1,2026-09-20T18:50:30Z,2026-09-20T20:05:00+00:00,74.5,0.0,no,settled,0,-100.0,,1,0,0.0357142857142857,0.0695364238410596,0.10224692526017,DEN,13.0,20.0,33.0,team+name
2026,2,JAX@DEN,sleeper_202610210,sleeper,player_anytime_td,Jaylen Waddle,DEN,WR1,Yes,,161.0,0.25467310639649665,0.33596451170983105,-0.0812914053133344,,PASS,True,False,,"anytime_td_v0, MODEL_UNVALIDATED (no backtest)",,,,,,553aeb009ecd2b42b21f3b46eadccc96e098560ee3af50be4bdbfeacc301ee13,props-v1.3,tag,decision,1,2026-09-20T18:50:30Z,2026-09-20T20:05:00+00:00,74.5,0.0,no,settled,0,-100.0,,10,0,0.344827586206897,0.57089552238806,0.916868244981987,JAX,20.0,13.0,33.0,team+name
2026,2,JAX@DEN,sleeper_202610210,sleeper,player_anytime_td,Parker Washington,JAX,WR2,Yes,,164.0,0.2509775676182685,0.3315774621390274,-0.08059989452075889,,PASS,False,False,,"anytime_td_v0, MODEL_UNVALIDATED (no backtest)",,,,,,553aeb009ecd2b42b21f3b46eadccc96e098560ee3af50be4bdbfeacc301ee13,props-v1.3,tag,decision,1,2026-09-20T18:50:30Z,2026-09-20T20:05:00+00:00,74.5,0.0,no,settled,0,-100.0,,12,0,0.428571428571429,0.586092715231788,1.05312204351939,DEN,13.0,20.0,33.0,team+name
2026,2,JAX@DEN,sleeper_202610210,sleeper,player_anytime_td,Brenton Strange,JAX,TE1,Yes,,248.0,0.1685754482007915,0.24836796020931556,-0.07979251200852405,,PASS,False,False,,"anytime_td_v0, MODEL_UNVALIDATED (no backtest)",,,,,,553aeb009ecd2b42b21f3b46eadccc96e098560ee3af50be4bdbfeacc301ee13,props-v1.3,tag,decision,1,2026-09-20T18:50:30Z,2026-09-20T20:05:00+00:00,74.5,0.0,no,settled,0,-100.0,,2,0,0.0714285714285714,0.0562913907284768,0.146546830652791,DEN,13.0,20.0,33.0,team+name
2026,2,JAX@DEN,sleeper_202610210,sleeper,player_anytime_td,Bhayshul Tuten,JAX,RB1,Yes,,151.0,0.19036010691820737,0.3496820248944612,-0.15932191797625384,,PASS,False,False,,"anytime_td_v0, MODEL_UNVALIDATED (no backtest)",,,,,,553aeb009ecd2b42b21f3b46eadccc96e098560ee3af50be4bdbfeacc301ee13,props-v1.3,tag,decision,1,2026-09-20T18:50:30Z,2026-09-20T20:05:00+00:00,74.5,1.0,yes,settled,1,151.0,,2,13,0.0714285714285714,-0.0264900662251656,0.0885998107852413,DEN,13.0,20.0,33.0,team+name
2026,2,LV@LAC,sleeper_202610229,sleeper,player_receptions,Michael Mayer,LV,PROXY,Under,5.5,-164.0,0.8753,0.554054054054054,0.321245945945946,WEAK (book likely knows something),PASS,False,False,,"receiving_hier_v2, MODEL_UNVALIDATED (PROTOTYPE)",,,,,,553aeb009ecd2b42b21f3b46eadccc96e098560ee3af50be4bdbfeacc301ee13,props-v1.3,tag,decision,1,2026-09-20T18:50:32Z,2026-09-20T20:05:00+00:00,74.5,3.0,under,settled,1,60.98,-0.244,4,0,0.137931034482759,0.0636042402826855,0.251419519922018,LAC,26.0,14.0,40.0,team+name
2026,2,LV@LAC,sleeper_202610229,sleeper,player_reception_yds,Michael Mayer,LV,PROXY,Under,44.5,-130.0,0.7641,0.5025544959128065,0.26154550408719346,WEAK (book likely knows something),PASS,False,False,,"receiving_hier_v2, MODEL_UNVALIDATED (PROTOTYPE)",,,,,,553aeb009ecd2b42b21f3b46eadccc96e098560ee3af50be4bdbfeacc301ee13,props-v1.3,tag,decision,1,2026-09-20T18:50:32Z,2026-09-20T20:05:00+00:00,74.5,23.0,under,settled,1,76.92,-7.132,4,0,0.137931034482759,0.0636042402826855,0.251419519922018,LAC,26.0,14.0,40.0,team+name
2026,2,LV@LAC,sleeper_202610229,sleeper,player_receptions,Tre Harris,LAC,WR3,Under,2.5,113.0,0.60075,0.4165715590047935,0.18417844099520653,WEAK (book likely knows something),PASS,False,False,,"receiving_hier_v2, MODEL_UNVALIDATED (PROTOTYPE)",,,,,,553aeb009ecd2b42b21f3b46eadccc96e098560ee3af50be4bdbfeacc301ee13,props-v1.3,tag,decision,1,2026-09-20T18:50:32Z,2026-09-20T20:05:00+00:00,74.5,1.0,under,settled,1,113.0,-1.3,3,0,0.115384615384615,0.20817843866171,0.31880183014012,LV,14.0,26.0,40.0,team+name
2026,2,LV@LAC,sleeper_202610229,sleeper,player_reception_yds,Tre Harris,LAC,WR3,Under,32.5,-127.0,0.66855,0.49744550408719346,0.17110449591280652,WEAK (book likely knows something),PASS,False,False,,"receiving_hier_v2, MODEL_UNVALIDATED (PROTOTYPE)",,,,,,553aeb009ecd2b42b21f3b46eadccc96e098560ee3af50be4bdbfeacc301ee13,props-v1.3,tag,decision,0,2026-09-20T12:09:27Z,2026-09-20T20:05:00+00:00,475.6,53.0,over,settled,0,-100.0,25.865,3,0,0.115384615384615,0.20817843866171,0.31880183014012,LV,14.0,26.0,40.0,team+name
2026,2,LV@LAC,sleeper_202610229,sleeper,player_rush_yds,Keaton Mitchell,LAC,RB2,Over,22.5,-132.0,0.6632,0.505962521294719,0.15723747870528104,WEAK (book likely knows something),PASS,True,False,,"rush_yds_v0, MODEL_UNVALIDATED (no backtest)",,,,,,553aeb009ecd2b42b21f3b46eadccc96e098560ee3af50be4bdbfeacc301ee13,props-v1.3,tag,decision,1,2026-09-20T18:50:32Z,2026-09-20T20:05:00+00:00,74.5,24.0,over,settled,1,75.76,-10.288,1,5,0.0384615384615385,0.0111524163568773,0.0654989991421218,LV,14.0,26.0,40.0,team+name
2026,2,LV@LAC,sleeper_202610229,sleeper,player_receptions,David Njoku,LAC,PROXY,Under,2.5,-114.0,0.6023499999999999,0.47371099050203525,0.1286390094979647,WEAK (book likely knows something),PASS,True,False,,"receiving_hier_v2, MODEL_UNVALIDATED (PROTOTYPE)",,,,,,553aeb009ecd2b42b21f3b46eadccc96e098560ee3af50be4bdbfeacc301ee13,props-v1.3,tag,decision,1,2026-09-20T18:50:32Z,2026-09-20T20:05:00+00:00,74.5,1.0,under,settled,1,87.72,-1.282,3,0,0.115384615384615,0.0929368029739777,0.238132685158707,LV,14.0,26.0,40.0,team+name
2026,2,LV@LAC,sleeper_202610229,sleeper,player_rush_yds,Omarion Hampton,LAC,RB1,Under,63.5,-125.0,0.648,0.49403747870528103,0.153962521294719,WEAK (book likely knows something),PASS,False,False,,"rush_yds_v0, MODEL_UNVALIDATED (no backtest)",,,,,,553aeb009ecd2b42b21f3b46eadccc96e098560ee3af50be4bdbfeacc301ee13,props-v1.3,tag,decision,1,2026-09-20T18:50:32Z,2026-09-20T20:05:00+00:00,74.5,94.0,over,settled,0,-100.0,37.015,2,23,0.0769230769230769,-0.0297397769516729,0.0945667715184444,LV,14.0,26.0,40.0,team+name
2026,2,LV@LAC,sleeper_202610229,sleeper,player_receptions,Jalen Nailor,LV,WR2,Under,2.5,101.0,0.58335,0.4419326750891258,0.14141732491087422,WEAK (book likely knows something),PASS,True,False,,"receiving_hier_v2, MODEL_UNVALIDATED (PROTOTYPE)",,,,,,553aeb009ecd2b42b21f3b46eadccc96e098560ee3af50be4bdbfeacc301ee13,props-v1.3,tag,decision,1,2026-09-20T18:50:32Z,2026-09-20T20:05:00+00:00,74.5,1.0,under,settled,1,101.0,-1.363,3,0,0.103448275862069,0.0954063604240283,0.221956866089923,LAC,26.0,14.0,40.0,team+name
2026,2,LV@LAC,sleeper_202610229,sleeper,player_receptions,Quentin Johnston,LAC,WR2,Under,3.5,-102.0,0.5459499999999999,0.45012173677803324,0.09582826322196669,STRONG,PASS,False,False,,"receiving_hier_v2, MODEL_UNVALIDATED (PROTOTYPE)",,,,,,553aeb009ecd2b42b21f3b46eadccc96e098560ee3af50be4bdbfeacc301ee13,props-v1.3,tag,decision,1,2026-09-20T18:50:32Z,2026-09-20T20:05:00+00:00,74.5,1.0,under,settled,1,98.04,-2.479,5,1,0.192307692307692,0.237918215613383,0.455004289390907,LV,14.0,26.0,40.0,team+name
2026,2,LV@LAC,sleeper_202610229,sleeper,player_reception_yds,David Njoku,LAC,PROXY,Under,24.5,-130.0,0.62475,0.5025544959128065,0.12219550408719348,WEAK (book likely knows something),PASS,True,False,,"receiving_hier_v2, MODEL_UNVALIDATED (PROTOTYPE)",,,,,,553aeb009ecd2b42b21f3b46eadccc96e098560ee3af50be4bdbfeacc301ee13,props-v1.3,tag,decision,0,2026-09-20T12:09:27Z,2026-09-20T20:05:00+00:00,475.6,9.0,under,settled,1,76.92,-13.742,3,0,0.115384615384615,0.0929368029739777,0.238132685158707,LV,14.0,26.0,40.0,team+name
2026,2,LV@LAC,sleeper_202610229,sleeper,player_anytime_td,Ladd McConkey,LAC,WR1,Yes,,177.0,0.43456136691560043,0.3160683039511996,0.11849306296440082,STRONG (note: history had this team at 2.1 TDs vs market 2.6; anchored to market),PASS,False,False,,"anytime_td_v0, MODEL_UNVALIDATED (no backtest)",,,,,,553aeb009ecd2b42b21f3b46eadccc96e098560ee3af50be4bdbfeacc301ee13,props-v1.3,tag,decision,1,2026-09-20T18:50:32Z,2026-09-20T20:05:00+00:00,74.5,0.0,no,settled,0,-100.0,,3,0,0.115384615384615,0.12639405204461,0.26155275950815,LV,14.0,26.0,40.0,team+name
2026,2,LV@LAC,sleeper_202610229,sleeper,player_reception_yds,Jalen Nailor,LV,WR2,Under,32.5,-132.0,0.59945,0.5059625212947189,0.09348747870528118,WEAK (book likely knows something),PASS,True,False,,"receiving_hier_v2, MODEL_UNVALIDATED (PROTOTYPE)",,,,,,553aeb009ecd2b42b21f3b46eadccc96e098560ee3af50be4bdbfeacc301ee13,props-v1.3,tag,decision,1,2026-09-20T18:50:32Z,2026-09-20T20:05:00+00:00,74.5,9.0,under,settled,1,75.76,-23.106,3,0,0.103448275862069,0.0954063604240283,0.221956866089923,LAC,26.0,14.0,40.0,team+name
2026,2,LV@LAC,sleeper_202610229,sleeper,player_reception_yds,Ashton Jeanty,LV,RB1,Under,26.5,-132.0,0.58805,0.5059625212947189,0.0820874787052811,STRONG,PASS,False,False,,"receiving_hier_v2, MODEL_UNVALIDATED (PROTOTYPE)",,,,,,553aeb009ecd2b42b21f3b46eadccc96e098560ee3af50be4bdbfeacc301ee13,props-v1.3,tag,decision,1,2026-09-20T18:50:32Z,2026-09-20T20:05:00+00:00,74.5,15.0,under,settled,1,75.76,-10.908,7,21,0.241379310344828,0.0070671378091872,0.367015961983673,LAC,26.0,14.0,40.0,team+name
2026,2,LV@LAC,sleeper_202610229,sleeper,player_receptions,Ashton Jeanty,LV,RB1,Under,3.5,111.0,0.50195,0.4201863941028512,0.08176360589714882,STRONG,PASS,False,False,,"receiving_hier_v2, MODEL_UNVALIDATED (PROTOTYPE)",,,,,,553aeb009ecd2b42b21f3b46eadccc96e098560ee3af50be4bdbfeacc301ee13,props-v1.3,tag,decision,1,2026-09-20T18:50:32Z,2026-09-20T20:05:00+00:00,74.5,4.0,over,settled,0,-100.0,0.299,7,21,0.241379310344828,0.0070671378091872,0.367015961983673,LAC,26.0,14.0,40.0,team+name
2026,2,LV@LAC,sleeper_202610229,sleeper,player_reception_yds,Quentin Johnston,LAC,WR2,Under,50.5,-127.0,0.5737,0.49744550408719346,0.07625449591280653,STRONG,PASS,False,False,,"receiving_hier_v2, MODEL_UNVALIDATED (PROTOTYPE)",,,,,,553aeb009ecd2b42b21f3b46eadccc96e098560ee3af50be4bdbfeacc301ee13,props-v1.3,tag,decision,0,2026-09-20T12:09:27Z,2026-09-20T20:05:00+00:00,475.6,7.0,under,settled,1,78.74,-43.969,5,1,0.192307692307692,0.237918215613383,0.455004289390907,LV,14.0,26.0,40.0,team+name
2026,2,LV@LAC,sleeper_202610229,sleeper,player_rush_yds,Ashton Jeanty,LV,RB1,Under,63.5,-123.0,0.57355,0.4922376319602567,0.08131236803974329,STRONG,PASS,False,False,,"rush_yds_v0, MODEL_UNVALIDATED (no backtest)",,,,,,553aeb009ecd2b42b21f3b46eadccc96e098560ee3af50be4bdbfeacc301ee13,props-v1.3,tag,decision,1,2026-09-20T18:50:32Z,2026-09-20T20:05:00+00:00,74.5,48.0,under,settled,1,81.3,-14.871,7,21,0.241379310344828,0.0070671378091872,0.367015961983673,LAC,26.0,14.0,40.0,team+name
2026,2,LV@LAC,sleeper_202610229,sleeper,player_receptions,Omarion Hampton,LAC,RB1,Over,1.5,-172.0,0.63905,0.5621096013909459,0.0769403986090541,WEAK (book likely knows something),PASS,False,False,,"receiving_hier_v2, MODEL_UNVALIDATED (PROTOTYPE)",,,,,,553aeb009ecd2b42b21f3b46eadccc96e098560ee3af50be4bdbfeacc301ee13,props-v1.3,tag,decision,1,2026-09-20T18:50:32Z,2026-09-20T20:05:00+00:00,74.5,2.0,over,settled,1,58.14,-0.21,2,23,0.0769230769230769,-0.0297397769516729,0.0945667715184444,LV,14.0,26.0,40.0,team+name
2026,2,LV@LAC,sleeper_202610229,sleeper,player_anytime_td,Tre Tucker,LV,WR1,Yes,,251.0,0.31420441315210834,0.24676899912166966,0.06743541403043868,STRONG,PASS,False,False,,"anytime_td_v0, MODEL_UNVALIDATED (no backtest)",,,,,,553aeb009ecd2b42b21f3b46eadccc96e098560ee3af50be4bdbfeacc301ee13,props-v1.3,tag,decision,1,2026-09-20T18:50:32Z,2026-09-20T20:05:00+00:00,74.5,1.0,yes,settled,1,251.0,,7,0,0.241379310344828,0.505300353356891,0.715779212867065,LAC,26.0,14.0,40.0,team+name
2026,2,LV@LAC,sleeper_202610229,sleeper,player_receptions,Tre Tucker,LV,WR1,Under,3.5,-169.0,0.60905,0.5592909335168257,0.0497590664831743,MODERATE,PASS,False,False,,"receiving_hier_v2, MODEL_UNVALIDATED (PROTOTYPE)",,,,,,553aeb009ecd2b42b21f3b46eadccc96e098560ee3af50be4bdbfeacc301ee13,props-v1.3,tag,decision,1,2026-09-20T18:50:32Z,2026-09-20T20:05:00+00:00,74.5,5.0,over,settled,0,-100.0,1.806,7,0,0.241379310344828,0.505300353356891,0.715779212867065,LAC,26.0,14.0,40.0,team+name
2026,2,LV@LAC,sleeper_202610229,sleeper,player_reception_yds,Omarion Hampton,LAC,RB1,Over,10.5,-133.0,0.55085,0.5094906129210381,0.04135938707896181,WEAK (book likely knows something),PASS,False,False,,"receiving_hier_v2, MODEL_UNVALIDATED (PROTOTYPE)",,,,,,553aeb009ecd2b42b21f3b46eadccc96e098560ee3af50be4bdbfeacc301ee13,props-v1.3,tag,decision,0,2026-09-20T12:09:27Z,2026-09-20T20:05:00+00:00,475.6,21.0,over,settled,1,75.19,5.022,2,23,0.0769230769230769,-0.0297397769516729,0.0945667715184444,LV,14.0,26.0,40.0,team+name
2026,2,LV@LAC,sleeper_202610229,sleeper,player_reception_yds,Tre Tucker,LV,WR1,Under,36.5,-132.0,0.5307,0.5059625212947189,0.02473747870528109,,PASS,False,False,,"receiving_hier_v2, MODEL_UNVALIDATED (PROTOTYPE)",,,,,,553aeb009ecd2b42b21f3b46eadccc96e098560ee3af50be4bdbfeacc301ee13,props-v1.3,tag,decision,0,2026-09-20T12:09:27Z,2026-09-20T20:05:00+00:00,475.6,119.0,over,settled,0,-100.0,78.526,7,0,0.241379310344828,0.505300353356891,0.715779212867065,LAC,26.0,14.0,40.0,team+name
2026,2,LV@LAC,sleeper_202610229,sleeper,player_rush_yds,Mike Washington Jr.,LV,RB2,Over,17.5,-133.0,0.51665,0.508573682225042,0.008076317774958097,,PASS,False,False,,"rush_yds_v0, MODEL_UNVALIDATED (no backtest)",,,,,,553aeb009ecd2b42b21f3b46eadccc96e098560ee3af50be4bdbfeacc301ee13,props-v1.3,tag,decision,1,2026-09-20T18:50:32Z,2026-09-20T20:05:00+00:00,74.5,7.0,under,settled,0,-100.0,-14.937,1,3,0.0344827586206897,0.0353356890459364,0.07645912026319,LAC,26.0,14.0,40.0,team+name
2026,2,LV@LAC,sleeper_202610229,sleeper,player_anytime_td,David Njoku,LAC,PROXY,Yes,,247.0,0.16363400134044415,0.24890556191972066,-0.08527156057927651,,PASS,True,False,,"anytime_td_v0, MODEL_UNVALIDATED (no backtest)",,,,,,553aeb009ecd2b42b21f3b46eadccc96e098560ee3af50be4bdbfeacc301ee13,props-v1.3,tag,decision,1,2026-09-20T12:09:27Z,2026-09-20T20:05:00+00:00,475.6,0.0,no,settled,0,-100.0,,3,0,0.115384615384615,0.0929368029739777,0.238132685158707,LV,14.0,26.0,40.0,team+name
2026,2,LV@LAC,sleeper_202610229,sleeper,player_anytime_td,Michael Mayer,LV,PROXY,Yes,,209.0,0.19472156675003593,0.2814093920384593,-0.08668782528842339,,PASS,False,False,,"anytime_td_v0, MODEL_UNVALIDATED (no backtest)",,,,,,553aeb009ecd2b42b21f3b46eadccc96e098560ee3af50be4bdbfeacc301ee13,props-v1.3,tag,decision,1,2026-09-20T18:50:32Z,2026-09-20T20:05:00+00:00,74.5,0.0,no,settled,0,-100.0,,4,0,0.137931034482759,0.0636042402826855,0.251419519922018,LAC,26.0,14.0,40.0,team+name
2026,2,LV@LAC,sleeper_202610229,sleeper,player_anytime_td,Quentin Johnston,LAC,WR2,Yes,,140.0,0.2928825462502589,0.3668590272052762,-0.0739764809550173,,PASS,False,False,,"anytime_td_v0, MODEL_UNVALIDATED (no backtest)",,,,,,553aeb009ecd2b42b21f3b46eadccc96e098560ee3af50be4bdbfeacc301ee13,props-v1.3,tag,decision,1,2026-09-20T18:50:32Z,2026-09-20T20:05:00+00:00,74.5,0.0,no,settled,0,-100.0,,5,1,0.192307692307692,0.237918215613383,0.455004289390907,LV,14.0,26.0,40.0,team+name
2026,2,LV@LAC,sleeper_202610229,sleeper,player_anytime_td,Omarion Hampton,LAC,RB1,Yes,,-156.0,0.4147548894621971,0.5433231396534148,-0.12856825019121776,,PASS,False,False,,"anytime_td_v0, MODEL_UNVALIDATED (no backtest)",,,,,,553aeb009ecd2b42b21f3b46eadccc96e098560ee3af50be4bdbfeacc301ee13,props-v1.3,tag,decision,1,2026-09-20T18:50:32Z,2026-09-20T20:05:00+00:00,74.5,1.0,yes,settled,1,64.1,,2,23,0.0769230769230769,-0.0297397769516729,0.0945667715184444,LV,14.0,26.0,40.0,team+name
2026,2,LV@LAC,sleeper_202610229,sleeper,player_anytime_td,Tre Harris,LAC,WR3,Yes,,234.0,0.1301912858024713,0.25943467374581436,-0.12924338794334306,,PASS,False,False,,"anytime_td_v0, MODEL_UNVALIDATED (no backtest)",,,,,,553aeb009ecd2b42b21f3b46eadccc96e098560ee3af50be4bdbfeacc301ee13,props-v1.3,tag,decision,1,2026-09-20T18:50:32Z,2026-09-20T20:05:00+00:00,74.5,0.0,no,settled,0,-100.0,,3,0,0.115384615384615,0.20817843866171,0.31880183014012,LV,14.0,26.0,40.0,team+name
2026,2,LV@LAC,sleeper_202610229,sleeper,player_anytime_td,Ashton Jeanty,LV,RB1,Yes,,-125.0,0.29858881063907583,0.49403747870528114,-0.1954486680662053,,PASS,False,False,,"anytime_td_v0, MODEL_UNVALIDATED (no backtest)",,,,,,553aeb009ecd2b42b21f3b46eadccc96e098560ee3af50be4bdbfeacc301ee13,props-v1.3,tag,decision,1,2026-09-20T18:50:32Z,2026-09-20T20:05:00+00:00,74.5,0.0,no,settled,0,-100.0,,7,21,0.241379310344828,0.0070671378091872,0.367015961983673,LAC,26.0,14.0,40.0,team+name
2026,2,MIA@SF,sleeper_202610231,sleeper,player_rush_yds,Deebo Samuel Sr.,SF,WR2,Under,6.5,-133.0,0.8291,0.508573682225042,0.320526317774958,WEAK (book likely knows something),PASS,True,False,,"rush_yds_v0, MODEL_UNVALIDATED (no backtest)",,,,,,553aeb009ecd2b42b21f3b46eadccc96e098560ee3af50be4bdbfeacc301ee13,props-v1.3,tag,decision,1,2026-09-20T18:50:34Z,2026-09-20T20:25:00+00:00,94.4,4.0,under,settled,1,75.19,0.893,4,1,0.19047619047619,0.105555555555556,0.359603174603175,MIA,35.0,13.0,48.0,team+name
2026,2,MIA@SF,sleeper_202610231,sleeper,player_reception_yds,Demarcus Robinson,SF,WR3,Under,25.5,-127.0,0.6960500000000001,0.49744550408719346,0.1986044959128066,WEAK (book likely knows something),PASS,False,False,,"receiving_hier_v2, MODEL_UNVALIDATED (PROTOTYPE)",,,,,,553aeb009ecd2b42b21f3b46eadccc96e098560ee3af50be4bdbfeacc301ee13,props-v1.3,tag,decision,1,2026-09-20T18:50:34Z,2026-09-20T20:25:00+00:00,94.4,34.0,over,settled,0,-100.0,14.231,3,0,0.142857142857143,0.15,0.319285714285714,MIA,35.0,13.0,48.0,team+name
2026,2,MIA@SF,sleeper_202610231,sleeper,player_receptions,Mike Evans,SF,WR1,Over,3.5,-169.0,0.69475,0.5592909335168256,0.1354590664831744,WEAK (book likely knows something),PASS,True,False,,"receiving_hier_v2, MODEL_UNVALIDATED (PROTOTYPE)",,,,,,553aeb009ecd2b42b21f3b46eadccc96e098560ee3af50be4bdbfeacc301ee13,props-v1.3,tag,decision,1,2026-09-20T18:50:34Z,2026-09-20T20:25:00+00:00,94.4,3.0,under,settled,0,-100.0,-1.845,3,0,0.142857142857143,0.222222222222222,0.36984126984127,MIA,35.0,13.0,48.0,team+name
2026,2,MIA@SF,sleeper_202610231,sleeper,player_reception_yds,Chris Bell,MIA,WR3,Under,19.5,-127.0,0.6417999999999999,0.49744550408719346,0.14435449591280647,STRONG,PASS,False,False,,"receiving_hier_v2, MODEL_UNVALIDATED (PROTOTYPE)",,,,,,553aeb009ecd2b42b21f3b46eadccc96e098560ee3af50be4bdbfeacc301ee13,props-v1.3,tag,decision,1,2026-09-20T18:50:34Z,2026-09-20T20:25:00+00:00,94.4,0.0,under,settled,1,78.74,-18.067,1,0,0.0434782608695652,0.0710059171597633,0.114921533316182,SF,13.0,35.0,48.0,team+name
2026,2,MIA@SF,sleeper_202610231,sleeper,player_receptions,George Kittle,SF,TE1,Over,3.5,-143.0,0.65285,0.5228519195612431,0.12999808043875694,STRONG,PASS,False,False,,"receiving_hier_v2, MODEL_UNVALIDATED (PROTOTYPE)",,,,,,553aeb009ecd2b42b21f3b46eadccc96e098560ee3af50be4bdbfeacc301ee13,props-v1.3,tag,decision,1,2026-09-20T18:50:34Z,2026-09-20T20:25:00+00:00,94.4,4.0,over,settled,1,69.93,-0.549,4,0,0.19047619047619,0.277777777777778,0.48015873015873,MIA,35.0,13.0,48.0,team+name
2026,2,MIA@SF,sleeper_202610231,sleeper,player_anytime_td,Deebo Samuel Sr.,SF,WR2,Yes,,173.0,0.4168950673455324,0.3208710386847893,0.09602402866074311,WEAK (book likely knows something),PASS,True,False,,"anytime_td_v0, MODEL_UNVALIDATED (no backtest)",,,,,,553aeb009ecd2b42b21f3b46eadccc96e098560ee3af50be4bdbfeacc301ee13,props-v1.3,tag,decision,1,2026-09-20T18:50:34Z,2026-09-20T20:25:00+00:00,94.4,0.0,no,settled,0,-100.0,,4,1,0.19047619047619,0.105555555555556,0.359603174603175,MIA,35.0,13.0,48.0,team+name
2026,2,MIA@SF,sleeper_202610231,sleeper,player_receptions,Christian McCaffrey,SF,RB1,Over,4.5,-149.0,0.64505,0.5332310838445807,0.11181891615541928,STRONG,PASS,False,False,,"receiving_hier_v2, MODEL_UNVALIDATED (PROTOTYPE)",,,,,,553aeb009ecd2b42b21f3b46eadccc96e098560ee3af50be4bdbfeacc301ee13,props-v1.3,tag,decision,1,2026-09-20T18:50:34Z,2026-09-20T20:25:00+00:00,94.4,4.0,under,settled,0,-100.0,-1.611,4,10,0.19047619047619,0.0611111111111111,0.328492063492064,MIA,35.0,13.0,48.0,team+name
2026,2,MIA@SF,sleeper_202610231,sleeper,player_rush_yds,Christian McCaffrey,SF,RB1,Under,61.5,-125.0,0.59535,0.49403747870528103,0.10131252129471902,STRONG,PASS,False,False,,"rush_yds_v0, MODEL_UNVALIDATED (no backtest)",,,,,,553aeb009ecd2b42b21f3b46eadccc96e098560ee3af50be4bdbfeacc301ee13,props-v1.3,tag,decision,0,2026-09-20T12:09:29Z,2026-09-20T20:25:00+00:00,495.5,23.0,under,settled,1,80.0,-36.498,4,10,0.19047619047619,0.0611111111111111,0.328492063492064,MIA,35.0,13.0,48.0,team+name
2026,2,MIA@SF,sleeper_202610231,sleeper,player_receptions,Chris Bell,MIA,WR3,Under,1.5,-109.0,0.55265,0.4637045040178269,0.08894549598217305,STRONG,PASS,False,False,,"receiving_hier_v2, MODEL_UNVALIDATED (PROTOTYPE)",,,,,,553aeb009ecd2b42b21f3b46eadccc96e098560ee3af50be4bdbfeacc301ee13,props-v1.3,tag,decision,1,2026-09-20T18:50:34Z,2026-09-20T20:25:00+00:00,94.4,0.0,under,settled,1,91.74,-1.518,1,0,0.0434782608695652,0.0710059171597633,0.114921533316182,SF,13.0,35.0,48.0,team+name
2026,2,MIA@SF,sleeper_202610231,sleeper,player_receptions,Malik Washington,MIA,WR1,Under,3.5,-143.0,0.61275,0.5238541489180439,0.08889585108195608,WEAK (book likely knows something),PASS,False,False,,"receiving_hier_v2, MODEL_UNVALIDATED (PROTOTYPE)",,,,,,553aeb009ecd2b42b21f3b46eadccc96e098560ee3af50be4bdbfeacc301ee13,props-v1.3,tag,decision,1,2026-09-20T18:50:34Z,2026-09-20T20:25:00+00:00,94.4,4.0,over,settled,0,-100.0,0.825,5,1,0.217391304347826,0.159763313609467,0.437921276048366,SF,13.0,35.0,48.0,team+name
2026,2,MIA@SF,sleeper_202610231,sleeper,player_reception_yds,Deebo Samuel Sr.,SF,WR2,Under,35.5,-132.0,0.5866,0.5059625212947189,0.08063747870528115,WEAK (book likely knows something),PASS,True,False,,"receiving_hier_v2, MODEL_UNVALIDATED (PROTOTYPE)",,,,,,553aeb009ecd2b42b21f3b46eadccc96e098560ee3af50be4bdbfeacc301ee13,props-v1.3,tag,decision,1,2026-09-20T18:50:34Z,2026-09-20T20:25:00+00:00,94.4,31.0,under,settled,1,75.76,-4.038,4,1,0.19047619047619,0.105555555555556,0.359603174603175,MIA,35.0,13.0,48.0,team+name
2026,2,MIA@SF,sleeper_202610231,sleeper,player_receptions,De'Von Achane,MIA,RB1,Under,4.5,-189.0,0.6569,0.5798136058971488,0.07708639410285123,STRONG,PASS,False,False,,"receiving_hier_v2, MODEL_UNVALIDATED (PROTOTYPE)",,,,,,553aeb009ecd2b42b21f3b46eadccc96e098560ee3af50be4bdbfeacc301ee13,props-v1.3,tag,decision,1,2026-09-20T18:50:34Z,2026-09-20T20:25:00+00:00,94.4,3.0,under,settled,1,52.91,-0.823,6,20,0.260869565217391,0.142011834319527,0.490712631849756,SF,13.0,35.0,48.0,team+name
2026,2,MIA@SF,sleeper_202610231,sleeper,player_rush_yds,Kaelon Black,SF,RB2,Under,37.5,-125.0,0.56785,0.49403747870528103,0.07381252129471894,STRONG,PASS,False,False,,"rush_yds_v0, MODEL_UNVALIDATED (no backtest)",,,,,,553aeb009ecd2b42b21f3b46eadccc96e098560ee3af50be4bdbfeacc301ee13,props-v1.3,tag,decision,0,2026-09-20T12:09:29Z,2026-09-20T20:25:00+00:00,495.5,25.0,under,settled,1,80.0,-13.14,0,7,0.0,0.0,0.0,MIA,35.0,13.0,48.0,team+name
2026,2,MIA@SF,sleeper_202610231,sleeper,player_reception_yds,Caleb Douglas,MIA,WR2,Under,39.5,-130.0,0.57265,0.5025544959128065,0.07009550408719345,STRONG,PASS,False,False,,"receiving_hier_v2, MODEL_UNVALIDATED (PROTOTYPE)",,,,,,553aeb009ecd2b42b21f3b46eadccc96e098560ee3af50be4bdbfeacc301ee13,props-v1.3,tag,decision,1,2026-09-20T18:50:34Z,2026-09-20T20:25:00+00:00,94.4,19.0,under,settled,1,76.92,-21.211,3,0,0.130434782608696,0.100591715976331,0.266066375096475,SF,13.0,35.0,48.0,team+name
2026,2,MIA@SF,sleeper_202610231,sleeper,player_reception_yds,De'Von Achane,MIA,RB1,Under,27.5,-125.0,0.5649,0.49403747870528103,0.07086252129471893,STRONG,PASS,False,False,,"receiving_hier_v2, MODEL_UNVALIDATED (PROTOTYPE)",,,,,,553aeb009ecd2b42b21f3b46eadccc96e098560ee3af50be4bdbfeacc301ee13,props-v1.3,tag,decision,1,2026-09-20T18:50:34Z,2026-09-20T20:25:00+00:00,94.4,19.0,under,settled,1,80.0,-8.871,6,20,0.260869565217391,0.142011834319527,0.490712631849756,SF,13.0,35.0,48.0,team+name
2026,2,MIA@SF,sleeper_202610231,sleeper,player_receptions,Greg Dulcich,MIA,TE1,Over,2.5,-104.0,0.5006,0.4536818702418649,0.04691812975813514,MODERATE,PASS,False,False,,"receiving_hier_v2, MODEL_UNVALIDATED (PROTOTYPE)",,,,,,553aeb009ecd2b42b21f3b46eadccc96e098560ee3af50be4bdbfeacc301ee13,props-v1.3,tag,decision,1,2026-09-20T18:50:34Z,2026-09-20T20:25:00+00:00,94.4,2.0,under,settled,0,-100.0,-0.699,3,0,0.130434782608696,0.0591715976331361,0.237072292256239,SF,13.0,35.0,48.0,team+name
2026,2,MIA@SF,sleeper_202610231,sleeper,player_reception_yds,Malik Washington,MIA,WR1,Under,33.5,-125.0,0.5595,0.49403747870528103,0.06546252129471897,WEAK (book likely knows something),PASS,False,False,,"receiving_hier_v2, MODEL_UNVALIDATED (PROTOTYPE)",,,,,,553aeb009ecd2b42b21f3b46eadccc96e098560ee3af50be4bdbfeacc301ee13,props-v1.3,tag,decision,1,2026-09-20T18:50:34Z,2026-09-20T20:25:00+00:00,94.4,43.0,over,settled,0,-100.0,7.871,5,1,0.217391304347826,0.159763313609467,0.437921276048366,SF,13.0,35.0,48.0,team+name
2026,2,MIA@SF,sleeper_202610231,sleeper,player_receptions,Demarcus Robinson,SF,WR3,Under,1.5,110.0,0.4898,0.4231625835189309,0.06663741648106913,STRONG,PASS,False,False,,"receiving_hier_v2, MODEL_UNVALIDATED (PROTOTYPE)",,,,,,553aeb009ecd2b42b21f3b46eadccc96e098560ee3af50be4bdbfeacc301ee13,props-v1.3,tag,decision,1,2026-09-20T18:50:34Z,2026-09-20T20:25:00+00:00,94.4,3.0,over,settled,0,-100.0,1.291,3,0,0.142857142857143,0.15,0.319285714285714,MIA,35.0,13.0,48.0,team+name
2026,2,MIA@SF,sleeper_202610231,sleeper,player_receptions,Deebo Samuel Sr.,SF,WR2,Under,3.5,-156.0,0.5762499999999999,0.542178431637198,0.034071568362801896,WEAK (book likely knows something),PASS,True,False,,"receiving_hier_v2, MODEL_UNVALIDATED (PROTOTYPE)",,,,,,553aeb009ecd2b42b21f3b46eadccc96e098560ee3af50be4bdbfeacc301ee13,props-v1.3,tag,decision,1,2026-09-20T18:50:34Z,2026-09-20T20:25:00+00:00,94.4,3.0,under,settled,1,64.1,-0.345,4,1,0.19047619047619,0.105555555555556,0.359603174603175,MIA,35.0,13.0,48.0,team+name
2026,2,MIA@SF,sleeper_202610231,sleeper,player_anytime_td,Mike Evans,SF,WR1,Yes,,118.0,0.4178761208428221,0.4060262848594936,0.011849835983328505,,PASS,True,False,,"anytime_td_v0, MODEL_UNVALIDATED (no backtest)",,,,,,553aeb009ecd2b42b21f3b46eadccc96e098560ee3af50be4bdbfeacc301ee13,props-v1.3,tag,decision,1,2026-09-20T18:50:34Z,2026-09-20T20:25:00+00:00,94.4,0.0,no,settled,0,-100.0,,3,0,0.142857142857143,0.222222222222222,0.36984126984127,MIA,35.0,13.0,48.0,team+name
2026,2,MIA@SF,sleeper_202610231,sleeper,player_reception_yds,Mike Evans,SF,WR1,Over,49.5,-130.0,0.51585,0.5025544959128065,0.013295504087193488,,PASS,True,False,,"receiving_hier_v2, MODEL_UNVALIDATED (PROTOTYPE)",,,,,,553aeb009ecd2b42b21f3b46eadccc96e098560ee3af50be4bdbfeacc301ee13,props-v1.3,tag,decision,0,2026-09-20T12:09:29Z,2026-09-20T20:25:00+00:00,495.5,54.0,over,settled,1,76.92,-2.804,3,0,0.142857142857143,0.222222222222222,0.36984126984127,MIA,35.0,13.0,48.0,team+name
2026,2,MIA@SF,sleeper_202610231,sleeper,player_receptions,Caleb Douglas,MIA,WR2,Over,2.5,-192.0,0.59545,0.5834284409952065,0.012021559004793514,,PASS,False,False,,"receiving_hier_v2, MODEL_UNVALIDATED (PROTOTYPE)",,,,,,553aeb009ecd2b42b21f3b46eadccc96e098560ee3af50be4bdbfeacc301ee13,props-v1.3,tag,decision,1,2026-09-20T18:50:34Z,2026-09-20T20:25:00+00:00,94.4,2.0,under,settled,0,-100.0,-1.13,3,0,0.130434782608696,0.100591715976331,0.266066375096475,SF,13.0,35.0,48.0,team+name
2026,2,MIA@SF,sleeper_202610231,sleeper,player_reception_yds,George Kittle,SF,TE1,Under,40.5,-127.0,0.50705,0.49744550408719346,0.009604495912806543,,PASS,False,False,,"receiving_hier_v2, MODEL_UNVALIDATED (PROTOTYPE)",,,,,,553aeb009ecd2b42b21f3b46eadccc96e098560ee3af50be4bdbfeacc301ee13,props-v1.3,tag,decision,0,2026-09-20T12:09:29Z,2026-09-20T20:25:00+00:00,495.5,80.0,over,settled,0,-100.0,34.66,4,0,0.19047619047619,0.277777777777778,0.48015873015873,MIA,35.0,13.0,48.0,team+name
2026,2,MIA@SF,sleeper_202610231,sleeper,player_anytime_td,George Kittle,SF,TE1,Yes,,159.0,0.34462363915039773,0.3392912769307189,0.00533236221967881,,PASS,False,False,,"anytime_td_v0, MODEL_UNVALIDATED (no backtest)",,,,,,553aeb009ecd2b42b21f3b46eadccc96e098560ee3af50be4bdbfeacc301ee13,props-v1.3,tag,decision,1,2026-09-20T18:50:34Z,2026-09-20T20:25:00+00:00,94.4,1.0,yes,settled,1,159.0,,4,0,0.19047619047619,0.277777777777778,0.48015873015873,MIA,35.0,13.0,48.0,team+name
2026,2,MIA@SF,sleeper_202610231,sleeper,player_rush_yds,De'Von Achane,MIA,RB1,Under,59.5,-128.0,0.5074000000000001,0.5,0.007400000000000073,,PASS,False,False,,"rush_yds_v0, MODEL_UNVALIDATED (no backtest)",,,,,,553aeb009ecd2b42b21f3b46eadccc96e098560ee3af50be4bdbfeacc301ee13,props-v1.3,tag,decision,1,2026-09-20T18:50:34Z,2026-09-20T20:25:00+00:00,94.4,74.0,over,settled,0,-100.0,10.341,6,20,0.260869565217391,0.142011834319527,0.490712631849756,SF,13.0,35.0,48.0,team+name
2026,2,MIA@SF,sleeper_202610231,sleeper,player_reception_yds,Christian McCaffrey,SF,RB1,Under,39.5,-127.0,0.50065,0.49744550408719346,0.003204495912806582,,PASS,False,False,,"receiving_hier_v2, MODEL_UNVALIDATED (PROTOTYPE)",,,,,,553aeb009ecd2b42b21f3b46eadccc96e098560ee3af50be4bdbfeacc301ee13,props-v1.3,tag,decision,1,2026-09-20T18:50:34Z,2026-09-20T20:25:00+00:00,94.4,43.0,over,settled,0,-100.0,-0.404,4,10,0.19047619047619,0.0611111111111111,0.328492063492064,MIA,35.0,13.0,48.0,team+name
2026,2,MIA@SF,sleeper_202610231,sleeper,player_reception_yds,Greg Dulcich,MIA,TE1,Under,22.5,-127.0,0.5049,0.49744550408719346,0.007454495912806558,,PASS,False,False,,"receiving_hier_v2, MODEL_UNVALIDATED (PROTOTYPE)",,,,,,553aeb009ecd2b42b21f3b46eadccc96e098560ee3af50be4bdbfeacc301ee13,props-v1.3,tag,decision,1,2026-09-20T18:50:34Z,2026-09-20T20:25:00+00:00,94.4,17.0,under,settled,1,78.74,-11.073,3,0,0.130434782608696,0.0591715976331361,0.237072292256239,SF,13.0,35.0,48.0,team+name
2026,2,MIA@SF,sleeper_202610231,sleeper,player_anytime_td,De'Von Achane,MIA,RB1,Yes,,123.0,0.3741902607952212,0.39721316260358636,-0.023022901808365137,,PASS,False,False,,"anytime_td_v0, MODEL_UNVALIDATED (no backtest)",,,,,,553aeb009ecd2b42b21f3b46eadccc96e098560ee3af50be4bdbfeacc301ee13,props-v1.3,tag,decision,1,2026-09-20T18:50:34Z,2026-09-20T20:25:00+00:00,94.4,0.0,no,settled,0,-100.0,,6,20,0.260869565217391,0.142011834319527,0.490712631849756,SF,13.0,35.0,48.0,team+name
2026,2,MIA@SF,sleeper_202610231,sleeper,player_anytime_td,Demarcus Robinson,SF,WR3,Yes,,247.0,0.21556684200624787,0.24890556191972066,-0.033338719913472786,,PASS,False,False,,"anytime_td_v0, MODEL_UNVALIDATED (no backtest)",,,,,,553aeb009ecd2b42b21f3b46eadccc96e098560ee3af50be4bdbfeacc301ee13,props-v1.3,tag,decision,1,2026-09-20T18:50:34Z,2026-09-20T20:25:00+00:00,94.4,0.0,no,settled,0,-100.0,,3,0,0.142857142857143,0.15,0.319285714285714,MIA,35.0,13.0,48.0,team+name
2026,2,MIA@SF,sleeper_202610231,sleeper,player_anytime_td,Christian McCaffrey,SF,RB1,Yes,,-286.0,0.6017118035255604,0.6494096276112625,-0.04769782408570211,,PASS,False,False,,"anytime_td_v0, MODEL_UNVALIDATED (no backtest)",,,,,,553aeb009ecd2b42b21f3b46eadccc96e098560ee3af50be4bdbfeacc301ee13,props-v1.3,tag,decision,1,2026-09-20T12:09:29Z,2026-09-20T20:25:00+00:00,495.5,1.0,yes,settled,1,34.97,,4,10,0.19047619047619,0.0611111111111111,0.328492063492064,MIA,35.0,13.0,48.0,team+name
2026,2,MIA@SF,sleeper_202610231,sleeper,player_anytime_td,Kaelon Black,SF,RB2,Yes,,221.0,0.20937401885615403,0.27047345817166857,-0.06109943931551454,,PASS,False,False,,"anytime_td_v0, MODEL_UNVALIDATED (no backtest)",,,,,,553aeb009ecd2b42b21f3b46eadccc96e098560ee3af50be4bdbfeacc301ee13,props-v1.3,tag,decision,1,2026-09-20T18:50:34Z,2026-09-20T20:25:00+00:00,94.4,0.0,no,settled,0,-100.0,,0,7,0.0,0.0,0.0,MIA,35.0,13.0,48.0,team+name
2026,2,MIA@SF,sleeper_202610231,sleeper,player_anytime_td,Malik Willis,MIA,QB1,Yes,,245.0,0.13630180116618962,0.25162689804772237,-0.11532509688153275,,PASS,True,False,,"anytime_td_v0, MODEL_UNVALIDATED (no backtest)",,,,,,553aeb009ecd2b42b21f3b46eadccc96e098560ee3af50be4bdbfeacc301ee13,props-v1.3,tag,decision,1,2026-09-20T18:50:34Z,2026-09-20T20:25:00+00:00,94.4,0.0,no,settled,0,-100.0,,0,2,0.0,0.0,0.0,SF,13.0,35.0,48.0,team+name
2026,2,MIA@SF,sleeper_202610231,sleeper,player_anytime_td,Brock Purdy,SF,QB1,Yes,,247.0,0.06569655524612983,0.24890556191972066,-0.18320900667359083,,PASS,False,False,,"anytime_td_v0, MODEL_UNVALIDATED (no backtest)",,,,,,553aeb009ecd2b42b21f3b46eadccc96e098560ee3af50be4bdbfeacc301ee13,props-v1.3,tag,decision,1,2026-09-20T18:50:34Z,2026-09-20T20:25:00+00:00,94.4,1.0,yes,settled,1,247.0,,0,3,0.0,0.0,0.0,MIA,35.0,13.0,48.0,team+name
2026,2,MIN@CHI,sleeper_202610206,sleeper,player_receptions,Colston Loveland,CHI,TE1,Under,4.5,-125.0,0.8424,0.4956896551724139,0.3467103448275861,WEAK (book likely knows something),PASS,False,False,,"receiving_hier_v2, MODEL_UNVALIDATED (PROTOTYPE)",,,,,,553aeb009ecd2b42b21f3b46eadccc96e098560ee3af50be4bdbfeacc301ee13,props-v1.3,tag,decision,1,2026-09-20T12:09:15Z,2026-09-20T17:00:00+00:00,290.8,1.0,under,settled,1,80.0,-1.769,3,0,0.1,0.0687830687830688,0.198148148148148,MIN,3.0,9.0,12.0,team+name
2026,2,MIN@CHI,sleeper_202610206,sleeper,player_receptions,Kalif Raymond,CHI,WR3,Over,2.5,111.0,0.75365,0.42018639410285114,0.3334636058971489,WEAK (book likely knows something),PASS,True,False,,"receiving_hier_v2, MODEL_UNVALIDATED (PROTOTYPE)",,,,,,553aeb009ecd2b42b21f3b46eadccc96e098560ee3af50be4bdbfeacc301ee13,props-v1.3,tag,decision,1,2026-09-20T12:09:15Z,2026-09-20T17:00:00+00:00,290.8,5.0,over,settled,1,111.0,0.948,5,0,0.166666666666667,0.037037037037037,0.275925925925926,MIN,3.0,9.0,12.0,team+name
2026,2,MIN@CHI,sleeper_202610206,sleeper,player_reception_yds,Colston Loveland,CHI,TE1,Under,54.5,-130.0,0.7746,0.5025544959128065,0.2720455040871934,WEAK (book likely knows something),PASS,False,False,,"receiving_hier_v2, MODEL_UNVALIDATED (PROTOTYPE)",,,,,,553aeb009ecd2b42b21f3b46eadccc96e098560ee3af50be4bdbfeacc301ee13,props-v1.3,tag,decision,1,2026-09-20T12:09:15Z,2026-09-20T17:00:00+00:00,290.8,3.0,under,settled,1,76.92,-32.731,3,0,0.1,0.0687830687830688,0.198148148148148,MIN,3.0,9.0,12.0,team+name
2026,2,MIN@CHI,sleeper_202610206,sleeper,player_rush_yds,Aaron Jones,MIN,RB1,Under,60.5,-128.0,0.7424999999999999,0.5,0.24249999999999994,WEAK (book likely knows something),PASS,False,False,,"rush_yds_v0, MODEL_UNVALIDATED (no backtest)",,,,,,553aeb009ecd2b42b21f3b46eadccc96e098560ee3af50be4bdbfeacc301ee13,props-v1.3,tag,decision,1,2026-09-20T12:09:15Z,2026-09-20T17:00:00+00:00,290.8,105.0,over,settled,0,-100.0,57.749,0,23,0.0,0.0,0.0,CHI,9.0,3.0,12.0,team+name
2026,2,MIN@CHI,sleeper_202610206,sleeper,player_reception_yds,Kalif Raymond,CHI,WR3,Over,23.5,-130.0,0.7365,0.5025544959128065,0.2339455040871935,WEAK (book likely knows something),PASS,True,False,,"receiving_hier_v2, MODEL_UNVALIDATED (PROTOTYPE)",,,,,,553aeb009ecd2b42b21f3b46eadccc96e098560ee3af50be4bdbfeacc301ee13,props-v1.3,tag,decision,1,2026-09-20T12:09:15Z,2026-09-20T17:00:00+00:00,290.8,40.0,over,settled,1,76.92,-8.059,5,0,0.166666666666667,0.037037037037037,0.275925925925926,MIN,3.0,9.0,12.0,team+name
2026,2,MIN@CHI,sleeper_202610206,sleeper,player_receptions,Jordan Addison,MIN,WR2,Under,3.5,-161.0,0.7803,0.5498782632219668,0.23042173677803324,WEAK (book likely knows something),PASS,False,False,,"receiving_hier_v2, MODEL_UNVALIDATED (PROTOTYPE)",,,,,,553aeb009ecd2b42b21f3b46eadccc96e098560ee3af50be4bdbfeacc301ee13,props-v1.3,tag,decision,1,2026-09-20T12:09:15Z,2026-09-20T17:00:00+00:00,290.8,2.0,under,settled,1,62.11,-0.356,5,0,0.263157894736842,0.273885350318471,0.586456587328193,CHI,9.0,3.0,12.0,team+name
2026,2,MIN@CHI,sleeper_202610206,sleeper,player_receptions,Luther Burden III,CHI,WR2,Under,4.5,-161.0,0.7781,0.5486854917234664,0.22941450827653365,WEAK (book likely knows something),PASS,False,False,,"receiving_hier_v2, MODEL_UNVALIDATED (PROTOTYPE)",,,,,,553aeb009ecd2b42b21f3b46eadccc96e098560ee3af50be4bdbfeacc301ee13,props-v1.3,tag,decision,1,2026-09-20T12:09:15Z,2026-09-20T17:00:00+00:00,290.8,3.0,under,settled,1,62.11,-0.186,7,0,0.233333333333333,0.46031746031746,0.672222222222222,MIN,3.0,9.0,12.0,team+name
2026,2,MIN@CHI,sleeper_202610206,sleeper,player_reception_yds,Luther Burden III,CHI,WR2,Under,51.5,-127.0,0.6771,0.49744550408719346,0.17965449591280658,WEAK (book likely knows something),PASS,False,False,,"receiving_hier_v2, MODEL_UNVALIDATED (PROTOTYPE)",,,,,,553aeb009ecd2b42b21f3b46eadccc96e098560ee3af50be4bdbfeacc301ee13,props-v1.3,tag,decision,1,2026-09-20T12:09:15Z,2026-09-20T17:00:00+00:00,290.8,32.0,under,settled,1,78.74,-10.115,7,0,0.233333333333333,0.46031746031746,0.672222222222222,MIN,3.0,9.0,12.0,team+name
2026,2,MIN@CHI,sleeper_202610206,sleeper,player_receptions,Aaron Jones,MIN,RB1,Under,2.5,-116.0,0.6555500000000001,0.4771480804387569,0.17840191956124318,WEAK (book likely knows something),PASS,False,False,,"receiving_hier_v2, MODEL_UNVALIDATED (PROTOTYPE)",,,,,,553aeb009ecd2b42b21f3b46eadccc96e098560ee3af50be4bdbfeacc301ee13,props-v1.3,tag,decision,1,2026-09-20T12:09:15Z,2026-09-20T17:00:00+00:00,290.8,0.0,under,settled,1,86.21,-2.079,0,23,0.0,0.0,0.0,CHI,9.0,3.0,12.0,team+name
2026,2,MIN@CHI,sleeper_202610206,sleeper,player_receptions,Justin Jefferson,MIN,WR1,Under,6.5,-137.0,0.67655,0.5145100716968249,0.16203992830317504,WEAK (book likely knows something),PASS,False,False,,"receiving_hier_v2, MODEL_UNVALIDATED (PROTOTYPE)",,,,,,553aeb009ecd2b42b21f3b46eadccc96e098560ee3af50be4bdbfeacc301ee13,props-v1.3,tag,decision,1,2026-09-20T12:09:15Z,2026-09-20T17:00:00+00:00,290.8,3.0,under,settled,1,72.99,-2.505,6,0,0.315789473684211,0.579617834394905,0.879416694602749,CHI,9.0,3.0,12.0,team+name
2026,2,MIN@CHI,sleeper_202610206,sleeper,player_reception_yds,Justin Jefferson,MIN,WR1,Under,81.5,-130.0,0.6352,0.5025544959128065,0.13264550408719344,WEAK (book likely knows something),PASS,False,False,,"receiving_hier_v2, MODEL_UNVALIDATED (PROTOTYPE)",,,,,,553aeb009ecd2b42b21f3b46eadccc96e098560ee3af50be4bdbfeacc301ee13,props-v1.3,tag,decision,1,2026-09-20T12:09:15Z,2026-09-20T17:00:00+00:00,290.8,55.0,under,settled,1,76.92,-17.565,6,0,0.315789473684211,0.579617834394905,0.879416694602749,CHI,9.0,3.0,12.0,team+name
2026,2,MIN@CHI,sleeper_202610206,sleeper,player_reception_yds,Jordan Addison,MIN,WR2,Under,40.5,-130.0,0.6299,0.5025544959128065,0.12734550408719347,WEAK (book likely knows something),PASS,False,False,,"receiving_hier_v2, MODEL_UNVALIDATED (PROTOTYPE)",,,,,,553aeb009ecd2b42b21f3b46eadccc96e098560ee3af50be4bdbfeacc301ee13,props-v1.3,tag,decision,1,2026-09-20T12:09:15Z,2026-09-20T17:00:00+00:00,290.8,21.0,under,settled,1,76.92,-15.856,5,0,0.263157894736842,0.273885350318471,0.586456587328193,CHI,9.0,3.0,12.0,team+name
2026,2,MIN@CHI,sleeper_202610206,sleeper,player_reception_yds,Kyle Monangai,CHI,RB2,Under,10.5,-132.0,0.6186,0.5059625212947189,0.11263747870528118,STRONG,PASS,False,False,,"receiving_hier_v2, MODEL_UNVALIDATED (PROTOTYPE)",,,,,,553aeb009ecd2b42b21f3b46eadccc96e098560ee3af50be4bdbfeacc301ee13,props-v1.3,tag,decision,1,2026-09-20T12:09:15Z,2026-09-20T17:00:00+00:00,290.8,11.0,over,settled,0,-100.0,0.128,2,10,0.0666666666666667,0.0052910052910052,0.103703703703704,MIN,3.0,9.0,12.0,team+name
2026,2,MIN@CHI,sleeper_202610206,sleeper,player_anytime_td,Caleb Williams,CHI,QB1,Yes,,244.0,0.3397619634196015,0.25217391304347825,0.08758805037612327,STRONG (note: history had this team at 3.8 TDs vs market 2.7; anchored to market),PASS,False,False,,"anytime_td_v0, MODEL_UNVALIDATED (no backtest)",,,,,,553aeb009ecd2b42b21f3b46eadccc96e098560ee3af50be4bdbfeacc301ee13,props-v1.3,tag,decision,1,2026-09-20T12:09:15Z,2026-09-20T17:00:00+00:00,290.8,0.0,no,settled,0,-100.0,,0,5,0.0,0.0,0.0,MIN,3.0,9.0,12.0,team+name
2026,2,MIN@CHI,sleeper_202610206,sleeper,player_receptions,Rome Odunze,CHI,WR1,Over,2.5,-143.0,0.6098,0.5238541489180439,0.08594585108195607,WEAK (book likely knows something),PASS,False,False,,"receiving_hier_v2, MODEL_UNVALIDATED (PROTOTYPE)",,,,,,553aeb009ecd2b42b21f3b46eadccc96e098560ee3af50be4bdbfeacc301ee13,props-v1.3,tag,decision,1,2026-09-20T12:09:15Z,2026-09-20T17:00:00+00:00,290.8,3.0,over,settled,1,69.93,-0.191,4,0,0.133333333333333,0.248677248677249,0.374074074074074,MIN,3.0,9.0,12.0,team+name
2026,2,MIN@CHI,sleeper_202610206,sleeper,player_rush_yds,D'Andre Swift,CHI,RB1,Over,61.5,-130.0,0.58355,0.5025544959128065,0.08099550408719347,STRONG,PASS,False,False,,"rush_yds_v0, MODEL_UNVALIDATED (no backtest)",,,,,,553aeb009ecd2b42b21f3b46eadccc96e098560ee3af50be4bdbfeacc301ee13,props-v1.3,tag,decision,1,2026-09-20T12:09:15Z,2026-09-20T17:00:00+00:00,290.8,45.0,under,settled,0,-100.0,-27.824,5,16,0.166666666666667,-0.0793650793650794,0.194444444444444,MIN,3.0,9.0,12.0,team+name
2026,2,MIN@CHI,sleeper_202610206,sleeper,player_receptions,T.J. Hockenson,MIN,TE1,Under,3.5,-122.0,0.5653,0.4889154160982264,0.0763845839017736,STRONG,PASS,False,False,,"receiving_hier_v2, MODEL_UNVALIDATED (PROTOTYPE)",,,,,,553aeb009ecd2b42b21f3b46eadccc96e098560ee3af50be4bdbfeacc301ee13,props-v1.3,tag,decision,1,2026-09-20T12:09:15Z,2026-09-20T17:00:00+00:00,290.8,3.0,under,settled,1,81.97,-0.393,4,0,0.210526315789474,0.203821656050955,0.458464632919879,CHI,9.0,3.0,12.0,team+name
2026,2,MIN@CHI,sleeper_202610206,sleeper,player_reception_yds,Aaron Jones,MIN,RB1,Under,15.5,-123.0,0.5501499999999999,0.49142631777495804,0.05872368222504187,STRONG,PASS,False,False,,"receiving_hier_v2, MODEL_UNVALIDATED (PROTOTYPE)",,,,,,553aeb009ecd2b42b21f3b46eadccc96e098560ee3af50be4bdbfeacc301ee13,props-v1.3,tag,decision,1,2026-09-20T12:09:15Z,2026-09-20T17:00:00+00:00,290.8,0.0,under,settled,1,81.3,-17.709,0,23,0.0,0.0,0.0,CHI,9.0,3.0,12.0,team+name
2026,2,MIN@CHI,sleeper_202610206,sleeper,player_reception_yds,Josh Oliver,MIN,PROXY,Under,13.5,-123.0,0.5465,0.49142631777495804,0.05507368222504194,WEAK (book likely knows something),PASS,False,False,,"receiving_hier_v2, MODEL_UNVALIDATED (PROTOTYPE)",,,,,,553aeb009ecd2b42b21f3b46eadccc96e098560ee3af50be4bdbfeacc301ee13,props-v1.3,tag,decision,1,2026-09-20T12:09:15Z,2026-09-20T17:00:00+00:00,290.8,24.0,over,settled,0,-100.0,6.837,1,0,0.0526315789473684,0.0318471337579618,0.101240362051626,CHI,9.0,3.0,12.0,team+name
2026,2,MIN@CHI,sleeper_202610206,sleeper,player_rush_yds,Kyle Monangai,CHI,RB2,Over,37.5,-130.0,0.5528,0.5025544959128065,0.050245504087193416,STRONG,PASS,False,False,,"rush_yds_v0, MODEL_UNVALIDATED (no backtest)",,,,,,553aeb009ecd2b42b21f3b46eadccc96e098560ee3af50be4bdbfeacc301ee13,props-v1.3,tag,decision,1,2026-09-20T12:09:15Z,2026-09-20T17:00:00+00:00,290.8,47.0,over,settled,1,76.92,1.834,2,10,0.0666666666666667,0.0052910052910052,0.103703703703704,MIN,3.0,9.0,12.0,team+name
2026,2,MIN@CHI,sleeper_202610206,sleeper,player_receptions,Cole Kmet,CHI,PROXY,Over,1.5,-123.0,0.54115,0.491426317774958,0.04972368222504203,MODERATE,PASS,False,False,,"receiving_hier_v2, MODEL_UNVALIDATED (PROTOTYPE)",,,,,,553aeb009ecd2b42b21f3b46eadccc96e098560ee3af50be4bdbfeacc301ee13,props-v1.3,tag,decision,1,2026-09-20T12:09:15Z,2026-09-20T17:00:00+00:00,290.8,0.0,under,settled,0,-100.0,-1.829,1,0,0.0333333333333333,0.0476190476190476,0.0833333333333333,MIN,3.0,9.0,12.0,team+name
2026,2,MIN@CHI,sleeper_202610206,sleeper,player_receptions,Kyle Monangai,CHI,RB2,Under,1.5,-200.0,0.6355,0.5901639344262295,0.04533606557377046,MODERATE,PASS,False,False,,"receiving_hier_v2, MODEL_UNVALIDATED (PROTOTYPE)",,,,,,553aeb009ecd2b42b21f3b46eadccc96e098560ee3af50be4bdbfeacc301ee13,props-v1.3,tag,decision,1,2026-09-20T12:09:15Z,2026-09-20T17:00:00+00:00,290.8,2.0,over,settled,0,-100.0,0.718,2,10,0.0666666666666667,0.0052910052910052,0.103703703703704,MIN,3.0,9.0,12.0,team+name
2026,2,MIN@CHI,sleeper_202610206,sleeper,player_reception_yds,Rome Odunze,CHI,WR1,Over,40.5,-125.0,0.53435,0.49403747870528114,0.04031252129471885,WEAK (book likely knows something),PASS,False,False,,"receiving_hier_v2, MODEL_UNVALIDATED (PROTOTYPE)",,,,,,553aeb009ecd2b42b21f3b46eadccc96e098560ee3af50be4bdbfeacc301ee13,props-v1.3,tag,decision,1,2026-09-20T12:09:15Z,2026-09-20T17:00:00+00:00,290.8,43.0,over,settled,1,80.0,-9.329,4,0,0.133333333333333,0.248677248677249,0.374074074074074,MIN,3.0,9.0,12.0,team+name
2026,2,MIN@CHI,sleeper_202610206,sleeper,player_reception_yds,Cole Kmet,CHI,PROXY,Over,13.5,-130.0,0.54225,0.5025544959128065,0.03969550408719347,MODERATE,PASS,False,False,,"receiving_hier_v2, MODEL_UNVALIDATED (PROTOTYPE)",,,,,,553aeb009ecd2b42b21f3b46eadccc96e098560ee3af50be4bdbfeacc301ee13,props-v1.3,tag,decision,1,2026-09-20T12:09:15Z,2026-09-20T17:00:00+00:00,290.8,0.0,under,settled,0,-100.0,-22.336,1,0,0.0333333333333333,0.0476190476190476,0.0833333333333333,MIN,3.0,9.0,12.0,team+name
2026,2,MIN@CHI,sleeper_202610206,sleeper,player_receptions,Josh Oliver,MIN,PROXY,Under,1.5,-135.0,0.5448,0.5129533678756477,0.03184663212435224,WEAK (book likely knows something),PASS,False,False,,"receiving_hier_v2, MODEL_UNVALIDATED (PROTOTYPE)",,,,,,553aeb009ecd2b42b21f3b46eadccc96e098560ee3af50be4bdbfeacc301ee13,props-v1.3,tag,decision,1,2026-09-20T12:09:15Z,2026-09-20T17:00:00+00:00,290.8,1.0,under,settled,1,74.07,-0.558,1,0,0.0526315789473684,0.0318471337579618,0.101240362051626,CHI,9.0,3.0,12.0,team+name
2026,2,MIN@CHI,sleeper_202610206,sleeper,player_anytime_td,Justin Jefferson,MIN,WR1,Yes,,131.0,0.413352656836557,0.3822182431734444,0.031134413663112592,WEAK (book likely knows something),PASS,False,False,,"anytime_td_v0, MODEL_UNVALIDATED (no backtest)",,,,,,553aeb009ecd2b42b21f3b46eadccc96e098560ee3af50be4bdbfeacc301ee13,props-v1.3,tag,decision,1,2026-09-20T12:09:15Z,2026-09-20T17:00:00+00:00,290.8,0.0,no,settled,0,-100.0,,6,0,0.315789473684211,0.579617834394905,0.879416694602749,CHI,9.0,3.0,12.0,team+name
2026,2,MIN@CHI,sleeper_202610206,sleeper,player_receptions,D'Andre Swift,CHI,RB1,Under,1.5,-108.0,0.48105,0.4613211354769273,0.019728864523072653,,PASS,False,False,,"receiving_hier_v2, MODEL_UNVALIDATED (PROTOTYPE)",,,,,,553aeb009ecd2b42b21f3b46eadccc96e098560ee3af50be4bdbfeacc301ee13,props-v1.3,tag,decision,1,2026-09-20T12:09:15Z,2026-09-20T17:00:00+00:00,290.8,5.0,over,settled,0,-100.0,3.24,5,16,0.166666666666667,-0.0793650793650794,0.194444444444444,MIN,3.0,9.0,12.0,team+name
2026,2,MIN@CHI,sleeper_202610206,sleeper,player_anytime_td,Kyle Monangai,CHI,RB2,Yes,,177.0,0.3324996158102762,0.3160683039511996,0.01643131185907659,,PASS,False,False,,"anytime_td_v0, MODEL_UNVALIDATED (no backtest)",,,,,,553aeb009ecd2b42b21f3b46eadccc96e098560ee3af50be4bdbfeacc301ee13,props-v1.3,tag,decision,1,2026-09-20T12:09:15Z,2026-09-20T17:00:00+00:00,290.8,0.0,no,settled,0,-100.0,,2,10,0.0666666666666667,0.0052910052910052,0.103703703703704,MIN,3.0,9.0,12.0,team+name
2026,2,MIN@CHI,sleeper_202610206,sleeper,player_reception_yds,D'Andre Swift,CHI,RB1,Under,11.5,-133.0,0.5184,0.508573682225042,0.009826317774958016,,PASS,False,False,,"receiving_hier_v2, MODEL_UNVALIDATED (PROTOTYPE)",,,,,,553aeb009ecd2b42b21f3b46eadccc96e098560ee3af50be4bdbfeacc301ee13,props-v1.3,tag,decision,1,2026-09-20T12:09:15Z,2026-09-20T17:00:00+00:00,290.8,54.0,over,settled,0,-100.0,38.313,5,16,0.166666666666667,-0.0793650793650794,0.194444444444444,MIN,3.0,9.0,12.0,team+name
2026,2,MIN@CHI,sleeper_202610206,sleeper,player_reception_yds,T.J. Hockenson,MIN,TE1,Under,30.5,-130.0,0.5139,0.5043103448275863,0.009589655172413725,,PASS,False,False,,"receiving_hier_v2, MODEL_UNVALIDATED (PROTOTYPE)",,,,,,553aeb009ecd2b42b21f3b46eadccc96e098560ee3af50be4bdbfeacc301ee13,props-v1.3,tag,decision,1,2026-09-20T12:09:15Z,2026-09-20T17:00:00+00:00,290.8,29.0,under,settled,1,76.92,-5.881,4,0,0.210526315789474,0.203821656050955,0.458464632919879,CHI,9.0,3.0,12.0,team+name
2026,2,MIN@CHI,sleeper_202610206,sleeper,player_anytime_td,D'Andre Swift,CHI,RB1,Yes,,-156.0,0.5489377331961371,0.5433231396534148,0.005614593542722313,,PASS,False,False,,"anytime_td_v0, MODEL_UNVALIDATED (no backtest)",,,,,,553aeb009ecd2b42b21f3b46eadccc96e098560ee3af50be4bdbfeacc301ee13,props-v1.3,tag,decision,1,2026-09-20T12:09:15Z,2026-09-20T17:00:00+00:00,290.8,0.0,no,settled,0,-100.0,,5,16,0.166666666666667,-0.0793650793650794,0.194444444444444,MIN,3.0,9.0,12.0,team+name
2026,2,MIN@CHI,sleeper_202610206,sleeper,player_anytime_td,Rome Odunze,CHI,WR1,Yes,,178.0,0.24199355091735353,0.31362605098091556,-0.07163250006356203,,PASS,False,False,,"anytime_td_v0, MODEL_UNVALIDATED (no backtest)",,,,,,553aeb009ecd2b42b21f3b46eadccc96e098560ee3af50be4bdbfeacc301ee13,props-v1.3,tag,decision,1,2026-09-20T12:09:15Z,2026-09-20T17:00:00+00:00,290.8,0.0,no,settled,0,-100.0,,4,0,0.133333333333333,0.248677248677249,0.374074074074074,MIN,3.0,9.0,12.0,team+name
2026,2,MIN@CHI,sleeper_202610206,sleeper,player_anytime_td,Jordan Addison,MIN,WR2,Yes,,210.0,0.17510886764221756,0.2807564827451745,-0.10564761510295695,,PASS,False,False,,"anytime_td_v0, MODEL_UNVALIDATED (no backtest)",,,,,,553aeb009ecd2b42b21f3b46eadccc96e098560ee3af50be4bdbfeacc301ee13,props-v1.3,tag,decision,1,2026-09-20T12:09:15Z,2026-09-20T17:00:00+00:00,290.8,0.0,no,settled,0,-100.0,,5,0,0.263157894736842,0.273885350318471,0.586456587328193,CHI,9.0,3.0,12.0,team+name
2026,2,MIN@CHI,sleeper_202610206,sleeper,player_anytime_td,T.J. Hockenson,MIN,TE1,Yes,,236.0,0.15258814566385226,0.2582892839980778,-0.10570113833422556,,PASS,False,False,,"anytime_td_v0, MODEL_UNVALIDATED (no backtest)",,,,,,553aeb009ecd2b42b21f3b46eadccc96e098560ee3af50be4bdbfeacc301ee13,props-v1.3,tag,decision,1,2026-09-20T12:09:15Z,2026-09-20T17:00:00+00:00,290.8,0.0,no,settled,0,-100.0,,4,0,0.210526315789474,0.203821656050955,0.458464632919879,CHI,9.0,3.0,12.0,team+name
2026,2,MIN@CHI,sleeper_202610206,sleeper,player_anytime_td,Aaron Jones,MIN,RB1,Yes,,-147.0,0.3834814965273413,0.5297477391718228,-0.14626624264448151,,PASS,False,False,,"anytime_td_v0, MODEL_UNVALIDATED (no backtest)",,,,,,553aeb009ecd2b42b21f3b46eadccc96e098560ee3af50be4bdbfeacc301ee13,props-v1.3,tag,decision,1,2026-09-20T12:09:15Z,2026-09-20T17:00:00+00:00,290.8,0.0,no,settled,0,-100.0,,0,23,0.0,0.0,0.0,CHI,9.0,3.0,12.0,team+name
2026,2,MIN@CHI,sleeper_202610206,sleeper,player_anytime_td,Colston Loveland,CHI,TE1,Yes,,146.0,0.18982328546467908,0.3577644556178689,-0.16794117015318982,,PASS,False,False,,"anytime_td_v0, MODEL_UNVALIDATED (no backtest)",,,,,,553aeb009ecd2b42b21f3b46eadccc96e098560ee3af50be4bdbfeacc301ee13,props-v1.3,tag,decision,1,2026-09-20T12:09:15Z,2026-09-20T17:00:00+00:00,290.8,0.0,no,settled,0,-100.0,,3,0,0.1,0.0687830687830688,0.198148148148148,MIN,3.0,9.0,12.0,team+name
2026,2,MIN@CHI,sleeper_202610206,sleeper,player_anytime_td,Luther Burden III,CHI,WR2,Yes,,150.0,0.11200403051110419,0.3505903723887376,-0.2385863418776334,,PASS,False,False,,"anytime_td_v0, MODEL_UNVALIDATED (no backtest)",,,,,,553aeb009ecd2b42b21f3b46eadccc96e098560ee3af50be4bdbfeacc301ee13,props-v1.3,tag,decision,1,2026-09-20T12:09:15Z,2026-09-20T17:00:00+00:00,290.8,0.0,no,settled,0,-100.0,,7,0,0.233333333333333,0.46031746031746,0.672222222222222,MIN,3.0,9.0,12.0,team+name
2026,2,NO@BAL,sleeper_202610203,sleeper,player_receptions,Rashod Bateman,BAL,WR2,Under,2.5,102.0,0.8452,0.4407090664831744,0.4044909335168255,WEAK (book likely knows something),PASS,False,False,,"receiving_hier_v2, MODEL_UNVALIDATED (PROTOTYPE)",,,,,,553aeb009ecd2b42b21f3b46eadccc96e098560ee3af50be4bdbfeacc301ee13,props-v1.3,tag,decision,1,2026-09-20T12:09:18Z,2026-09-20T17:00:00+00:00,290.7,7.0,over,settled,0,-100.0,5.654,9,0,0.310344827586207,0.389408099688474,0.738102911161242,NO,17.0,24.0,41.0,team+name
2026,2,NO@BAL,sleeper_202610203,sleeper,player_reception_yds,Rashod Bateman,BAL,WR2,Under,37.5,-127.0,0.8443499999999999,0.49744550408719346,0.3469044959128065,WEAK (book likely knows something),PASS,False,False,,"receiving_hier_v2, MODEL_UNVALIDATED (PROTOTYPE)",,,,,,553aeb009ecd2b42b21f3b46eadccc96e098560ee3af50be4bdbfeacc301ee13,props-v1.3,tag,decision,1,2026-09-20T12:09:18Z,2026-09-20T17:00:00+00:00,290.7,88.0,over,settled,0,-100.0,70.358,9,0,0.310344827586207,0.389408099688474,0.738102911161242,NO,17.0,24.0,41.0,team+name
2026,2,NO@BAL,sleeper_202610203,sleeper,player_reception_yds,Mark Andrews,BAL,TE1,Under,47.5,-127.0,0.7933,0.49744550408719346,0.29585449591280655,WEAK (book likely knows something),PASS,False,False,,"receiving_hier_v2, MODEL_UNVALIDATED (PROTOTYPE)",,,,,,553aeb009ecd2b42b21f3b46eadccc96e098560ee3af50be4bdbfeacc301ee13,props-v1.3,tag,decision,1,2026-09-20T12:09:18Z,2026-09-20T17:00:00+00:00,290.7,49.0,over,settled,0,-100.0,18.78,7,0,0.241379310344828,0.146417445482866,0.464561177355248,NO,17.0,24.0,41.0,team+name
2026,2,NO@BAL,sleeper_202610203,sleeper,player_rush_yds,Alvin Kamara,NO,RB2,Over,15.5,-123.0,0.7719,0.491426317774958,0.28047368222504204,WEAK (book likely knows something),PASS,False,False,,"rush_yds_v0, MODEL_UNVALIDATED (no backtest)",,,,,,553aeb009ecd2b42b21f3b46eadccc96e098560ee3af50be4bdbfeacc301ee13,props-v1.3,tag,decision,1,2026-09-20T12:09:18Z,2026-09-20T17:00:00+00:00,290.7,15.0,under,settled,0,-100.0,-17.041,6,9,0.1875,-0.028169014084507,0.261531690140845,BAL,24.0,17.0,41.0,team+name
2026,2,NO@BAL,sleeper_202610203,sleeper,player_receptions,Travis Etienne,NO,RB1,Over,2.5,117.0,0.64515,0.4087193460490463,0.2364306539509537,WEAK (book likely knows something),PASS,True,False,,"receiving_hier_v2, MODEL_UNVALIDATED (PROTOTYPE)",,,,,,553aeb009ecd2b42b21f3b46eadccc96e098560ee3af50be4bdbfeacc301ee13,props-v1.3,tag,decision,1,2026-09-20T12:09:18Z,2026-09-20T17:00:00+00:00,290.7,2.0,under,settled,0,-100.0,-1.402,2,8,0.0625,-0.0328638497652582,0.0707453051643193,BAL,24.0,17.0,41.0,team+name
2026,2,NO@BAL,sleeper_202610203,sleeper,player_receptions,Mark Andrews,BAL,TE1,Under,4.5,-175.0,0.79135,0.5660749506903353,0.2252750493096647,WEAK (book likely knows something),PASS,False,False,,"receiving_hier_v2, MODEL_UNVALIDATED (PROTOTYPE)",,,,,,553aeb009ecd2b42b21f3b46eadccc96e098560ee3af50be4bdbfeacc301ee13,props-v1.3,tag,decision,1,2026-09-20T12:09:18Z,2026-09-20T17:00:00+00:00,290.7,6.0,over,settled,0,-100.0,2.9,7,0,0.241379310344828,0.146417445482866,0.464561177355248,NO,17.0,24.0,41.0,team+name
2026,2,NO@BAL,sleeper_202610203,sleeper,player_reception_yds,Travis Etienne,NO,RB1,Over,11.5,-128.0,0.72335,0.5,0.22335000000000005,WEAK (book likely knows something),PASS,True,False,,"receiving_hier_v2, MODEL_UNVALIDATED (PROTOTYPE)",,,,,,553aeb009ecd2b42b21f3b46eadccc96e098560ee3af50be4bdbfeacc301ee13,props-v1.3,tag,decision,1,2026-09-20T12:09:18Z,2026-09-20T17:00:00+00:00,290.7,6.0,under,settled,0,-100.0,-19.144,2,8,0.0625,-0.0328638497652582,0.0707453051643193,BAL,24.0,17.0,41.0,team+name
2026,2,NO@BAL,sleeper_202610203,sleeper,player_receptions,Alvin Kamara,NO,RB2,Over,1.5,-175.0,0.769,0.5660749506903353,0.2029250493096647,WEAK (book likely knows something),PASS,False,False,,"receiving_hier_v2, MODEL_UNVALIDATED (PROTOTYPE)",,,,,,553aeb009ecd2b42b21f3b46eadccc96e098560ee3af50be4bdbfeacc301ee13,props-v1.3,tag,decision,1,2026-09-20T12:09:18Z,2026-09-20T17:00:00+00:00,290.7,5.0,over,settled,1,57.14,2.11,6,9,0.1875,-0.028169014084507,0.261531690140845,BAL,24.0,17.0,41.0,team+name
2026,2,NO@BAL,sleeper_202610203,sleeper,player_receptions,Justice Hill,BAL,RB2,Under,2.5,-179.0,0.772,0.5692716213295458,0.20272837867045423,WEAK (book likely knows something),PASS,False,False,,"receiving_hier_v2, MODEL_UNVALIDATED (PROTOTYPE)",,,,,,553aeb009ecd2b42b21f3b46eadccc96e098560ee3af50be4bdbfeacc301ee13,props-v1.3,tag,decision,1,2026-09-20T12:09:18Z,2026-09-20T17:00:00+00:00,290.7,2.0,under,settled,1,55.87,0.378,2,2,0.0689655172413793,-0.0280373831775701,0.0838221076377699,NO,17.0,24.0,41.0,team+name
2026,2,NO@BAL,sleeper_202610203,sleeper,player_reception_yds,Justice Hill,BAL,RB2,Under,13.5,-130.0,0.6885,0.5043103448275863,0.1841896551724137,WEAK (book likely knows something),PASS,False,False,,"receiving_hier_v2, MODEL_UNVALIDATED (PROTOTYPE)",,,,,,553aeb009ecd2b42b21f3b46eadccc96e098560ee3af50be4bdbfeacc301ee13,props-v1.3,tag,decision,1,2026-09-20T12:09:18Z,2026-09-20T17:00:00+00:00,290.7,12.0,under,settled,1,76.92,1.281,2,2,0.0689655172413793,-0.0280373831775701,0.0838221076377699,NO,17.0,24.0,41.0,team+name
2026,2,NO@BAL,sleeper_202610203,sleeper,player_receptions,Noah Fant,NO,PROXY,Over,1.5,-217.0,0.7608,0.606333436820863,0.15446656317913698,WEAK (book likely knows something),PASS,True,False,,"receiving_hier_v2, MODEL_UNVALIDATED (PROTOTYPE)",,,,,,553aeb009ecd2b42b21f3b46eadccc96e098560ee3af50be4bdbfeacc301ee13,props-v1.3,tag,decision,1,2026-09-20T12:09:18Z,2026-09-20T17:00:00+00:00,290.7,0.0,under,settled,0,-100.0,-2.836,0,0,0.0,0.0,0.0,BAL,24.0,17.0,41.0,team+name
2026,2,NO@BAL,sleeper_202610203,sleeper,player_reception_yds,Noah Fant,NO,PROXY,Over,14.5,-123.0,0.63985,0.491426317774958,0.14842368222504204,WEAK (book likely knows something),PASS,True,False,,"receiving_hier_v2, MODEL_UNVALIDATED (PROTOTYPE)",,,,,,553aeb009ecd2b42b21f3b46eadccc96e098560ee3af50be4bdbfeacc301ee13,props-v1.3,tag,decision,1,2026-09-20T12:09:18Z,2026-09-20T17:00:00+00:00,290.7,0.0,under,settled,0,-100.0,-26.269,0,0,0.0,0.0,0.0,BAL,24.0,17.0,41.0,team+name
2026,2,NO@BAL,sleeper_202610203,sleeper,player_rush_yds,Travis Etienne,NO,RB1,Under,40.5,-128.0,0.6271,0.5,0.1271,WEAK (book likely knows something),PASS,True,False,,"rush_yds_v0, MODEL_UNVALIDATED (no backtest)",,,,,,553aeb009ecd2b42b21f3b46eadccc96e098560ee3af50be4bdbfeacc301ee13,props-v1.3,tag,decision,1,2026-09-20T12:09:18Z,2026-09-20T17:00:00+00:00,290.7,25.0,under,settled,1,78.12,-12.776,2,8,0.0625,-0.0328638497652582,0.0707453051643193,BAL,24.0,17.0,41.0,team+name
2026,2,NO@BAL,sleeper_202610203,sleeper,player_reception_yds,Derrick Henry,BAL,RB1,Under,6.5,-128.0,0.62375,0.5,0.12375000000000003,STRONG,PASS,False,False,,"receiving_hier_v2, MODEL_UNVALIDATED (PROTOTYPE)",,,,,,553aeb009ecd2b42b21f3b46eadccc96e098560ee3af50be4bdbfeacc301ee13,props-v1.3,tag,decision,1,2026-09-20T12:09:18Z,2026-09-20T17:00:00+00:00,290.7,19.0,over,settled,0,-100.0,11.505,3,16,0.103448275862069,-0.0404984423676012,0.126823504135783,NO,17.0,24.0,41.0,team+name
2026,2,NO@BAL,sleeper_202610203,sleeper,player_receptions,Chris Olave,NO,WR1,Over,5.5,-135.0,0.63535,0.5129533678756477,0.12239663212435226,STRONG,PASS,False,False,,"receiving_hier_v2, MODEL_UNVALIDATED (PROTOTYPE)",,,,,,553aeb009ecd2b42b21f3b46eadccc96e098560ee3af50be4bdbfeacc301ee13,props-v1.3,tag,decision,1,2026-09-20T12:09:18Z,2026-09-20T17:00:00+00:00,290.7,8.0,over,settled,1,74.07,1.332,10,0,0.3125,0.488262910798122,0.810534037558685,BAL,24.0,17.0,41.0,team+name
2026,2,NO@BAL,sleeper_202610203,sleeper,player_reception_yds,Alvin Kamara,NO,RB2,Over,10.5,-133.0,0.6265,0.508573682225042,0.11792631777495799,STRONG,PASS,False,False,,"receiving_hier_v2, MODEL_UNVALIDATED (PROTOTYPE)",,,,,,553aeb009ecd2b42b21f3b46eadccc96e098560ee3af50be4bdbfeacc301ee13,props-v1.3,tag,decision,1,2026-09-20T12:09:18Z,2026-09-20T17:00:00+00:00,290.7,7.0,under,settled,0,-100.0,-11.136,6,9,0.1875,-0.028169014084507,0.261531690140845,BAL,24.0,17.0,41.0,team+name
2026,2,NO@BAL,sleeper_202610203,sleeper,player_receptions,Derrick Henry,BAL,RB1,Under,1.5,-256.0,0.7374,0.6341062325275448,0.10329376747245522,STRONG,PASS,False,False,,"receiving_hier_v2, MODEL_UNVALIDATED (PROTOTYPE)",,,,,,553aeb009ecd2b42b21f3b46eadccc96e098560ee3af50be4bdbfeacc301ee13,props-v1.3,tag,decision,1,2026-09-20T12:09:18Z,2026-09-20T17:00:00+00:00,290.7,3.0,over,settled,0,-100.0,1.998,3,16,0.103448275862069,-0.0404984423676012,0.126823504135783,NO,17.0,24.0,41.0,team+name
2026,2,NO@BAL,sleeper_202610203,sleeper,player_anytime_td,Derrick Henry,BAL,RB1,Yes,,-286.0,0.7331651373126491,0.6494096276112625,0.08375550970138657,STRONG,PASS,False,False,,"anytime_td_v0, MODEL_UNVALIDATED (no backtest)",,,,,,553aeb009ecd2b42b21f3b46eadccc96e098560ee3af50be4bdbfeacc301ee13,props-v1.3,tag,decision,1,2026-09-20T12:09:18Z,2026-09-20T17:00:00+00:00,290.7,1.0,yes,settled,1,34.97,,3,16,0.103448275862069,-0.0404984423676012,0.126823504135783,NO,17.0,24.0,41.0,team+name
2026,2,NO@BAL,sleeper_202610203,sleeper,player_receptions,Devaughn Vele,NO,WR2,Under,3.5,-101.0,0.5291,0.4471724693097202,0.0819275306902798,STRONG,PASS,False,False,,"receiving_hier_v2, MODEL_UNVALIDATED (PROTOTYPE)",,,,,,553aeb009ecd2b42b21f3b46eadccc96e098560ee3af50be4bdbfeacc301ee13,props-v1.3,tag,decision,1,2026-09-20T12:09:18Z,2026-09-20T17:00:00+00:00,290.7,5.0,over,settled,0,-100.0,1.422,7,0,0.21875,0.323943661971831,0.554885563380282,BAL,24.0,17.0,41.0,team+name
2026,2,NO@BAL,sleeper_202610203,sleeper,player_reception_yds,Devaughn Vele,NO,WR2,Under,42.5,-132.0,0.5828,0.5059625212947189,0.07683747870528113,STRONG,PASS,False,False,,"receiving_hier_v2, MODEL_UNVALIDATED (PROTOTYPE)",,,,,,553aeb009ecd2b42b21f3b46eadccc96e098560ee3af50be4bdbfeacc301ee13,props-v1.3,tag,decision,1,2026-09-20T12:09:18Z,2026-09-20T17:00:00+00:00,290.7,64.0,over,settled,0,-100.0,22.107,7,0,0.21875,0.323943661971831,0.554885563380282,BAL,24.0,17.0,41.0,team+name
2026,2,NO@BAL,sleeper_202610203,sleeper,player_reception_yds,Chris Olave,NO,WR1,Over,68.5,-130.0,0.5417,0.5025544959128065,0.03914550408719342,MODERATE,PASS,False,False,,"receiving_hier_v2, MODEL_UNVALIDATED (PROTOTYPE)",,,,,,553aeb009ecd2b42b21f3b46eadccc96e098560ee3af50be4bdbfeacc301ee13,props-v1.3,tag,decision,1,2026-09-20T12:09:18Z,2026-09-20T17:00:00+00:00,290.7,86.0,over,settled,1,76.92,6.854,10,0,0.3125,0.488262910798122,0.810534037558685,BAL,24.0,17.0,41.0,team+name
2026,2,NO@BAL,sleeper_202610203,sleeper,player_rush_yds,Derrick Henry,BAL,RB1,Over,95.5,-130.0,0.54175,0.5043103448275861,0.03743965517241388,MODERATE,PASS,False,False,,"rush_yds_v0, MODEL_UNVALIDATED (no backtest)",,,,,,553aeb009ecd2b42b21f3b46eadccc96e098560ee3af50be4bdbfeacc301ee13,props-v1.3,tag,decision,1,2026-09-20T12:09:18Z,2026-09-20T17:00:00+00:00,290.7,68.0,under,settled,0,-100.0,-37.378,3,16,0.103448275862069,-0.0404984423676012,0.126823504135783,NO,17.0,24.0,41.0,team+name
2026,2,NO@BAL,sleeper_202610203,sleeper,player_rush_yds,Justice Hill,BAL,RB2,Over,13.5,-122.0,0.5244,0.48891541609822653,0.03548458390177345,MODERATE,PASS,False,False,,"rush_yds_v0, MODEL_UNVALIDATED (no backtest)",,,,,,553aeb009ecd2b42b21f3b46eadccc96e098560ee3af50be4bdbfeacc301ee13,props-v1.3,tag,decision,1,2026-09-20T12:09:18Z,2026-09-20T17:00:00+00:00,290.7,6.0,under,settled,0,-100.0,-11.727,2,2,0.0689655172413793,-0.0280373831775701,0.0838221076377699,NO,17.0,24.0,41.0,team+name
2026,2,NO@BAL,sleeper_202610203,sleeper,player_receptions,Juwan Johnson,NO,TE1,Over,3.5,-154.0,0.5732,0.5409221115809576,0.032277888419042444,MODERATE,PASS,False,False,,"receiving_hier_v2, MODEL_UNVALIDATED (PROTOTYPE)",,,,,,553aeb009ecd2b42b21f3b46eadccc96e098560ee3af50be4bdbfeacc301ee13,props-v1.3,tag,decision,1,2026-09-20T12:09:18Z,2026-09-20T17:00:00+00:00,290.7,4.0,over,settled,1,64.94,-0.095,4,0,0.125,0.0516431924882629,0.223650234741784,BAL,24.0,17.0,41.0,team+name
2026,2,NO@BAL,sleeper_202610203,sleeper,player_reception_yds,Juwan Johnson,NO,TE1,Over,38.5,-128.0,0.512,0.5,0.01200000000000001,,PASS,False,False,,"receiving_hier_v2, MODEL_UNVALIDATED (PROTOTYPE)",,,,,,553aeb009ecd2b42b21f3b46eadccc96e098560ee3af50be4bdbfeacc301ee13,props-v1.3,tag,decision,1,2026-09-20T12:09:18Z,2026-09-20T17:00:00+00:00,290.7,66.0,over,settled,1,78.12,20.663,4,0,0.125,0.0516431924882629,0.223650234741784,BAL,24.0,17.0,41.0,team+name
2026,2,NO@BAL,sleeper_202610203,sleeper,player_anytime_td,Chris Olave,NO,WR1,Yes,,183.0,0.2399686593286272,0.30802451494077676,-0.06805585561214955,,PASS,False,False,,"anytime_td_v0, MODEL_UNVALIDATED (no backtest)",,,,,,553aeb009ecd2b42b21f3b46eadccc96e098560ee3af50be4bdbfeacc301ee13,props-v1.3,tag,decision,1,2026-09-20T12:09:18Z,2026-09-20T17:00:00+00:00,290.7,1.0,yes,settled,1,183.0,,10,0,0.3125,0.488262910798122,0.810534037558685,BAL,24.0,17.0,41.0,team+name
2026,2,NO@BAL,sleeper_202610203,sleeper,player_anytime_td,Travis Etienne,NO,RB1,Yes,,160.0,0.24936334441656582,0.3368214519293656,-0.08745810751279975,,PASS,True,False,,"anytime_td_v0, MODEL_UNVALIDATED (no backtest)",,,,,,553aeb009ecd2b42b21f3b46eadccc96e098560ee3af50be4bdbfeacc301ee13,props-v1.3,tag,decision,1,2026-09-20T12:09:18Z,2026-09-20T17:00:00+00:00,290.7,0.0,no,settled,0,-100.0,,2,8,0.0625,-0.0328638497652582,0.0707453051643193,BAL,24.0,17.0,41.0,team+name
2026,2,NO@BAL,sleeper_202610203,sleeper,player_anytime_td,Lamar Jackson,BAL,QB1,Yes,,167.0,0.22805105203017073,0.3275067883912836,-0.09945573636111288,,PASS,False,False,,"anytime_td_v0, MODEL_UNVALIDATED (no backtest)",,,,,,553aeb009ecd2b42b21f3b46eadccc96e098560ee3af50be4bdbfeacc301ee13,props-v1.3,tag,decision,1,2026-09-20T12:09:18Z,2026-09-20T17:00:00+00:00,290.7,0.0,no,settled,0,-100.0,,0,4,0.0,0.0,0.0,NO,17.0,24.0,41.0,team+name
2026,2,NO@BAL,sleeper_202610203,sleeper,player_anytime_td,Mark Andrews,BAL,TE1,Yes,,112.0,0.23338466888839493,0.4177157244220645,-0.18433105553366957,,PASS,False,False,,"anytime_td_v0, MODEL_UNVALIDATED (no backtest)",,,,,,553aeb009ecd2b42b21f3b46eadccc96e098560ee3af50be4bdbfeacc301ee13,props-v1.3,tag,decision,1,2026-09-20T12:09:18Z,2026-09-20T17:00:00+00:00,290.7,0.0,no,settled,0,-100.0,,7,0,0.241379310344828,0.146417445482866,0.464561177355248,NO,17.0,24.0,41.0,team+name
2026,2,NO@BAL,sleeper_202610203,sleeper,player_anytime_td,Rashod Bateman,BAL,WR2,Yes,,162.0,0.12508890902630587,0.3351119208745445,-0.21002301184823863,,PASS,False,False,,"anytime_td_v0, MODEL_UNVALIDATED (no backtest)",,,,,,553aeb009ecd2b42b21f3b46eadccc96e098560ee3af50be4bdbfeacc301ee13,props-v1.3,tag,decision,1,2026-09-20T12:09:18Z,2026-09-20T17:00:00+00:00,290.7,1.0,yes,settled,1,162.0,,9,0,0.310344827586207,0.389408099688474,0.738102911161242,NO,17.0,24.0,41.0,team+name
2026,2,NYG@LA,sleeper_202610232,sleeper,player_reception_yds,Isaiah Likely,NYG,TE1,Under,44.5,-130.0,0.6759999999999999,0.5025544959128065,0.1734455040871934,WEAK (book likely knows something),PASS,True,False,,"receiving_hier_v2, MODEL_UNVALIDATED (PROTOTYPE)",,,,,,553aeb009ecd2b42b21f3b46eadccc96e098560ee3af50be4bdbfeacc301ee13,props-v1.3,tag,decision,0,2026-09-20T12:09:39Z,2026-09-22T00:15:00+00:00,2165.3,33.0,under,settled,1,76.92,-3.603,10,0,0.3125,0.140762463343109,0.567283724340176,LA,6.0,28.0,34.0,team+name
2026,2,NYG@LA,sleeper_202610232,sleeper,player_receptions,Malik Nabers,NYG,WR1,Under,5.5,-130.0,0.64295,0.5025544959128065,0.14039550408719348,STRONG,PASS,False,False,,"receiving_hier_v2, MODEL_UNVALIDATED (PROTOTYPE)",,,,,,553aeb009ecd2b42b21f3b46eadccc96e098560ee3af50be4bdbfeacc301ee13,props-v1.3,tag,decision,1,2026-09-21T19:16:44Z,2026-09-22T00:15:00+00:00,298.3,1.0,under,settled,1,76.92,-3.848,4,0,0.125,0.225806451612903,0.345564516129032,LA,6.0,28.0,34.0,team+name
2026,2,NYG@LA,sleeper_202610232,sleeper,player_receptions,Isaiah Likely,NYG,TE1,Under,4.5,-147.0,0.65675,0.5308039839819283,0.12594601601807165,WEAK (book likely knows something),PASS,True,False,,"receiving_hier_v2, MODEL_UNVALIDATED (PROTOTYPE)",,,,,,553aeb009ecd2b42b21f3b46eadccc96e098560ee3af50be4bdbfeacc301ee13,props-v1.3,tag,decision,1,2026-09-21T19:16:44Z,2026-09-22T00:15:00+00:00,298.3,5.0,over,settled,0,-100.0,1.153,10,0,0.3125,0.140762463343109,0.567283724340176,LA,6.0,28.0,34.0,team+name
2026,2,NYG@LA,sleeper_202610232,sleeper,player_rush_yds,Cam Skattebo,NYG,RB1,Over,50.5,-128.0,0.6386,0.5,0.13859999999999995,WEAK (book likely knows something),PASS,False,False,,"rush_yds_v0, MODEL_UNVALIDATED (no backtest)",,,,,,553aeb009ecd2b42b21f3b46eadccc96e098560ee3af50be4bdbfeacc301ee13,props-v1.3,tag,decision,0,2026-09-20T12:09:39Z,2026-09-22T00:15:00+00:00,2165.3,36.0,under,settled,0,-100.0,-29.526,4,12,0.125,-0.0117302052785924,0.179288856304985,LA,6.0,28.0,34.0,team+name
2026,2,NYG@LA,sleeper_202610232,sleeper,player_rush_yds,Blake Corum,LA,RB2,Under,46.5,-130.0,0.62695,0.5025544959128065,0.12439550408719346,STRONG,PASS,False,False,,"rush_yds_v0, MODEL_UNVALIDATED (no backtest)",,,,,,553aeb009ecd2b42b21f3b46eadccc96e098560ee3af50be4bdbfeacc301ee13,props-v1.3,tag,decision,0,2026-09-20T12:09:39Z,2026-09-22T00:15:00+00:00,2165.3,79.0,over,settled,0,-100.0,35.739,1,12,0.0333333333333333,-0.0181268882175227,0.0373111782477341,NYG,28.0,6.0,34.0,team+name
2026,2,NYG@LA,sleeper_202610232,sleeper,player_reception_yds,Malik Nabers,NYG,WR1,Under,65.5,-130.0,0.5951500000000001,0.5025544959128065,0.09259550408719353,STRONG,PASS,False,False,,"receiving_hier_v2, MODEL_UNVALIDATED (PROTOTYPE)",,,,,,553aeb009ecd2b42b21f3b46eadccc96e098560ee3af50be4bdbfeacc301ee13,props-v1.3,tag,decision,0,2026-09-20T18:50:40Z,2026-09-22T00:15:00+00:00,1764.3,1.0,under,settled,1,76.92,-61.346,4,0,0.125,0.225806451612903,0.345564516129032,LA,6.0,28.0,34.0,team+name
2026,2,NYG@LA,sleeper_202610232,sleeper,player_rush_yds,Kyren Williams,LA,RB1,Under,62.5,-128.0,0.5796,0.5,0.0796,STRONG,PASS,False,False,,"rush_yds_v0, MODEL_UNVALIDATED (no backtest)",,,,,,553aeb009ecd2b42b21f3b46eadccc96e098560ee3af50be4bdbfeacc301ee13,props-v1.3,tag,decision,0,2026-09-20T12:09:39Z,2026-09-22T00:15:00+00:00,2165.3,85.0,over,settled,0,-100.0,23.59,2,12,0.0666666666666667,0.0151057401812689,0.110574018126888,NYG,28.0,6.0,34.0,team+name
2026,2,NYG@LA,sleeper_202610232,sleeper,player_reception_yds,Davante Adams,LA,WR2,Under,53.5,-127.0,0.5748,0.49744550408719346,0.07735449591280652,STRONG,PASS,False,False,,"receiving_hier_v2, MODEL_UNVALIDATED (PROTOTYPE)",,,,,,553aeb009ecd2b42b21f3b46eadccc96e098560ee3af50be4bdbfeacc301ee13,props-v1.3,tag,decision,0,2026-09-20T12:09:39Z,2026-09-22T00:15:00+00:00,2165.3,195.0,over,settled,0,-100.0,141.419,10,0,0.333333333333333,0.598187311178248,0.918731117824773,NYG,28.0,6.0,34.0,team+name
2026,2,NYG@LA,sleeper_202610232,sleeper,player_receptions,Malachi Fields,NYG,WR2,Over,2.5,105.0,0.51945,0.43392504930966475,0.08552495069033522,STRONG,PASS,False,False,,"receiving_hier_v2, MODEL_UNVALIDATED (PROTOTYPE)",,,,,,553aeb009ecd2b42b21f3b46eadccc96e098560ee3af50be4bdbfeacc301ee13,props-v1.3,tag,decision,1,2026-09-21T19:16:44Z,2026-09-22T00:15:00+00:00,298.3,2.0,under,settled,0,-100.0,-0.795,6,0,0.1875,0.3841642228739,0.55016495601173,LA,6.0,28.0,34.0,team+name
2026,2,NYG@LA,sleeper_202610232,sleeper,player_receptions,Davante Adams,LA,WR2,Under,4.5,-152.0,0.6065499999999999,0.536295495982173,0.07025450401782696,STRONG,PASS,False,False,,"receiving_hier_v2, MODEL_UNVALIDATED (PROTOTYPE)",,,,,,553aeb009ecd2b42b21f3b46eadccc96e098560ee3af50be4bdbfeacc301ee13,props-v1.3,tag,decision,0,2026-09-20T12:09:39Z,2026-09-22T00:15:00+00:00,2165.3,8.0,over,settled,0,-100.0,3.873,10,0,0.333333333333333,0.598187311178248,0.918731117824773,NYG,28.0,6.0,34.0,team+name
2026,2,NYG@LA,sleeper_202610232,sleeper,player_receptions,Kyren Williams,LA,RB1,Over,1.5,-233.0,0.6706,0.6167568189665094,0.05384318103349062,STRONG,PASS,False,False,,"receiving_hier_v2, MODEL_UNVALIDATED (PROTOTYPE)",,,,,,553aeb009ecd2b42b21f3b46eadccc96e098560ee3af50be4bdbfeacc301ee13,props-v1.3,tag,decision,0,2026-09-20T12:09:39Z,2026-09-22T00:15:00+00:00,2165.3,2.0,over,settled,1,42.92,-0.349,2,12,0.0666666666666667,0.0151057401812689,0.110574018126888,NYG,28.0,6.0,34.0,team+name
2026,2,NYG@LA,sleeper_202610232,sleeper,player_receptions,Cam Skattebo,NYG,RB1,Over,1.5,-169.0,0.60555,0.5592909335168256,0.04625906648317446,WEAK (book likely knows something),PASS,False,False,,"receiving_hier_v2, MODEL_UNVALIDATED (PROTOTYPE)",,,,,,553aeb009ecd2b42b21f3b46eadccc96e098560ee3af50be4bdbfeacc301ee13,props-v1.3,tag,decision,1,2026-09-21T19:16:44Z,2026-09-22T00:15:00+00:00,298.3,4.0,over,settled,1,59.17,1.921,4,12,0.125,-0.0117302052785924,0.179288856304985,LA,6.0,28.0,34.0,team+name
2026,2,NYG@LA,sleeper_202610232,sleeper,player_anytime_td,Cam Skattebo,NYG,RB1,Yes,,-102.0,0.4782950590070687,0.4501217367780333,0.028173322229035402,,PASS,False,False,,"anytime_td_v0, MODEL_UNVALIDATED (no backtest)",,,,,,553aeb009ecd2b42b21f3b46eadccc96e098560ee3af50be4bdbfeacc301ee13,props-v1.3,tag,decision,1,2026-09-21T19:16:44Z,2026-09-22T00:15:00+00:00,298.3,0.0,no,settled,0,-100.0,,4,12,0.125,-0.0117302052785924,0.179288856304985,LA,6.0,28.0,34.0,team+name
2026,2,NYG@LA,sleeper_202610232,sleeper,player_reception_yds,Puka Nacua,LA,WR1,Under,84.5,-127.0,0.5332,0.49744550408719346,0.03575449591280655,MODERATE,PASS,False,False,,"receiving_hier_v2, MODEL_UNVALIDATED (PROTOTYPE)",,,,,,553aeb009ecd2b42b21f3b46eadccc96e098560ee3af50be4bdbfeacc301ee13,props-v1.3,tag,decision,1,2026-09-20T12:09:39Z,2026-09-22T00:15:00+00:00,2165.3,,,unjoined,,,,,,,,,,,,,
2026,2,NYG@LA,sleeper_202610232,sleeper,player_reception_yds,Malachi Fields,NYG,WR2,Over,26.5,-127.0,0.524,0.4974455040871935,0.02655449591280651,,PASS,False,False,,"receiving_hier_v2, MODEL_UNVALIDATED (PROTOTYPE)",,,,,,553aeb009ecd2b42b21f3b46eadccc96e098560ee3af50be4bdbfeacc301ee13,props-v1.3,tag,decision,1,2026-09-21T19:16:44Z,2026-09-22T00:15:00+00:00,298.3,30.0,over,settled,1,78.74,-4.672,6,0,0.1875,0.3841642228739,0.55016495601173,LA,6.0,28.0,34.0,team+name
2026,2,NYG@LA,sleeper_202610232,sleeper,player_reception_yds,Kyren Williams,LA,RB1,Over,12.5,-130.0,0.52645,0.5043103448275861,0.022139655172413897,,PASS,False,False,,"receiving_hier_v2, MODEL_UNVALIDATED (PROTOTYPE)",,,,,,553aeb009ecd2b42b21f3b46eadccc96e098560ee3af50be4bdbfeacc301ee13,props-v1.3,tag,decision,0,2026-09-20T12:09:39Z,2026-09-22T00:15:00+00:00,2165.3,12.0,under,settled,0,-100.0,-5.271,2,12,0.0666666666666667,0.0151057401812689,0.110574018126888,NYG,28.0,6.0,34.0,team+name
2026,2,NYG@LA,sleeper_202610232,sleeper,player_receptions,Puka Nacua,LA,WR1,Over,6.5,-152.0,0.55235,0.5362954959821731,0.01605450401782693,,PASS,False,False,,"receiving_hier_v2, MODEL_UNVALIDATED (PROTOTYPE)",,,,,,553aeb009ecd2b42b21f3b46eadccc96e098560ee3af50be4bdbfeacc301ee13,props-v1.3,tag,decision,1,2026-09-20T12:09:39Z,2026-09-22T00:15:00+00:00,2165.3,,,unjoined,,,,,,,,,,,,,
2026,2,NYG@LA,sleeper_202610232,sleeper,player_reception_yds,Cam Skattebo,NYG,RB1,Under,11.5,-123.0,0.50065,0.49142631777495804,0.009223682225041996,,PASS,False,False,,"receiving_hier_v2, MODEL_UNVALIDATED (PROTOTYPE)",,,,,,553aeb009ecd2b42b21f3b46eadccc96e098560ee3af50be4bdbfeacc301ee13,props-v1.3,tag,decision,1,2026-09-21T19:16:44Z,2026-09-22T00:15:00+00:00,298.3,19.0,over,settled,0,-100.0,3.493,4,12,0.125,-0.0117302052785924,0.179288856304985,LA,6.0,28.0,34.0,team+name
2026,2,NYG@LA,sleeper_202610232,sleeper,player_anytime_td,Puka Nacua,LA,WR1,Yes,,-152.0,0.43875869952081237,0.5362954959821731,-0.09753679646136071,,PASS,False,False,,"anytime_td_v0, MODEL_UNVALIDATED (no backtest)",,,,,,553aeb009ecd2b42b21f3b46eadccc96e098560ee3af50be4bdbfeacc301ee13,props-v1.3,tag,decision,1,2026-09-20T18:50:40Z,2026-09-22T00:15:00+00:00,1764.3,,,unjoined,,,,,,,,,,,,,
2026,2,NYG@LA,sleeper_202610232,sleeper,player_anytime_td,Davante Adams,LA,WR2,Yes,,-128.0,0.408687736715161,0.5,-0.09131226328483899,,PASS,False,False,,"anytime_td_v0, MODEL_UNVALIDATED (no backtest)",,,,,,553aeb009ecd2b42b21f3b46eadccc96e098560ee3af50be4bdbfeacc301ee13,props-v1.3,tag,decision,1,2026-09-21T19:16:44Z,2026-09-22T00:15:00+00:00,298.3,1.0,yes,settled,1,78.12,,10,0,0.333333333333333,0.598187311178248,0.918731117824773,NYG,28.0,6.0,34.0,team+name
2026,2,NYG@LA,sleeper_202610232,sleeper,player_anytime_td,Isaiah Likely,NYG,TE1,Yes,,213.0,0.2200859165440502,0.27713625866050806,-0.057050342116457875,,PASS,True,False,,"anytime_td_v0, MODEL_UNVALIDATED (no backtest)",,,,,,553aeb009ecd2b42b21f3b46eadccc96e098560ee3af50be4bdbfeacc301ee13,props-v1.3,tag,decision,1,2026-09-21T19:16:44Z,2026-09-22T00:15:00+00:00,298.3,0.0,no,settled,0,-100.0,,10,0,0.3125,0.140762463343109,0.567283724340176,LA,6.0,28.0,34.0,team+name
2026,2,NYG@LA,sleeper_202610232,sleeper,player_anytime_td,Malik Nabers,NYG,WR1,Yes,,157.0,0.24400347015595536,0.34103121747298404,-0.09702774731702868,,PASS,False,False,,"anytime_td_v0, MODEL_UNVALIDATED (no backtest)",,,,,,553aeb009ecd2b42b21f3b46eadccc96e098560ee3af50be4bdbfeacc301ee13,props-v1.3,tag,decision,1,2026-09-21T19:16:44Z,2026-09-22T00:15:00+00:00,298.3,0.0,no,settled,0,-100.0,,4,0,0.125,0.225806451612903,0.345564516129032,LA,6.0,28.0,34.0,team+name
2026,2,NYG@LA,sleeper_202610232,sleeper,player_anytime_td,Kyren Williams,LA,RB1,Yes,,-200.0,0.49827468902748706,0.5912806539509536,-0.09300596492346658,,PASS,False,False,,"anytime_td_v0, MODEL_UNVALIDATED (no backtest)",,,,,,553aeb009ecd2b42b21f3b46eadccc96e098560ee3af50be4bdbfeacc301ee13,props-v1.3,tag,decision,1,2026-09-21T19:16:44Z,2026-09-22T00:15:00+00:00,298.3,1.0,yes,settled,1,50.0,,2,12,0.0666666666666667,0.0151057401812689,0.110574018126888,NYG,28.0,6.0,34.0,team+name
2026,2,NYG@LA,sleeper_202610232,sleeper,player_anytime_td,Blake Corum,LA,RB2,Yes,,161.0,0.184666064602669,0.33596451170983105,-0.15129844710716206,,PASS,False,False,,"anytime_td_v0, MODEL_UNVALIDATED (no backtest)",,,,,,553aeb009ecd2b42b21f3b46eadccc96e098560ee3af50be4bdbfeacc301ee13,props-v1.3,tag,decision,1,2026-09-21T19:16:44Z,2026-09-22T00:15:00+00:00,298.3,0.0,no,settled,0,-100.0,,1,12,0.0333333333333333,-0.0181268882175227,0.0373111782477341,NYG,28.0,6.0,34.0,team+name
2026,2,NYG@LA,sleeper_202610232,sleeper,player_anytime_td,Jaxson Dart,NYG,QB1,Yes,,192.0,0.15802556615313657,0.29804455103076144,-0.14001898487762487,,PASS,False,False,,"anytime_td_v0, MODEL_UNVALIDATED (no backtest)",,,,,,553aeb009ecd2b42b21f3b46eadccc96e098560ee3af50be4bdbfeacc301ee13,props-v1.3,tag,decision,1,2026-09-21T19:16:44Z,2026-09-22T00:15:00+00:00,298.3,0.0,no,settled,0,-100.0,,0,0,0.0,0.0,0.0,LA,6.0,28.0,34.0,team+name
2026,2,PHI@TEN,sleeper_202610234,sleeper,player_receptions,Dontayvion Wicks,PHI,WR2,Over,2.5,-133.0,0.8021,0.508573682225042,0.2935263177749581,WEAK (book likely knows something),PASS,True,False,,"receiving_hier_v2, MODEL_UNVALIDATED (PROTOTYPE)",,,,,,553aeb009ecd2b42b21f3b46eadccc96e098560ee3af50be4bdbfeacc301ee13,props-v1.3,tag,decision,1,2026-09-20T12:09:20Z,2026-09-20T17:00:00+00:00,290.7,5.0,over,settled,1,75.19,0.533,6,0,0.176470588235294,0.236301369863014,0.430116841257051,TEN,24.0,20.0,44.0,team+name
2026,2,PHI@TEN,sleeper_202610234,sleeper,player_reception_yds,Dontayvion Wicks,PHI,WR2,Over,30.5,-132.0,0.7228,0.5077623680397433,0.21503763196025671,WEAK (book likely knows something),PASS,True,False,,"receiving_hier_v2, MODEL_UNVALIDATED (PROTOTYPE)",,,,,,553aeb009ecd2b42b21f3b46eadccc96e098560ee3af50be4bdbfeacc301ee13,props-v1.3,tag,decision,1,2026-09-20T12:09:20Z,2026-09-20T17:00:00+00:00,290.7,74.0,over,settled,1,75.76,16.339,6,0,0.176470588235294,0.236301369863014,0.430116841257051,TEN,24.0,20.0,44.0,team+name
2026,2,PHI@TEN,sleeper_202610234,sleeper,player_receptions,Makai Lemon,PHI,WR3,Under,2.5,-119.0,0.6853,0.4845376765281929,0.2007623234718071,WEAK (book likely knows something),PASS,False,False,,"receiving_hier_v2, MODEL_UNVALIDATED (PROTOTYPE)",,,,,,553aeb009ecd2b42b21f3b46eadccc96e098560ee3af50be4bdbfeacc301ee13,props-v1.3,tag,decision,1,2026-09-20T12:09:20Z,2026-09-20T17:00:00+00:00,290.7,1.0,under,settled,1,84.03,-0.974,1,1,0.0294117647058824,0.0445205479452055,0.0752820306204674,TEN,24.0,20.0,44.0,team+name
2026,2,PHI@TEN,sleeper_202610234,sleeper,player_rush_yds,Saquon Barkley,PHI,RB1,Under,80.5,-123.0,0.6557,0.49142631777495804,0.1642736822250419,WEAK (book likely knows something),PASS,False,False,,"rush_yds_v0, MODEL_UNVALIDATED (no backtest)",,,,,,553aeb009ecd2b42b21f3b46eadccc96e098560ee3af50be4bdbfeacc301ee13,props-v1.3,tag,decision,1,2026-09-20T12:09:20Z,2026-09-20T17:00:00+00:00,290.7,9.0,under,settled,1,81.3,-62.868,2,4,0.0588235294117647,0.0136986301369863,0.0978243352135375,TEN,24.0,20.0,44.0,team+name
2026,2,PHI@TEN,sleeper_202610234,sleeper,player_reception_yds,Makai Lemon,PHI,WR3,Under,25.5,-128.0,0.6494,0.5,0.14939999999999998,STRONG,PASS,False,False,,"receiving_hier_v2, MODEL_UNVALIDATED (PROTOTYPE)",,,,,,553aeb009ecd2b42b21f3b46eadccc96e098560ee3af50be4bdbfeacc301ee13,props-v1.3,tag,decision,1,2026-09-20T12:09:20Z,2026-09-20T17:00:00+00:00,290.7,14.0,under,settled,1,78.12,-8.577,1,1,0.0294117647058824,0.0445205479452055,0.0752820306204674,TEN,24.0,20.0,44.0,team+name
2026,2,PHI@TEN,sleeper_202610234,sleeper,player_rush_yds,Tony Pollard,TEN,RB1,Over,39.5,-128.0,0.64845,0.5,0.14844999999999997,STRONG,PASS,False,False,,"rush_yds_v0, MODEL_UNVALIDATED (no backtest)",,,,,,553aeb009ecd2b42b21f3b46eadccc96e098560ee3af50be4bdbfeacc301ee13,props-v1.3,tag,decision,1,2026-09-20T12:09:20Z,2026-09-20T17:00:00+00:00,290.7,64.0,over,settled,1,78.12,10.27,1,14,0.0588235294117647,-0.05,0.0532352941176471,PHI,20.0,24.0,44.0,team+name
2026,2,PHI@TEN,sleeper_202610234,sleeper,player_anytime_td,Dontayvion Wicks,PHI,WR2,Yes,,251.0,0.36529977904793487,0.24676899912166966,0.1185307799262652,WEAK (book likely knows something),PASS,True,False,,"anytime_td_v0, MODEL_UNVALIDATED (no backtest)",,,,,,553aeb009ecd2b42b21f3b46eadccc96e098560ee3af50be4bdbfeacc301ee13,props-v1.3,tag,decision,1,2026-09-20T12:09:20Z,2026-09-20T17:00:00+00:00,290.7,0.0,no,settled,0,-100.0,,6,0,0.176470588235294,0.236301369863014,0.430116841257051,TEN,24.0,20.0,44.0,team+name
2026,2,PHI@TEN,sleeper_202610234,sleeper,player_receptions,DeVonta Smith,PHI,WR1,Under,4.5,-108.0,0.57675,0.4613211354769273,0.11542886452307266,STRONG,PASS,False,False,,"receiving_hier_v2, MODEL_UNVALIDATED (PROTOTYPE)",,,,,,553aeb009ecd2b42b21f3b46eadccc96e098560ee3af50be4bdbfeacc301ee13,props-v1.3,tag,decision,1,2026-09-20T12:09:20Z,2026-09-20T17:00:00+00:00,290.7,10.0,over,settled,0,-100.0,5.722,13,0,0.382352941176471,0.643835616438356,1.02421434327156,TEN,24.0,20.0,44.0,team+name
2026,2,PHI@TEN,sleeper_202610234,sleeper,player_reception_yds,DeVonta Smith,PHI,WR1,Under,60.5,-127.0,0.6101,0.49744550408719346,0.11265449591280652,STRONG,PASS,False,False,,"receiving_hier_v2, MODEL_UNVALIDATED (PROTOTYPE)",,,,,,553aeb009ecd2b42b21f3b46eadccc96e098560ee3af50be4bdbfeacc301ee13,props-v1.3,tag,decision,1,2026-09-20T12:09:20Z,2026-09-20T17:00:00+00:00,290.7,117.0,over,settled,0,-100.0,60.665,13,0,0.382352941176471,0.643835616438356,1.02421434327156,TEN,24.0,20.0,44.0,team+name
2026,2,PHI@TEN,sleeper_202610234,sleeper,player_receptions,Wan'Dale Robinson,TEN,WR2,Under,4.5,-164.0,0.6185,0.554054054054054,0.0644459459459461,WEAK (book likely knows something),PASS,True,False,,"receiving_hier_v2, MODEL_UNVALIDATED (PROTOTYPE)",,,,,,553aeb009ecd2b42b21f3b46eadccc96e098560ee3af50be4bdbfeacc301ee13,props-v1.3,tag,decision,1,2026-09-20T12:09:20Z,2026-09-20T17:00:00+00:00,290.7,1.0,under,settled,1,60.98,-3.054,1,0,0.0588235294117647,0.0428571428571429,0.118235294117647,PHI,20.0,24.0,44.0,team+name
2026,2,PHI@TEN,sleeper_202610234,sleeper,player_reception_yds,Saquon Barkley,PHI,RB1,Over,10.5,-128.0,0.5645,0.5008618906433151,0.0636381093566849,STRONG,PASS,False,False,,"receiving_hier_v2, MODEL_UNVALIDATED (PROTOTYPE)",,,,,,553aeb009ecd2b42b21f3b46eadccc96e098560ee3af50be4bdbfeacc301ee13,props-v1.3,tag,decision,1,2026-09-20T12:09:20Z,2026-09-20T17:00:00+00:00,290.7,11.0,over,settled,1,78.12,-5.95,2,4,0.0588235294117647,0.0136986301369863,0.0978243352135375,TEN,24.0,20.0,44.0,team+name
2026,2,PHI@TEN,sleeper_202610234,sleeper,player_receptions,Carnell Tate,TEN,WR1,Over,3.5,-143.0,0.57415,0.5238541489180439,0.05029585108195611,STRONG,PASS,False,False,,"receiving_hier_v2, MODEL_UNVALIDATED (PROTOTYPE)",,,,,,553aeb009ecd2b42b21f3b46eadccc96e098560ee3af50be4bdbfeacc301ee13,props-v1.3,tag,decision,1,2026-09-20T12:09:20Z,2026-09-20T17:00:00+00:00,290.7,3.0,under,settled,0,-100.0,-1.115,5,0,0.294117647058824,0.357142857142857,0.691176470588235,PHI,20.0,24.0,44.0,team+name
2026,2,PHI@TEN,sleeper_202610234,sleeper,player_receptions,Tony Pollard,TEN,RB1,Over,1.5,-115.0,0.5263,0.476145851081956,0.050154148918043984,STRONG,PASS,False,False,,"receiving_hier_v2, MODEL_UNVALIDATED (PROTOTYPE)",,,,,,553aeb009ecd2b42b21f3b46eadccc96e098560ee3af50be4bdbfeacc301ee13,props-v1.3,tag,decision,1,2026-09-20T12:09:20Z,2026-09-20T17:00:00+00:00,290.7,1.0,under,settled,0,-100.0,-0.785,1,14,0.0588235294117647,-0.05,0.0532352941176471,PHI,20.0,24.0,44.0,team+name
2026,2,PHI@TEN,sleeper_202610234,sleeper,player_reception_yds,Carnell Tate,TEN,WR1,Over,40.5,-132.0,0.54275,0.505962521294719,0.036787478705280985,MODERATE,PASS,False,False,,"receiving_hier_v2, MODEL_UNVALIDATED (PROTOTYPE)",,,,,,553aeb009ecd2b42b21f3b46eadccc96e098560ee3af50be4bdbfeacc301ee13,props-v1.3,tag,decision,1,2026-09-20T12:09:20Z,2026-09-20T17:00:00+00:00,290.7,27.0,under,settled,0,-100.0,-23.71,5,0,0.294117647058824,0.357142857142857,0.691176470588235,PHI,20.0,24.0,44.0,team+name
2026,2,PHI@TEN,sleeper_202610234,sleeper,player_receptions,Saquon Barkley,PHI,RB1,Under,2.5,-204.0,0.6299,0.5939737151405065,0.03592628485949356,MODERATE,PASS,False,False,,"receiving_hier_v2, MODEL_UNVALIDATED (PROTOTYPE)",,,,,,553aeb009ecd2b42b21f3b46eadccc96e098560ee3af50be4bdbfeacc301ee13,props-v1.3,tag,decision,1,2026-09-20T12:09:20Z,2026-09-20T17:00:00+00:00,290.7,1.0,under,settled,1,49.02,-1.183,2,4,0.0588235294117647,0.0136986301369863,0.0978243352135375,TEN,24.0,20.0,44.0,team+name
2026,2,PHI@TEN,sleeper_202610234,sleeper,player_reception_yds,Tyjae Spears,TEN,RB2,Under,15.5,-123.0,0.5266500000000001,0.49142631777495804,0.03522368222504202,MODERATE,PASS,False,False,,"receiving_hier_v2, MODEL_UNVALIDATED (PROTOTYPE)",,,,,,553aeb009ecd2b42b21f3b46eadccc96e098560ee3af50be4bdbfeacc301ee13,props-v1.3,tag,decision,1,2026-09-20T12:09:20Z,2026-09-20T17:00:00+00:00,290.7,29.0,over,settled,0,-100.0,10.993,2,7,0.117647058823529,0.0071428571428571,0.181470588235294,PHI,20.0,24.0,44.0,team+name
2026,2,PHI@TEN,sleeper_202610234,sleeper,player_reception_yds,Calvin Ridley,TEN,WR3,Under,17.5,-123.0,0.5244500000000001,0.49142631777495804,0.03302368222504204,WEAK (book likely knows something),PASS,False,False,,"receiving_hier_v2, MODEL_UNVALIDATED (PROTOTYPE)",,,,,,553aeb009ecd2b42b21f3b46eadccc96e098560ee3af50be4bdbfeacc301ee13,props-v1.3,tag,decision,1,2026-09-20T12:09:20Z,2026-09-20T17:00:00+00:00,290.7,35.0,over,settled,0,-100.0,11.87,2,0,0.117647058823529,0.192857142857143,0.311470588235294,PHI,20.0,24.0,44.0,team+name
2026,2,PHI@TEN,sleeper_202610234,sleeper,player_rush_yds,Tyjae Spears,TEN,RB2,Under,17.5,-133.0,0.5405,0.508573682225042,0.031926317774958024,MODERATE,PASS,False,False,,"rush_yds_v0, MODEL_UNVALIDATED (no backtest)",,,,,,553aeb009ecd2b42b21f3b46eadccc96e098560ee3af50be4bdbfeacc301ee13,props-v1.3,tag,decision,1,2026-09-20T12:09:20Z,2026-09-20T17:00:00+00:00,290.7,41.0,over,settled,0,-100.0,21.294,2,7,0.117647058823529,0.0071428571428571,0.181470588235294,PHI,20.0,24.0,44.0,team+name
2026,2,PHI@TEN,sleeper_202610234,sleeper,player_reception_yds,Dallas Goedert,PHI,TE1,Under,38.5,-128.0,0.52945,0.5,0.029449999999999976,,PASS,False,False,,"receiving_hier_v2, MODEL_UNVALIDATED (PROTOTYPE)",,,,,,553aeb009ecd2b42b21f3b46eadccc96e098560ee3af50be4bdbfeacc301ee13,props-v1.3,tag,decision,1,2026-09-20T12:09:20Z,2026-09-20T17:00:00+00:00,290.7,4.0,under,settled,1,78.12,-37.395,2,0,0.0588235294117647,0.0136986301369863,0.0978243352135375,TEN,24.0,20.0,44.0,team+name
2026,2,PHI@TEN,sleeper_202610234,sleeper,player_anytime_td,Dallas Goedert,PHI,TE1,Yes,,170.0,0.3472226762933063,0.32328369051943334,0.023938985773872934,,PASS,False,False,,"anytime_td_v0, MODEL_UNVALIDATED (no backtest)",,,,,,553aeb009ecd2b42b21f3b46eadccc96e098560ee3af50be4bdbfeacc301ee13,props-v1.3,tag,decision,1,2026-09-20T12:09:20Z,2026-09-20T17:00:00+00:00,290.7,0.0,no,settled,0,-100.0,,2,0,0.0588235294117647,0.0136986301369863,0.0978243352135375,TEN,24.0,20.0,44.0,team+name
2026,2,PHI@TEN,sleeper_202610234,sleeper,player_reception_yds,Wan'Dale Robinson,TEN,WR2,Over,37.5,-128.0,0.52225,0.5,0.022249999999999992,,PASS,True,False,,"receiving_hier_v2, MODEL_UNVALIDATED (PROTOTYPE)",,,,,,553aeb009ecd2b42b21f3b46eadccc96e098560ee3af50be4bdbfeacc301ee13,props-v1.3,tag,decision,1,2026-09-20T12:09:20Z,2026-09-20T17:00:00+00:00,290.7,9.0,under,settled,0,-100.0,-36.18,1,0,0.0588235294117647,0.0428571428571429,0.118235294117647,PHI,20.0,24.0,44.0,team+name
2026,2,PHI@TEN,sleeper_202610234,sleeper,player_receptions,Dallas Goedert,PHI,TE1,Over,3.5,-147.0,0.5517,0.5297477391718228,0.02195226082817714,,PASS,False,False,,"receiving_hier_v2, MODEL_UNVALIDATED (PROTOTYPE)",,,,,,553aeb009ecd2b42b21f3b46eadccc96e098560ee3af50be4bdbfeacc301ee13,props-v1.3,tag,decision,1,2026-09-20T12:09:20Z,2026-09-20T17:00:00+00:00,290.7,1.0,under,settled,0,-100.0,-2.988,2,0,0.0588235294117647,0.0136986301369863,0.0978243352135375,TEN,24.0,20.0,44.0,team+name
2026,2,PHI@TEN,sleeper_202610234,sleeper,player_receptions,Gunnar Helm,TEN,TE1,Under,2.5,113.0,0.43465,0.4165715590047935,0.0180784409952065,,PASS,False,False,,"receiving_hier_v2, MODEL_UNVALIDATED (PROTOTYPE)",,,,,,553aeb009ecd2b42b21f3b46eadccc96e098560ee3af50be4bdbfeacc301ee13,props-v1.3,tag,decision,1,2026-09-20T12:09:20Z,2026-09-20T17:00:00+00:00,290.7,2.0,under,settled,1,113.0,-0.989,2,0,0.117647058823529,-0.0071428571428571,0.171470588235294,PHI,20.0,24.0,44.0,team+name
2026,2,PHI@TEN,sleeper_202610234,sleeper,player_receptions,Calvin Ridley,TEN,WR3,Under,1.5,-116.0,0.49339999999999995,0.47860028761213447,0.014799712387865482,,PASS,False,False,,"receiving_hier_v2, MODEL_UNVALIDATED (PROTOTYPE)",,,,,,553aeb009ecd2b42b21f3b46eadccc96e098560ee3af50be4bdbfeacc301ee13,props-v1.3,tag,decision,1,2026-09-20T12:09:20Z,2026-09-20T17:00:00+00:00,290.7,2.0,over,settled,0,-100.0,0.273,2,0,0.117647058823529,0.192857142857143,0.311470588235294,PHI,20.0,24.0,44.0,team+name
2026,2,PHI@TEN,sleeper_202610234,sleeper,player_reception_yds,Tony Pollard,TEN,RB1,Under,9.5,-130.0,0.51875,0.5043103448275863,0.014439655172413746,,PASS,False,False,,"receiving_hier_v2, MODEL_UNVALIDATED (PROTOTYPE)",,,,,,553aeb009ecd2b42b21f3b46eadccc96e098560ee3af50be4bdbfeacc301ee13,props-v1.3,tag,decision,1,2026-09-20T12:09:20Z,2026-09-20T17:00:00+00:00,290.7,1.0,under,settled,1,76.92,-11.697,1,14,0.0588235294117647,-0.05,0.0532352941176471,PHI,20.0,24.0,44.0,team+name
2026,2,PHI@TEN,sleeper_202610234,sleeper,player_receptions,Tyjae Spears,TEN,RB2,Over,2.5,-141.0,0.5288,0.5213997123878655,0.007400287612134515,,PASS,False,False,,"receiving_hier_v2, MODEL_UNVALIDATED (PROTOTYPE)",,,,,,553aeb009ecd2b42b21f3b46eadccc96e098560ee3af50be4bdbfeacc301ee13,props-v1.3,tag,decision,1,2026-09-20T12:09:20Z,2026-09-20T17:00:00+00:00,290.7,2.0,under,settled,0,-100.0,-0.838,2,7,0.117647058823529,0.0071428571428571,0.181470588235294,PHI,20.0,24.0,44.0,team+name
2026,2,PHI@TEN,sleeper_202610234,sleeper,player_reception_yds,Gunnar Helm,TEN,TE1,Under,22.5,-128.0,0.501,0.5,0.0010000000000000009,,PASS,False,False,,"receiving_hier_v2, MODEL_UNVALIDATED (PROTOTYPE)",,,,,,553aeb009ecd2b42b21f3b46eadccc96e098560ee3af50be4bdbfeacc301ee13,props-v1.3,tag,decision,1,2026-09-20T12:09:20Z,2026-09-20T17:00:00+00:00,290.7,13.0,under,settled,1,78.12,-14.414,2,0,0.117647058823529,-0.0071428571428571,0.171470588235294,PHI,20.0,24.0,44.0,team+name
2026,2,PHI@TEN,sleeper_202610234,sleeper,player_anytime_td,Tony Pollard,TEN,RB1,Yes,,194.0,0.2803331316232739,0.2966184350939196,-0.016285303470645718,,PASS,False,False,,"anytime_td_v0, MODEL_UNVALIDATED (no backtest)",,,,,,553aeb009ecd2b42b21f3b46eadccc96e098560ee3af50be4bdbfeacc301ee13,props-v1.3,tag,decision,1,2026-09-20T12:09:20Z,2026-09-20T17:00:00+00:00,290.7,0.0,no,settled,0,-100.0,,1,14,0.0588235294117647,-0.05,0.0532352941176471,PHI,20.0,24.0,44.0,team+name
2026,2,PHI@TEN,sleeper_202610234,sleeper,player_anytime_td,Carnell Tate,TEN,WR1,Yes,,251.0,0.2178243375420642,0.24676899912166966,-0.028944661579605457,,PASS,False,False,,"anytime_td_v0, MODEL_UNVALIDATED (no backtest)",,,,,,553aeb009ecd2b42b21f3b46eadccc96e098560ee3af50be4bdbfeacc301ee13,props-v1.3,tag,decision,1,2026-09-20T12:09:20Z,2026-09-20T17:00:00+00:00,290.7,0.0,no,settled,0,-100.0,,5,0,0.294117647058824,0.357142857142857,0.691176470588235,PHI,20.0,24.0,44.0,team+name
2026,2,PHI@TEN,sleeper_202610234,sleeper,player_anytime_td,DeVonta Smith,PHI,WR1,Yes,,164.0,0.28744025265640116,0.3315774621390274,-0.04413720948262623,,PASS,False,False,,"anytime_td_v0, MODEL_UNVALIDATED (no backtest)",,,,,,553aeb009ecd2b42b21f3b46eadccc96e098560ee3af50be4bdbfeacc301ee13,props-v1.3,tag,decision,1,2026-09-20T12:09:20Z,2026-09-20T17:00:00+00:00,290.7,1.0,yes,settled,1,164.0,,13,0,0.382352941176471,0.643835616438356,1.02421434327156,TEN,24.0,20.0,44.0,team+name
2026,2,PHI@TEN,sleeper_202610234,sleeper,player_anytime_td,Saquon Barkley,PHI,RB1,Yes,,-130.0,0.44659909860979596,0.5025544959128065,-0.05595539730301058,,PASS,False,False,,"anytime_td_v0, MODEL_UNVALIDATED (no backtest)",,,,,,553aeb009ecd2b42b21f3b46eadccc96e098560ee3af50be4bdbfeacc301ee13,props-v1.3,tag,decision,1,2026-09-20T12:09:20Z,2026-09-20T17:00:00+00:00,290.7,0.0,no,settled,0,-100.0,,2,4,0.0588235294117647,0.0136986301369863,0.0978243352135375,TEN,24.0,20.0,44.0,team+name
2026,2,PHI@TEN,sleeper_202610234,sleeper,player_anytime_td,Jalen Hurts,PHI,QB1,Yes,,129.0,0.17244961586670016,0.38614597971257514,-0.21369636384587498,,PASS,False,False,,"anytime_td_v0, MODEL_UNVALIDATED (no backtest)",,,,,,553aeb009ecd2b42b21f3b46eadccc96e098560ee3af50be4bdbfeacc301ee13,props-v1.3,tag,decision,1,2026-09-20T12:09:20Z,2026-09-20T17:00:00+00:00,290.7,0.0,no,settled,0,-100.0,,0,5,0.0,0.0,0.0,TEN,24.0,20.0,44.0,team+name
2026,2,PIT@NE,sleeper_202610221,sleeper,player_receptions,Romeo Doubs,NE,WR1,Under,3.5,-156.0,0.8021,0.5433231396534148,0.2587768603465852,WEAK (book likely knows something),PASS,True,False,,"receiving_hier_v2, MODEL_UNVALIDATED (PROTOTYPE)",,,,,,553aeb009ecd2b42b21f3b46eadccc96e098560ee3af50be4bdbfeacc301ee13,props-v1.3,tag,decision,1,2026-09-20T12:09:22Z,2026-09-20T17:00:00+00:00,290.6,3.0,under,settled,1,64.1,0.721,4,0,0.19047619047619,0.387755102040816,0.557142857142857,PIT,20.0,3.0,23.0,team+name
2026,2,PIT@NE,sleeper_202610221,sleeper,player_receptions,Roman Wilson,PIT,WR3,Under,2.5,-101.0,0.6749499999999999,0.4471724693097202,0.22777753069027973,WEAK (book likely knows something),PASS,False,False,,"receiving_hier_v2, MODEL_UNVALIDATED (PROTOTYPE)",,,,,,553aeb009ecd2b42b21f3b46eadccc96e098560ee3af50be4bdbfeacc301ee13,props-v1.3,tag,decision,1,2026-09-20T12:09:22Z,2026-09-20T17:00:00+00:00,290.6,5.0,over,settled,0,-100.0,2.991,6,0,0.162162162162162,0.0976744186046512,0.311615336266499,NE,3.0,20.0,23.0,team+name
2026,2,PIT@NE,sleeper_202610221,sleeper,player_reception_yds,Roman Wilson,PIT,WR3,Under,32.5,-125.0,0.69705,0.49403747870528103,0.20301252129471892,WEAK (book likely knows something),PASS,False,False,,"receiving_hier_v2, MODEL_UNVALIDATED (PROTOTYPE)",,,,,,553aeb009ecd2b42b21f3b46eadccc96e098560ee3af50be4bdbfeacc301ee13,props-v1.3,tag,decision,1,2026-09-20T12:09:22Z,2026-09-20T17:00:00+00:00,290.6,28.0,under,settled,1,80.0,2.868,6,0,0.162162162162162,0.0976744186046512,0.311615336266499,NE,3.0,20.0,23.0,team+name
2026,2,PIT@NE,sleeper_202610221,sleeper,player_reception_yds,Romeo Doubs,NE,WR1,Under,38.5,-125.0,0.67745,0.49403747870528103,0.18341252129471897,WEAK (book likely knows something),PASS,True,False,,"receiving_hier_v2, MODEL_UNVALIDATED (PROTOTYPE)",,,,,,553aeb009ecd2b42b21f3b46eadccc96e098560ee3af50be4bdbfeacc301ee13,props-v1.3,tag,decision,1,2026-09-20T12:09:22Z,2026-09-20T17:00:00+00:00,290.6,96.0,over,settled,0,-100.0,64.769,4,0,0.19047619047619,0.387755102040816,0.557142857142857,PIT,20.0,3.0,23.0,team+name
2026,2,PIT@NE,sleeper_202610221,sleeper,player_receptions,DeMario Douglas,NE,WR2,Under,3.5,-179.0,0.72355,0.5692716213295458,0.15427837867045424,WEAK (book likely knows something),PASS,False,False,,"receiving_hier_v2, MODEL_UNVALIDATED (PROTOTYPE)",,,,,,553aeb009ecd2b42b21f3b46eadccc96e098560ee3af50be4bdbfeacc301ee13,props-v1.3,tag,decision,1,2026-09-20T12:09:22Z,2026-09-20T17:00:00+00:00,290.6,1.0,under,settled,1,55.87,-1.647,2,0,0.0952380952380952,0.0,0.142857142857143,PIT,20.0,3.0,23.0,team+name
2026,2,PIT@NE,sleeper_202610221,sleeper,player_reception_yds,Pat Freiermuth,PIT,PROXY,Under,31.5,-127.0,0.6447499999999999,0.49744550408719346,0.14730449591280648,STRONG,PASS,False,False,,"receiving_hier_v2, MODEL_UNVALIDATED (PROTOTYPE)",,,,,,553aeb009ecd2b42b21f3b46eadccc96e098560ee3af50be4bdbfeacc301ee13,props-v1.3,tag,decision,1,2026-09-20T12:09:22Z,2026-09-20T17:00:00+00:00,290.6,32.0,over,settled,0,-100.0,4.221,5,1,0.135135135135135,0.218604651162791,0.355725958516656,NE,3.0,20.0,23.0,team+name
2026,2,PIT@NE,sleeper_202610221,sleeper,player_receptions,Pat Freiermuth,PIT,PROXY,Under,3.5,-164.0,0.6920999999999999,0.5528275306902797,0.13927246930972026,STRONG,PASS,False,False,,"receiving_hier_v2, MODEL_UNVALIDATED (PROTOTYPE)",,,,,,553aeb009ecd2b42b21f3b46eadccc96e098560ee3af50be4bdbfeacc301ee13,props-v1.3,tag,decision,1,2026-09-20T12:09:22Z,2026-09-20T17:00:00+00:00,290.6,4.0,over,settled,0,-100.0,1.213,5,1,0.135135135135135,0.218604651162791,0.355725958516656,NE,3.0,20.0,23.0,team+name
2026,2,PIT@NE,sleeper_202610221,sleeper,player_rush_yds,TreVeyon Henderson,NE,RB2,Over,35.5,-128.0,0.63395,0.5,0.13395,STRONG,PASS,False,False,,"rush_yds_v0, MODEL_UNVALIDATED (no backtest)",,,,,,553aeb009ecd2b42b21f3b46eadccc96e098560ee3af50be4bdbfeacc301ee13,props-v1.3,tag,decision,1,2026-09-20T12:09:22Z,2026-09-20T17:00:00+00:00,290.6,76.0,over,settled,1,78.12,28.402,0,16,0.0,0.0,0.0,PIT,20.0,3.0,23.0,team+name
2026,2,PIT@NE,sleeper_202610221,sleeper,player_reception_yds,Mack Hollins,NE,WR3,Under,36.5,-125.0,0.61895,0.49403747870528103,0.12491252129471897,STRONG,PASS,False,False,,"receiving_hier_v2, MODEL_UNVALIDATED (PROTOTYPE)",,,,,,553aeb009ecd2b42b21f3b46eadccc96e098560ee3af50be4bdbfeacc301ee13,props-v1.3,tag,decision,1,2026-09-20T12:09:22Z,2026-09-20T17:00:00+00:00,290.6,18.0,under,settled,1,80.0,-15.802,2,0,0.0952380952380952,0.0612244897959184,0.185714285714286,PIT,20.0,3.0,23.0,team+name
2026,2,PIT@NE,sleeper_202610221,sleeper,player_reception_yds,Hunter Henry,NE,TE1,Under,38.5,-125.0,0.6184499999999999,0.49403747870528103,0.12441252129471891,STRONG,PASS,False,False,,"receiving_hier_v2, MODEL_UNVALIDATED (PROTOTYPE)",,,,,,553aeb009ecd2b42b21f3b46eadccc96e098560ee3af50be4bdbfeacc301ee13,props-v1.3,tag,decision,1,2026-09-20T12:09:22Z,2026-09-20T17:00:00+00:00,290.6,40.0,over,settled,0,-100.0,4.595,5,0,0.238095238095238,0.290816326530612,0.560714285714286,PIT,20.0,3.0,23.0,team+name
2026,2,PIT@NE,sleeper_202610221,sleeper,player_rush_yds,Jaylen Warren,PIT,RB1,Over,43.5,-127.0,0.6139,0.4974455040871935,0.11645449591280649,STRONG,PASS,False,False,,"rush_yds_v0, MODEL_UNVALIDATED (no backtest)",,,,,,553aeb009ecd2b42b21f3b46eadccc96e098560ee3af50be4bdbfeacc301ee13,props-v1.3,tag,decision,1,2026-09-20T12:09:22Z,2026-09-20T17:00:00+00:00,290.6,43.0,under,settled,0,-100.0,-12.265,4,11,0.108108108108108,-0.0511627906976744,0.12634820867379,NE,3.0,20.0,23.0,team+name
2026,2,PIT@NE,sleeper_202610221,sleeper,player_reception_yds,DeMario Douglas,NE,WR2,Under,34.5,-127.0,0.6067,0.4991381093566849,0.10756189064331512,WEAK (book likely knows something),PASS,False,False,,"receiving_hier_v2, MODEL_UNVALIDATED (PROTOTYPE)",,,,,,553aeb009ecd2b42b21f3b46eadccc96e098560ee3af50be4bdbfeacc301ee13,props-v1.3,tag,decision,1,2026-09-20T12:09:22Z,2026-09-20T17:00:00+00:00,290.6,9.0,under,settled,1,78.74,-24.032,2,0,0.0952380952380952,0.0,0.142857142857143,PIT,20.0,3.0,23.0,team+name
2026,2,PIT@NE,sleeper_202610221,sleeper,player_receptions,TreVeyon Henderson,NE,RB2,Over,1.5,-110.0,0.5695,0.4667689161554192,0.1027310838445808,STRONG,PASS,False,False,,"receiving_hier_v2, MODEL_UNVALIDATED (PROTOTYPE)",,,,,,553aeb009ecd2b42b21f3b46eadccc96e098560ee3af50be4bdbfeacc301ee13,props-v1.3,tag,decision,1,2026-09-20T12:09:22Z,2026-09-20T17:00:00+00:00,290.6,0.0,under,settled,0,-100.0,-1.944,0,16,0.0,0.0,0.0,PIT,20.0,3.0,23.0,team+name
2026,2,PIT@NE,sleeper_202610221,sleeper,player_receptions,Darnell Washington,PIT,TE1,Over,1.5,-164.0,0.65385,0.5540540540540541,0.09979594594594599,STRONG,PASS,False,False,,"receiving_hier_v2, MODEL_UNVALIDATED (PROTOTYPE)",,,,,,553aeb009ecd2b42b21f3b46eadccc96e098560ee3af50be4bdbfeacc301ee13,props-v1.3,tag,decision,1,2026-09-20T12:09:22Z,2026-09-20T17:00:00+00:00,290.6,1.0,under,settled,0,-100.0,-1.286,2,0,0.0540540540540541,0.0186046511627907,0.0941043368950346,NE,3.0,20.0,23.0,team+name
2026,2,PIT@NE,sleeper_202610221,sleeper,player_anytime_td,Jaylen Warren,PIT,RB1,Yes,,164.0,0.4244174230748895,0.3315774621390274,0.09283996093586211,STRONG,PASS,False,False,,"anytime_td_v0, MODEL_UNVALIDATED (no backtest)",,,,,,553aeb009ecd2b42b21f3b46eadccc96e098560ee3af50be4bdbfeacc301ee13,props-v1.3,tag,decision,1,2026-09-20T12:09:22Z,2026-09-20T17:00:00+00:00,290.6,0.0,no,settled,0,-100.0,,4,11,0.108108108108108,-0.0511627906976744,0.12634820867379,NE,3.0,20.0,23.0,team+name
2026,2,PIT@NE,sleeper_202610221,sleeper,player_anytime_td,TreVeyon Henderson,NE,RB2,Yes,,205.0,0.376433583258343,0.2856775189808261,0.09075606427751687,STRONG,PASS,False,False,,"anytime_td_v0, MODEL_UNVALIDATED (no backtest)",,,,,,553aeb009ecd2b42b21f3b46eadccc96e098560ee3af50be4bdbfeacc301ee13,props-v1.3,tag,decision,1,2026-09-20T12:09:22Z,2026-09-20T17:00:00+00:00,290.6,1.0,yes,settled,1,205.0,,0,16,0.0,0.0,0.0,PIT,20.0,3.0,23.0,team+name
2026,2,PIT@NE,sleeper_202610221,sleeper,player_reception_yds,Darnell Washington,PIT,TE1,Over,14.5,-128.0,0.5881,0.5,0.08809999999999996,STRONG,PASS,False,False,,"receiving_hier_v2, MODEL_UNVALIDATED (PROTOTYPE)",,,,,,553aeb009ecd2b42b21f3b46eadccc96e098560ee3af50be4bdbfeacc301ee13,props-v1.3,tag,decision,1,2026-09-20T12:09:22Z,2026-09-20T17:00:00+00:00,290.6,7.0,under,settled,0,-100.0,-17.594,2,0,0.0540540540540541,0.0186046511627907,0.0941043368950346,NE,3.0,20.0,23.0,team+name
2026,2,PIT@NE,sleeper_202610221,sleeper,player_receptions,Rico Dowdle,PIT,RB2,Under,2.5,-139.0,0.58815,0.517947490769862,0.07020250923013793,WEAK (book likely knows something),PASS,True,False,,"receiving_hier_v2, MODEL_UNVALIDATED (PROTOTYPE)",,,,,,553aeb009ecd2b42b21f3b46eadccc96e098560ee3af50be4bdbfeacc301ee13,props-v1.3,tag,decision,1,2026-09-20T12:09:22Z,2026-09-20T17:00:00+00:00,290.6,2.0,under,settled,1,71.94,-0.338,2,7,0.0540540540540541,0.0093023255813953,0.0875927089880578,NE,3.0,20.0,23.0,team+name
2026,2,PIT@NE,sleeper_202610221,sleeper,player_receptions,Mack Hollins,NE,WR3,Under,3.5,-189.0,0.6473,0.5798136058971488,0.06748639410285118,STRONG,PASS,False,False,,"receiving_hier_v2, MODEL_UNVALIDATED (PROTOTYPE)",,,,,,553aeb009ecd2b42b21f3b46eadccc96e098560ee3af50be4bdbfeacc301ee13,props-v1.3,tag,decision,1,2026-09-20T12:09:22Z,2026-09-20T17:00:00+00:00,290.6,2.0,under,settled,1,52.91,-1.007,2,0,0.0952380952380952,0.0612244897959184,0.185714285714286,PIT,20.0,3.0,23.0,team+name
2026,2,PIT@NE,sleeper_202610221,sleeper,player_receptions,Hunter Henry,NE,TE1,Under,3.5,-156.0,0.60425,0.5433231396534148,0.06092686034658512,STRONG,PASS,False,False,,"receiving_hier_v2, MODEL_UNVALIDATED (PROTOTYPE)",,,,,,553aeb009ecd2b42b21f3b46eadccc96e098560ee3af50be4bdbfeacc301ee13,props-v1.3,tag,decision,1,2026-09-20T12:09:22Z,2026-09-20T17:00:00+00:00,290.6,3.0,under,settled,1,64.1,-0.187,5,0,0.238095238095238,0.290816326530612,0.560714285714286,PIT,20.0,3.0,23.0,team+name
2026,2,PIT@NE,sleeper_202610221,sleeper,player_reception_yds,TreVeyon Henderson,NE,RB2,Over,7.5,-133.0,0.56905,0.508573682225042,0.06047631777495799,STRONG,PASS,False,False,,"receiving_hier_v2, MODEL_UNVALIDATED (PROTOTYPE)",,,,,,553aeb009ecd2b42b21f3b46eadccc96e098560ee3af50be4bdbfeacc301ee13,props-v1.3,tag,decision,1,2026-09-20T12:09:22Z,2026-09-20T17:00:00+00:00,290.6,0.0,under,settled,0,-100.0,-12.893,0,16,0.0,0.0,0.0,PIT,20.0,3.0,23.0,team+name
2026,2,PIT@NE,sleeper_202610221,sleeper,player_receptions,DK Metcalf,PIT,WR1,Under,4.5,-139.0,0.56715,0.517947490769862,0.049202509230138025,MODERATE,PASS,False,False,,"receiving_hier_v2, MODEL_UNVALIDATED (PROTOTYPE)",,,,,,553aeb009ecd2b42b21f3b46eadccc96e098560ee3af50be4bdbfeacc301ee13,props-v1.3,tag,decision,1,2026-09-20T12:09:22Z,2026-09-20T17:00:00+00:00,290.6,4.0,under,settled,1,71.94,-0.335,9,0,0.243243243243243,0.288372093023256,0.566725329981144,NE,3.0,20.0,23.0,team+name
2026,2,PIT@NE,sleeper_202610221,sleeper,player_receptions,Jaylen Warren,PIT,RB1,Under,3.5,-204.0,0.6353,0.5939737151405065,0.04132628485949352,MODERATE,PASS,False,False,,"receiving_hier_v2, MODEL_UNVALIDATED (PROTOTYPE)",,,,,,553aeb009ecd2b42b21f3b46eadccc96e098560ee3af50be4bdbfeacc301ee13,props-v1.3,tag,decision,1,2026-09-20T12:09:22Z,2026-09-20T17:00:00+00:00,290.6,2.0,under,settled,1,49.02,-1.051,4,11,0.108108108108108,-0.0511627906976744,0.12634820867379,NE,3.0,20.0,23.0,team+name
2026,2,PIT@NE,sleeper_202610221,sleeper,player_rush_yds,Rhamondre Stevenson,NE,RB1,Under,48.5,-130.0,0.5446,0.5043103448275863,0.040289655172413674,MODERATE,PASS,False,False,,"rush_yds_v0, MODEL_UNVALIDATED (no backtest)",,,,,,553aeb009ecd2b42b21f3b46eadccc96e098560ee3af50be4bdbfeacc301ee13,props-v1.3,tag,decision,1,2026-09-20T12:09:22Z,2026-09-20T17:00:00+00:00,290.6,43.0,under,settled,1,76.92,-7.442,2,6,0.0952380952380952,0.0153061224489796,0.153571428571429,PIT,20.0,3.0,23.0,team+name
2026,2,PIT@NE,sleeper_202610221,sleeper,player_reception_yds,Rhamondre Stevenson,NE,RB1,Over,17.5,-128.0,0.5387,0.5008618906433151,0.03783810935668486,MODERATE,PASS,False,False,,"receiving_hier_v2, MODEL_UNVALIDATED (PROTOTYPE)",,,,,,553aeb009ecd2b42b21f3b46eadccc96e098560ee3af50be4bdbfeacc301ee13,props-v1.3,tag,decision,1,2026-09-20T12:09:22Z,2026-09-20T17:00:00+00:00,290.6,3.0,under,settled,0,-100.0,-20.415,2,6,0.0952380952380952,0.0153061224489796,0.153571428571429,PIT,20.0,3.0,23.0,team+name
2026,2,PIT@NE,sleeper_202610221,sleeper,player_reception_yds,DK Metcalf,PIT,WR1,Under,58.5,-130.0,0.5378499999999999,0.5025544959128065,0.0352955040871934,MODERATE,PASS,False,False,,"receiving_hier_v2, MODEL_UNVALIDATED (PROTOTYPE)",,,,,,553aeb009ecd2b42b21f3b46eadccc96e098560ee3af50be4bdbfeacc301ee13,props-v1.3,tag,decision,1,2026-09-20T12:09:22Z,2026-09-20T17:00:00+00:00,290.6,27.0,under,settled,1,76.92,-35.391,9,0,0.243243243243243,0.288372093023256,0.566725329981144,NE,3.0,20.0,23.0,team+name
2026,2,PIT@NE,sleeper_202610221,sleeper,player_reception_yds,Rico Dowdle,PIT,RB2,Under,14.5,-132.0,0.53355,0.5059625212947189,0.02758747870528111,,PASS,True,False,,"receiving_hier_v2, MODEL_UNVALIDATED (PROTOTYPE)",,,,,,553aeb009ecd2b42b21f3b46eadccc96e098560ee3af50be4bdbfeacc301ee13,props-v1.3,tag,decision,1,2026-09-20T12:09:22Z,2026-09-20T17:00:00+00:00,290.6,22.0,over,settled,0,-100.0,4.853,2,7,0.0540540540540541,0.0093023255813953,0.0875927089880578,NE,3.0,20.0,23.0,team+name
2026,2,PIT@NE,sleeper_202610221,sleeper,player_reception_yds,Jaylen Warren,PIT,RB1,Over,18.5,-128.0,0.5107,0.5008618906433151,0.009838109356684943,,PASS,False,False,,"receiving_hier_v2, MODEL_UNVALIDATED (PROTOTYPE)",,,,,,553aeb009ecd2b42b21f3b46eadccc96e098560ee3af50be4bdbfeacc301ee13,props-v1.3,tag,decision,1,2026-09-20T12:09:22Z,2026-09-20T17:00:00+00:00,290.6,34.0,over,settled,1,78.12,11.15,4,11,0.108108108108108,-0.0511627906976744,0.12634820867379,NE,3.0,20.0,23.0,team+name
2026,2,PIT@NE,sleeper_202610221,sleeper,player_receptions,Rhamondre Stevenson,NE,RB1,Under,2.5,-102.0,0.45145,0.45012173677803324,0.0013282632219667745,,PASS,False,False,,"receiving_hier_v2, MODEL_UNVALIDATED (PROTOTYPE)",,,,,,553aeb009ecd2b42b21f3b46eadccc96e098560ee3af50be4bdbfeacc301ee13,props-v1.3,tag,decision,1,2026-09-20T12:09:22Z,2026-09-20T17:00:00+00:00,290.6,1.0,under,settled,1,98.04,-1.9,2,6,0.0952380952380952,0.0153061224489796,0.153571428571429,PIT,20.0,3.0,23.0,team+name
2026,2,PIT@NE,sleeper_202610221,sleeper,player_rush_yds,Rico Dowdle,PIT,RB2,Over,32.5,-132.0,0.5069,0.505962521294719,0.0009374787052810474,,PASS,True,False,,"rush_yds_v0, MODEL_UNVALIDATED (no backtest)",,,,,,553aeb009ecd2b42b21f3b46eadccc96e098560ee3af50be4bdbfeacc301ee13,props-v1.3,tag,decision,1,2026-09-20T12:09:22Z,2026-09-20T17:00:00+00:00,290.6,22.0,under,settled,0,-100.0,-15.337,2,7,0.0540540540540541,0.0093023255813953,0.0875927089880578,NE,3.0,20.0,23.0,team+name
2026,2,PIT@NE,sleeper_202610221,sleeper,player_anytime_td,Romeo Doubs,NE,WR1,Yes,,228.0,0.24226502220028645,0.2645502645502646,-0.02228524234997814,,PASS,True,False,,"anytime_td_v0, MODEL_UNVALIDATED (no backtest)",,,,,,553aeb009ecd2b42b21f3b46eadccc96e098560ee3af50be4bdbfeacc301ee13,props-v1.3,tag,decision,1,2026-09-20T12:09:22Z,2026-09-20T17:00:00+00:00,290.6,0.0,no,settled,0,-100.0,,4,0,0.19047619047619,0.387755102040816,0.557142857142857,PIT,20.0,3.0,23.0,team+name
2026,2,PIT@NE,sleeper_202610221,sleeper,player_anytime_td,Rico Dowdle,PIT,RB2,Yes,,184.0,0.2739877080940465,0.30727318803852005,-0.03328547994447356,,PASS,True,False,,"anytime_td_v0, MODEL_UNVALIDATED (no backtest)",,,,,,553aeb009ecd2b42b21f3b46eadccc96e098560ee3af50be4bdbfeacc301ee13,props-v1.3,tag,decision,1,2026-09-20T12:09:22Z,2026-09-20T17:00:00+00:00,290.6,0.0,no,settled,0,-100.0,,2,7,0.0540540540540541,0.0093023255813953,0.0875927089880578,NE,3.0,20.0,23.0,team+name
2026,2,PIT@NE,sleeper_202610221,sleeper,player_anytime_td,Rhamondre Stevenson,NE,RB1,Yes,,-103.0,0.40072714683200616,0.45131450827653363,-0.05058736144452747,,PASS,False,False,,"anytime_td_v0, MODEL_UNVALIDATED (no backtest)",,,,,,553aeb009ecd2b42b21f3b46eadccc96e098560ee3af50be4bdbfeacc301ee13,props-v1.3,tag,decision,1,2026-09-20T12:09:22Z,2026-09-20T17:00:00+00:00,290.6,0.0,no,settled,0,-100.0,,2,6,0.0952380952380952,0.0153061224489796,0.153571428571429,PIT,20.0,3.0,23.0,team+name
2026,2,PIT@NE,sleeper_202610221,sleeper,player_anytime_td,Hunter Henry,NE,TE1,Yes,,181.0,0.2538622068865998,0.311320129827118,-0.057457922940518213,,PASS,False,False,,"anytime_td_v0, MODEL_UNVALIDATED (no backtest)",,,,,,553aeb009ecd2b42b21f3b46eadccc96e098560ee3af50be4bdbfeacc301ee13,props-v1.3,tag,decision,1,2026-09-20T12:09:22Z,2026-09-20T17:00:00+00:00,290.6,0.0,no,settled,0,-100.0,,5,0,0.238095238095238,0.290816326530612,0.560714285714286,PIT,20.0,3.0,23.0,team+name
2026,2,PIT@NE,sleeper_202610221,sleeper,player_anytime_td,DK Metcalf,PIT,WR1,Yes,,184.0,0.2341910949011986,0.30727318803852005,-0.07308209313732145,,PASS,False,False,,"anytime_td_v0, MODEL_UNVALIDATED (no backtest)",,,,,,553aeb009ecd2b42b21f3b46eadccc96e098560ee3af50be4bdbfeacc301ee13,props-v1.3,tag,decision,1,2026-09-20T12:09:22Z,2026-09-20T17:00:00+00:00,290.6,0.0,no,settled,0,-100.0,,9,0,0.243243243243243,0.288372093023256,0.566725329981144,NE,3.0,20.0,23.0,team+name
2026,2,PIT@NE,sleeper_202610221,sleeper,player_anytime_td,Drake Maye,NE,QB1,Yes,,208.0,0.18700853707573095,0.2820653451382904,-0.09505680806255945,,PASS,False,False,,"anytime_td_v0, MODEL_UNVALIDATED (no backtest)",,,,,,553aeb009ecd2b42b21f3b46eadccc96e098560ee3af50be4bdbfeacc301ee13,props-v1.3,tag,decision,1,2026-09-20T12:09:22Z,2026-09-20T17:00:00+00:00,290.6,0.0,no,settled,0,-100.0,,0,4,0.0,0.0,0.0,PIT,20.0,3.0,23.0,team+name
2026,2,PIT@NE,sleeper_202610221,sleeper,player_anytime_td,Mack Hollins,NE,WR3,Yes,,223.0,0.1676464650579763,0.2692496279537889,-0.10160316289581256,,PASS,False,False,,"anytime_td_v0, MODEL_UNVALIDATED (no backtest)",,,,,,553aeb009ecd2b42b21f3b46eadccc96e098560ee3af50be4bdbfeacc301ee13,props-v1.3,tag,decision,1,2026-09-20T12:09:22Z,2026-09-20T17:00:00+00:00,290.6,0.0,no,settled,0,-100.0,,2,0,0.0952380952380952,0.0612244897959184,0.185714285714286,PIT,20.0,3.0,23.0,team+name
2026,2,SEA@ARI,sleeper_202610201,sleeper,player_receptions,Kendrick Bourne,ARI,WR3,Over,2.5,-143.0,0.7593,0.5238541489180439,0.23544585108195604,WEAK (book likely knows something),PASS,True,False,,"receiving_hier_v2, MODEL_UNVALIDATED (PROTOTYPE)",,,,,,553aeb009ecd2b42b21f3b46eadccc96e098560ee3af50be4bdbfeacc301ee13,props-v1.3,tag,decision,1,2026-09-20T18:50:35Z,2026-09-20T20:25:00+00:00,94.4,2.0,under,settled,0,-100.0,-2.094,3,0,0.115384615384615,0.091743119266055,0.237297106563162,SEA,7.0,31.0,38.0,team+name
2026,2,SEA@ARI,sleeper_202610201,sleeper,player_reception_yds,Kendrick Bourne,ARI,WR3,Over,24.5,-128.0,0.69765,0.5,0.19765,WEAK (book likely knows something),PASS,True,False,,"receiving_hier_v2, MODEL_UNVALIDATED (PROTOTYPE)",,,,,,553aeb009ecd2b42b21f3b46eadccc96e098560ee3af50be4bdbfeacc301ee13,props-v1.3,tag,decision,1,2026-09-20T18:50:35Z,2026-09-20T20:25:00+00:00,94.4,11.0,under,settled,0,-100.0,-33.298,3,0,0.115384615384615,0.091743119266055,0.237297106563162,SEA,7.0,31.0,38.0,team+name
2026,2,SEA@ARI,sleeper_202610201,sleeper,player_receptions,Trey McBride,ARI,TE1,Over,6.5,-118.0,0.6307,0.48056644585642827,0.15013355414357177,WEAK (book likely knows something),PASS,False,False,,"receiving_hier_v2, MODEL_UNVALIDATED (PROTOTYPE)",,,,,,553aeb009ecd2b42b21f3b46eadccc96e098560ee3af50be4bdbfeacc301ee13,props-v1.3,tag,decision,1,2026-09-20T18:50:35Z,2026-09-20T20:25:00+00:00,94.4,8.0,over,settled,1,84.75,0.241,10,0,0.384615384615385,0.330275229357798,0.808115737473536,SEA,7.0,31.0,38.0,team+name
2026,2,SEA@ARI,sleeper_202610201,sleeper,player_rush_yds,George Holani,SEA,RB2,Under,29.5,-127.0,0.6387499999999999,0.49744550408719346,0.14130449591280647,STRONG,PASS,False,False,,"rush_yds_v0, MODEL_UNVALIDATED (no backtest)",,,,,,553aeb009ecd2b42b21f3b46eadccc96e098560ee3af50be4bdbfeacc301ee13,props-v1.3,tag,decision,1,2026-09-20T18:50:35Z,2026-09-20T20:25:00+00:00,94.4,13.0,under,settled,1,78.74,-14.004,1,4,0.0384615384615385,-0.0176211453744493,0.0453575059301932,ARI,31.0,7.0,38.0,team+name
2026,2,SEA@ARI,sleeper_202610201,sleeper,player_receptions,Rashid Shaheed,SEA,WR2,Over,1.5,-167.0,0.7036,0.5557404326123128,0.14785956738768724,STRONG,PASS,False,False,,"receiving_hier_v2, MODEL_UNVALIDATED (PROTOTYPE)",,,,,,553aeb009ecd2b42b21f3b46eadccc96e098560ee3af50be4bdbfeacc301ee13,props-v1.3,tag,decision,1,2026-09-20T18:50:35Z,2026-09-20T20:25:00+00:00,94.4,3.0,over,settled,1,59.88,0.495,6,1,0.230769230769231,0.295154185022026,0.552761775669265,ARI,31.0,7.0,38.0,team+name
2026,2,SEA@ARI,sleeper_202610201,sleeper,player_receptions,Michael Wilson,ARI,WR2,Over,3.5,-152.0,0.65355,0.5362954959821731,0.11725450401782689,STRONG,PASS,False,False,,"receiving_hier_v2, MODEL_UNVALIDATED (PROTOTYPE)",,,,,,553aeb009ecd2b42b21f3b46eadccc96e098560ee3af50be4bdbfeacc301ee13,props-v1.3,tag,decision,1,2026-09-20T18:50:35Z,2026-09-20T20:25:00+00:00,94.4,2.0,under,settled,0,-100.0,-2.576,7,0,0.269230769230769,0.458715596330275,0.724947071277347,SEA,7.0,31.0,38.0,team+name
2026,2,SEA@ARI,sleeper_202610201,sleeper,player_reception_yds,Michael Wilson,ARI,WR2,Over,37.5,-132.0,0.6229,0.505962521294719,0.11693747870528104,STRONG,PASS,False,False,,"receiving_hier_v2, MODEL_UNVALIDATED (PROTOTYPE)",,,,,,553aeb009ecd2b42b21f3b46eadccc96e098560ee3af50be4bdbfeacc301ee13,props-v1.3,tag,decision,1,2026-09-20T18:50:35Z,2026-09-20T20:25:00+00:00,94.4,18.0,under,settled,0,-100.0,-36.733,7,0,0.269230769230769,0.458715596330275,0.724947071277347,SEA,7.0,31.0,38.0,team+name
2026,2,SEA@ARI,sleeper_202610201,sleeper,player_anytime_td,Trey McBride,ARI,TE1,Yes,,159.0,0.43008234998246464,0.3392912769307189,0.09079107305174572,STRONG,PASS,False,False,,"anytime_td_v0, MODEL_UNVALIDATED (no backtest)",,,,,,553aeb009ecd2b42b21f3b46eadccc96e098560ee3af50be4bdbfeacc301ee13,props-v1.3,tag,decision,1,2026-09-20T18:50:35Z,2026-09-20T20:25:00+00:00,94.4,1.0,yes,settled,1,159.0,,10,0,0.384615384615385,0.330275229357798,0.808115737473536,SEA,7.0,31.0,38.0,team+name
2026,2,SEA@ARI,sleeper_202610201,sleeper,player_reception_yds,Jadarian Price,SEA,RB1,Over,7.5,-132.0,0.595,0.505962521294719,0.089037478705281,STRONG,PASS,False,False,,"receiving_hier_v2, MODEL_UNVALIDATED (PROTOTYPE)",,,,,,553aeb009ecd2b42b21f3b46eadccc96e098560ee3af50be4bdbfeacc301ee13,props-v1.3,tag,decision,1,2026-09-20T18:50:35Z,2026-09-20T20:25:00+00:00,94.4,8.0,over,settled,1,75.76,-6.711,2,13,0.0769230769230769,0.0704845814977974,0.164723822433074,ARI,31.0,7.0,38.0,team+name
2026,2,SEA@ARI,sleeper_202610201,sleeper,player_reception_yds,Trey McBride,ARI,TE1,Over,61.5,-130.0,0.58505,0.5025544959128065,0.08249550408719342,STRONG,PASS,False,False,,"receiving_hier_v2, MODEL_UNVALIDATED (PROTOTYPE)",,,,,,553aeb009ecd2b42b21f3b46eadccc96e098560ee3af50be4bdbfeacc301ee13,props-v1.3,tag,decision,0,2026-09-20T12:09:32Z,2026-09-20T20:25:00+00:00,495.5,41.0,under,settled,0,-100.0,-33.713,10,0,0.384615384615385,0.330275229357798,0.808115737473536,SEA,7.0,31.0,38.0,team+name
2026,2,SEA@ARI,sleeper_202610201,sleeper,player_rush_yds,Jadarian Price,SEA,RB1,Under,61.5,-128.0,0.58195,0.5,0.08194999999999997,STRONG,PASS,False,False,,"rush_yds_v0, MODEL_UNVALIDATED (no backtest)",,,,,,553aeb009ecd2b42b21f3b46eadccc96e098560ee3af50be4bdbfeacc301ee13,props-v1.3,tag,decision,0,2026-09-20T12:09:32Z,2026-09-20T20:25:00+00:00,495.5,52.0,under,settled,1,78.12,-8.428,2,13,0.0769230769230769,0.0704845814977974,0.164723822433074,ARI,31.0,7.0,38.0,team+name
2026,2,SEA@ARI,sleeper_202610201,sleeper,player_anytime_td,Jadarian Price,SEA,RB1,Yes,,127.0,0.44194455016004586,0.3882273326289045,0.05371721753114134,STRONG,PASS,False,False,,"anytime_td_v0, MODEL_UNVALIDATED (no backtest)",,,,,,553aeb009ecd2b42b21f3b46eadccc96e098560ee3af50be4bdbfeacc301ee13,props-v1.3,tag,decision,1,2026-09-20T18:50:35Z,2026-09-20T20:25:00+00:00,94.4,0.0,no,settled,0,-100.0,,2,13,0.0769230769230769,0.0704845814977974,0.164723822433074,ARI,31.0,7.0,38.0,team+name
2026,2,SEA@ARI,sleeper_202610201,sleeper,player_receptions,Jadarian Price,SEA,RB1,Over,1.5,-130.0,0.5669,0.5025544959128065,0.06434550408719342,STRONG,PASS,False,False,,"receiving_hier_v2, MODEL_UNVALIDATED (PROTOTYPE)",,,,,,553aeb009ecd2b42b21f3b46eadccc96e098560ee3af50be4bdbfeacc301ee13,props-v1.3,tag,decision,1,2026-09-20T18:50:35Z,2026-09-20T20:25:00+00:00,94.4,1.0,under,settled,0,-100.0,-0.934,2,13,0.0769230769230769,0.0704845814977974,0.164723822433074,ARI,31.0,7.0,38.0,team+name
2026,2,SEA@ARI,sleeper_202610201,sleeper,player_rush_yds,Jeremiyah Love,ARI,RB1,Under,36.5,-125.0,0.5400499999999999,0.49403747870528103,0.04601252129471889,MODERATE,PASS,False,False,,"rush_yds_v0, MODEL_UNVALIDATED (no backtest)",,,,,,553aeb009ecd2b42b21f3b46eadccc96e098560ee3af50be4bdbfeacc301ee13,props-v1.3,tag,decision,0,2026-09-20T12:09:32Z,2026-09-20T20:25:00+00:00,495.5,29.0,under,settled,1,80.0,-9.819,3,9,0.115384615384615,0.0,0.173076923076923,SEA,7.0,31.0,38.0,team+name
2026,2,SEA@ARI,sleeper_202610201,sleeper,player_anytime_td,Jaxon Smith-Njigba,SEA,WR1,Yes,,120.0,0.44709413853328195,0.4022988505747126,0.04479528795856935,WEAK (book likely knows something),PASS,False,False,,"anytime_td_v0, MODEL_UNVALIDATED (no backtest)",,,,,,553aeb009ecd2b42b21f3b46eadccc96e098560ee3af50be4bdbfeacc301ee13,props-v1.3,tag,decision,1,2026-09-20T18:50:35Z,2026-09-20T20:25:00+00:00,94.4,1.0,yes,settled,1,120.0,,11,0,0.423076923076923,0.533039647577093,1.00774313791935,ARI,31.0,7.0,38.0,team+name
2026,2,SEA@ARI,sleeper_202610201,sleeper,player_rush_yds,Tyler Allgeier,ARI,RB2,Over,34.5,-130.0,0.5452,0.5043103448275861,0.04088965517241394,WEAK (book likely knows something),PASS,True,False,,"rush_yds_v0, MODEL_UNVALIDATED (no backtest)",,,,,,553aeb009ecd2b42b21f3b46eadccc96e098560ee3af50be4bdbfeacc301ee13,props-v1.3,tag,decision,1,2026-09-20T18:50:35Z,2026-09-20T20:25:00+00:00,94.4,10.0,under,settled,0,-100.0,-31.818,2,5,0.0769230769230769,-0.0275229357798165,0.0961185603387438,SEA,7.0,31.0,38.0,team+name
2026,2,SEA@ARI,sleeper_202610201,sleeper,player_receptions,Jaxon Smith-Njigba,SEA,WR1,Over,6.5,-115.0,0.5074,0.476145851081956,0.031254148918043956,WEAK (book likely knows something),PASS,False,False,,"receiving_hier_v2, MODEL_UNVALIDATED (PROTOTYPE)",,,,,,553aeb009ecd2b42b21f3b46eadccc96e098560ee3af50be4bdbfeacc301ee13,props-v1.3,tag,decision,1,2026-09-20T18:50:35Z,2026-09-20T20:25:00+00:00,94.4,9.0,over,settled,1,86.96,2.223,11,0,0.423076923076923,0.533039647577093,1.00774313791935,ARI,31.0,7.0,38.0,team+name
2026,2,SEA@ARI,sleeper_202610201,sleeper,player_reception_yds,Marvin Harrison Jr.,ARI,WR1,Over,35.5,-127.0,0.5218,0.4974455040871935,0.02435449591280653,,PASS,False,False,,"receiving_hier_v2, MODEL_UNVALIDATED (PROTOTYPE)",,,,,,553aeb009ecd2b42b21f3b46eadccc96e098560ee3af50be4bdbfeacc301ee13,props-v1.3,tag,decision,1,2026-09-20T18:50:35Z,2026-09-20T20:25:00+00:00,94.4,0.0,under,settled,0,-100.0,-44.341,1,0,0.0384615384615385,0.0275229357798165,0.0769583627381793,SEA,7.0,31.0,38.0,team+name
2026,2,SEA@ARI,sleeper_202610201,sleeper,player_receptions,Cooper Kupp,SEA,WR3,Over,2.5,109.0,0.44925,0.4243281471004243,0.02492185289957566,,PASS,False,False,,"receiving_hier_v2, MODEL_UNVALIDATED (PROTOTYPE)",,,,,,553aeb009ecd2b42b21f3b46eadccc96e098560ee3af50be4bdbfeacc301ee13,props-v1.3,tag,decision,1,2026-09-20T18:50:35Z,2026-09-20T20:25:00+00:00,94.4,2.0,under,settled,0,-100.0,-0.481,2,0,0.0769230769230769,0.0616740088105727,0.158556421552016,ARI,31.0,7.0,38.0,team+name
2026,2,SEA@ARI,sleeper_202610201,sleeper,player_receptions,Marvin Harrison Jr.,ARI,WR1,Under,3.5,-182.0,0.5988,0.573089499818336,0.025710500181663987,,PASS,False,False,,"receiving_hier_v2, MODEL_UNVALIDATED (PROTOTYPE)",,,,,,553aeb009ecd2b42b21f3b46eadccc96e098560ee3af50be4bdbfeacc301ee13,props-v1.3,tag,decision,1,2026-09-20T18:50:35Z,2026-09-20T20:25:00+00:00,94.4,0.0,under,settled,1,54.95,-3.225,1,0,0.0384615384615385,0.0275229357798165,0.0769583627381793,SEA,7.0,31.0,38.0,team+name
2026,2,SEA@ARI,sleeper_202610201,sleeper,player_reception_yds,Jaxon Smith-Njigba,SEA,WR1,Over,82.5,-127.0,0.52395,0.4991381093566848,0.024811890643315238,,PASS,False,False,,"receiving_hier_v2, MODEL_UNVALIDATED (PROTOTYPE)",,,,,,553aeb009ecd2b42b21f3b46eadccc96e098560ee3af50be4bdbfeacc301ee13,props-v1.3,tag,decision,1,2026-09-20T18:50:35Z,2026-09-20T20:25:00+00:00,94.4,155.0,over,settled,1,78.74,62.011,11,0,0.423076923076923,0.533039647577093,1.00774313791935,ARI,31.0,7.0,38.0,team+name
2026,2,SEA@ARI,sleeper_202610201,sleeper,player_receptions,Jeremiyah Love,ARI,RB1,Under,2.5,101.0,0.46795,0.4430285230723281,0.02492147692767188,,PASS,False,False,,"receiving_hier_v2, MODEL_UNVALIDATED (PROTOTYPE)",,,,,,553aeb009ecd2b42b21f3b46eadccc96e098560ee3af50be4bdbfeacc301ee13,props-v1.3,tag,decision,1,2026-09-20T18:50:35Z,2026-09-20T20:25:00+00:00,94.4,3.0,over,settled,0,-100.0,0.152,3,9,0.115384615384615,0.0,0.173076923076923,SEA,7.0,31.0,38.0,team+name
2026,2,SEA@ARI,sleeper_202610201,sleeper,player_receptions,AJ Barner,SEA,TE1,Under,2.5,-127.0,0.51665,0.4991381093566849,0.017511890643315153,,PASS,False,False,,"receiving_hier_v2, MODEL_UNVALIDATED (PROTOTYPE)",,,,,,553aeb009ecd2b42b21f3b46eadccc96e098560ee3af50be4bdbfeacc301ee13,props-v1.3,tag,decision,1,2026-09-20T18:50:35Z,2026-09-20T20:25:00+00:00,94.4,1.0,under,settled,1,78.74,-1.638,1,1,0.0384615384615385,0.0352422907488987,0.0823619112165368,ARI,31.0,7.0,38.0,team+name
2026,2,SEA@ARI,sleeper_202610201,sleeper,player_reception_yds,AJ Barner,SEA,TE1,Under,22.5,-130.0,0.5211,0.5025544959128065,0.018545504087193465,,PASS,False,False,,"receiving_hier_v2, MODEL_UNVALIDATED (PROTOTYPE)",,,,,,553aeb009ecd2b42b21f3b46eadccc96e098560ee3af50be4bdbfeacc301ee13,props-v1.3,tag,decision,1,2026-09-20T18:50:35Z,2026-09-20T20:25:00+00:00,94.4,8.0,under,settled,1,76.92,-18.711,1,1,0.0384615384615385,0.0352422907488987,0.0823619112165368,ARI,31.0,7.0,38.0,team+name
2026,2,SEA@ARI,sleeper_202610201,sleeper,player_reception_yds,Rashid Shaheed,SEA,WR2,Over,24.5,-128.0,0.51485,0.5008618906433151,0.01398810935668493,,PASS,False,False,,"receiving_hier_v2, MODEL_UNVALIDATED (PROTOTYPE)",,,,,,553aeb009ecd2b42b21f3b46eadccc96e098560ee3af50be4bdbfeacc301ee13,props-v1.3,tag,decision,1,2026-09-20T18:50:35Z,2026-09-20T20:25:00+00:00,94.4,35.0,over,settled,1,78.12,3.059,6,1,0.230769230769231,0.295154185022026,0.552761775669265,ARI,31.0,7.0,38.0,team+name
2026,2,SEA@ARI,sleeper_202610201,sleeper,player_anytime_td,Jeremiyah Love,ARI,RB1,Yes,,164.0,0.34153011368236774,0.3315774621390274,0.009952651543340352,,PASS,False,False,,"anytime_td_v0, MODEL_UNVALIDATED (no backtest)",,,,,,553aeb009ecd2b42b21f3b46eadccc96e098560ee3af50be4bdbfeacc301ee13,props-v1.3,tag,decision,1,2026-09-20T18:50:35Z,2026-09-20T20:25:00+00:00,94.4,0.0,no,settled,0,-100.0,,3,9,0.115384615384615,0.0,0.173076923076923,SEA,7.0,31.0,38.0,team+name
2026,2,SEA@ARI,sleeper_202610201,sleeper,player_reception_yds,Jeremiyah Love,ARI,RB1,Over,16.5,-133.0,0.5121,0.508573682225042,0.003526317774958043,,PASS,False,False,,"receiving_hier_v2, MODEL_UNVALIDATED (PROTOTYPE)",,,,,,553aeb009ecd2b42b21f3b46eadccc96e098560ee3af50be4bdbfeacc301ee13,props-v1.3,tag,decision,1,2026-09-20T18:50:35Z,2026-09-20T20:25:00+00:00,94.4,16.0,under,settled,0,-100.0,-5.053,3,9,0.115384615384615,0.0,0.173076923076923,SEA,7.0,31.0,38.0,team+name
2026,2,SEA@ARI,sleeper_202610201,sleeper,player_reception_yds,Cooper Kupp,SEA,WR3,Over,23.5,-127.0,0.4997,0.4974455040871935,0.0022544959128064646,,PASS,False,False,,"receiving_hier_v2, MODEL_UNVALIDATED (PROTOTYPE)",,,,,,553aeb009ecd2b42b21f3b46eadccc96e098560ee3af50be4bdbfeacc301ee13,props-v1.3,tag,decision,0,2026-09-20T12:09:32Z,2026-09-20T20:25:00+00:00,495.5,20.0,under,settled,0,-100.0,-9.882,2,0,0.0769230769230769,0.0616740088105727,0.158556421552016,ARI,31.0,7.0,38.0,team+name
2026,2,SEA@ARI,sleeper_202610201,sleeper,player_anytime_td,Tyler Allgeier,ARI,RB2,Yes,,191.0,0.2428227849574699,0.29876276387339856,-0.05593997891592867,,PASS,True,False,,"anytime_td_v0, MODEL_UNVALIDATED (no backtest)",,,,,,553aeb009ecd2b42b21f3b46eadccc96e098560ee3af50be4bdbfeacc301ee13,props-v1.3,tag,decision,1,2026-09-20T18:50:35Z,2026-09-20T20:25:00+00:00,94.4,0.0,no,settled,0,-100.0,,2,5,0.0769230769230769,-0.0275229357798165,0.0961185603387438,SEA,7.0,31.0,38.0,team+name
2026,2,SEA@ARI,sleeper_202610201,sleeper,player_anytime_td,George Holani,SEA,RB2,Yes,,179.0,0.16695027712495425,0.31285362444252146,-0.1459033473175672,,PASS,False,False,,"anytime_td_v0, MODEL_UNVALIDATED (no backtest)",,,,,,553aeb009ecd2b42b21f3b46eadccc96e098560ee3af50be4bdbfeacc301ee13,props-v1.3,tag,decision,1,2026-09-20T18:50:35Z,2026-09-20T20:25:00+00:00,94.4,0.0,no,settled,0,-100.0,,1,4,0.0384615384615385,-0.0176211453744493,0.0453575059301932,ARI,31.0,7.0,38.0,team+name
2026,2,WAS@DAL,sleeper_202610209,sleeper,player_receptions,Rachaad White,WAS,RB2,Under,2.5,-204.0,0.84875,0.5939737151405065,0.25477628485949355,WEAK (book likely knows something),PASS,True,False,,"receiving_hier_v2, MODEL_UNVALIDATED (PROTOTYPE)",,,,,,553aeb009ecd2b42b21f3b46eadccc96e098560ee3af50be4bdbfeacc301ee13,props-v1.3,tag,decision,1,2026-09-20T18:50:37Z,2026-09-20T20:25:00+00:00,94.4,6.0,over,settled,0,-100.0,4.688,6,7,0.176470588235294,0.0222841225626741,0.280304768146813,DAL,20.0,37.0,57.0,team+name
2026,2,WAS@DAL,sleeper_202610209,sleeper,player_reception_yds,Rachaad White,WAS,RB2,Under,11.5,-125.0,0.73265,0.49403747870528103,0.238612521294719,WEAK (book likely knows something),PASS,True,False,,"receiving_hier_v2, MODEL_UNVALIDATED (PROTOTYPE)",,,,,,553aeb009ecd2b42b21f3b46eadccc96e098560ee3af50be4bdbfeacc301ee13,props-v1.3,tag,decision,1,2026-09-20T18:50:37Z,2026-09-20T20:25:00+00:00,94.4,40.0,over,settled,0,-100.0,32.118,6,7,0.176470588235294,0.0222841225626741,0.280304768146813,DAL,20.0,37.0,57.0,team+name
2026,2,WAS@DAL,sleeper_202610209,sleeper,player_reception_yds,Antonio Williams,WAS,WR3,Under,26.5,-127.0,0.6739999999999999,0.49744550408719346,0.17655449591280648,WEAK (book likely knows something),PASS,False,False,,"receiving_hier_v2, MODEL_UNVALIDATED (PROTOTYPE)",,,,,,553aeb009ecd2b42b21f3b46eadccc96e098560ee3af50be4bdbfeacc301ee13,props-v1.3,tag,decision,1,2026-09-20T18:50:37Z,2026-09-20T20:25:00+00:00,94.4,24.0,under,settled,1,78.74,2.134,3,0,0.0882352941176471,0.0445682451253482,0.163550712764214,DAL,20.0,37.0,57.0,team+name
2026,2,WAS@DAL,sleeper_202610209,sleeper,player_receptions,Terry McLaurin,WAS,WR1,Under,4.5,-182.0,0.7361500000000001,0.573089499818336,0.16306050018166407,WEAK (book likely knows something),PASS,False,False,,"receiving_hier_v2, MODEL_UNVALIDATED (PROTOTYPE)",,,,,,553aeb009ecd2b42b21f3b46eadccc96e098560ee3af50be4bdbfeacc301ee13,props-v1.3,tag,decision,1,2026-09-20T18:50:37Z,2026-09-20T20:25:00+00:00,94.4,2.0,under,settled,1,54.95,-1.41,9,0,0.264705882352941,0.428969359331476,0.697337375061445,DAL,20.0,37.0,57.0,team+name
2026,2,WAS@DAL,sleeper_202610209,sleeper,player_reception_yds,Terry McLaurin,WAS,WR1,Under,54.5,-128.0,0.6646000000000001,0.5,0.16460000000000008,WEAK (book likely knows something),PASS,False,False,,"receiving_hier_v2, MODEL_UNVALIDATED (PROTOTYPE)",,,,,,553aeb009ecd2b42b21f3b46eadccc96e098560ee3af50be4bdbfeacc301ee13,props-v1.3,tag,decision,1,2026-09-20T18:50:37Z,2026-09-20T20:25:00+00:00,94.4,50.0,under,settled,1,78.12,4.494,9,0,0.264705882352941,0.428969359331476,0.697337375061445,DAL,20.0,37.0,57.0,team+name
2026,2,WAS@DAL,sleeper_202610209,sleeper,player_receptions,Antonio Williams,WAS,WR3,Under,2.5,-175.0,0.7037,0.5660749506903353,0.13762504930966468,STRONG,PASS,False,False,,"receiving_hier_v2, MODEL_UNVALIDATED (PROTOTYPE)",,,,,,553aeb009ecd2b42b21f3b46eadccc96e098560ee3af50be4bdbfeacc301ee13,props-v1.3,tag,decision,1,2026-09-20T18:50:37Z,2026-09-20T20:25:00+00:00,94.4,3.0,over,settled,0,-100.0,1.097,3,0,0.0882352941176471,0.0445682451253482,0.163550712764214,DAL,20.0,37.0,57.0,team+name
2026,2,WAS@DAL,sleeper_202610209,sleeper,player_receptions,John Bates,WAS,PROXY,Under,1.5,108.0,0.5448999999999999,0.426910500181664,0.11798949981833595,STRONG,PASS,False,False,,"receiving_hier_v2, MODEL_UNVALIDATED (PROTOTYPE)",,,,,,553aeb009ecd2b42b21f3b46eadccc96e098560ee3af50be4bdbfeacc301ee13,props-v1.3,tag,decision,1,2026-09-20T18:50:37Z,2026-09-20T20:25:00+00:00,94.4,,,unjoined,,,,,,,,,,,,,
2026,2,WAS@DAL,sleeper_202610209,sleeper,player_rush_yds,Javonte Williams,DAL,RB1,Under,75.5,-128.0,0.60555,0.5,0.10555000000000003,STRONG,PASS,False,False,,"rush_yds_v0, MODEL_UNVALIDATED (no backtest)",,,,,,553aeb009ecd2b42b21f3b46eadccc96e098560ee3af50be4bdbfeacc301ee13,props-v1.3,tag,decision,1,2026-09-20T18:50:37Z,2026-09-20T20:25:00+00:00,94.4,30.0,under,settled,1,78.12,-41.622,4,12,0.129032258064516,-0.0491803278688525,0.159122157588577,WAS,37.0,20.0,57.0,team+name
2026,2,WAS@DAL,sleeper_202610209,sleeper,player_receptions,CeeDee Lamb,DAL,WR1,Under,5.5,-102.0,0.5373,0.4483815105901159,0.08891848940988412,STRONG,PASS,False,False,,"receiving_hier_v2, MODEL_UNVALIDATED (PROTOTYPE)",,,,,,553aeb009ecd2b42b21f3b46eadccc96e098560ee3af50be4bdbfeacc301ee13,props-v1.3,tag,decision,1,2026-09-20T18:50:37Z,2026-09-20T20:25:00+00:00,94.4,8.0,over,settled,0,-100.0,2.505,9,0,0.290322580645161,0.557377049180328,0.825647805393971,WAS,37.0,20.0,57.0,team+name
2026,2,WAS@DAL,sleeper_202610209,sleeper,player_reception_yds,Javonte Williams,DAL,RB1,Over,13.5,-128.0,0.57865,0.5,0.07865,STRONG,PASS,False,False,,"receiving_hier_v2, MODEL_UNVALIDATED (PROTOTYPE)",,,,,,553aeb009ecd2b42b21f3b46eadccc96e098560ee3af50be4bdbfeacc301ee13,props-v1.3,tag,decision,1,2026-09-20T18:50:37Z,2026-09-20T20:25:00+00:00,94.4,20.0,over,settled,1,78.12,-0.266,4,12,0.129032258064516,-0.0491803278688525,0.159122157588577,WAS,37.0,20.0,57.0,team+name
2026,2,WAS@DAL,sleeper_202610209,sleeper,player_reception_yds,John Bates,WAS,PROXY,Under,13.5,-128.0,0.57435,0.5,0.07435000000000003,STRONG,PASS,False,False,,"receiving_hier_v2, MODEL_UNVALIDATED (PROTOTYPE)",,,,,,553aeb009ecd2b42b21f3b46eadccc96e098560ee3af50be4bdbfeacc301ee13,props-v1.3,tag,decision,1,2026-09-20T18:50:37Z,2026-09-20T20:25:00+00:00,94.4,,,unjoined,,,,,,,,,,,,,
2026,2,WAS@DAL,sleeper_202610209,sleeper,player_reception_yds,CeeDee Lamb,DAL,WR1,Under,76.5,-127.0,0.57045,0.4991381093566849,0.07131189064331511,STRONG,PASS,False,False,,"receiving_hier_v2, MODEL_UNVALIDATED (PROTOTYPE)",,,,,,553aeb009ecd2b42b21f3b46eadccc96e098560ee3af50be4bdbfeacc301ee13,props-v1.3,tag,decision,1,2026-09-20T18:50:37Z,2026-09-20T20:25:00+00:00,94.4,153.0,over,settled,0,-100.0,77.717,9,0,0.290322580645161,0.557377049180328,0.825647805393971,WAS,37.0,20.0,57.0,team+name
2026,2,WAS@DAL,sleeper_202610209,sleeper,player_receptions,Stefon Diggs,WAS,WR2,Under,4.5,-119.0,0.5541,0.4845376765281929,0.06956232347180713,WEAK (book likely knows something),PASS,True,False,,"receiving_hier_v2, MODEL_UNVALIDATED (PROTOTYPE)",,,,,,553aeb009ecd2b42b21f3b46eadccc96e098560ee3af50be4bdbfeacc301ee13,props-v1.3,tag,decision,1,2026-09-20T18:50:37Z,2026-09-20T20:25:00+00:00,94.4,5.0,over,settled,0,-100.0,0.591,6,0,0.176470588235294,0.200557103064067,0.405095854497788,DAL,20.0,37.0,57.0,team+name
2026,2,WAS@DAL,sleeper_202610209,sleeper,player_anytime_td,Jake Ferguson,DAL,TE1,Yes,,205.0,0.3469327452674724,0.2856775189808261,0.061255226286646314,WEAK (book likely knows something),PASS,False,False,,"anytime_td_v0, MODEL_UNVALIDATED (no backtest)",,,,,,553aeb009ecd2b42b21f3b46eadccc96e098560ee3af50be4bdbfeacc301ee13,props-v1.3,tag,decision,1,2026-09-20T18:50:37Z,2026-09-20T20:25:00+00:00,94.4,1.0,yes,settled,1,205.0,,4,0,0.129032258064516,0.118852459016393,0.27674510840825,WAS,37.0,20.0,57.0,team+name
2026,2,WAS@DAL,sleeper_202610209,sleeper,player_reception_yds,Jake Ferguson,DAL,TE1,Over,26.5,-128.0,0.54815,0.5,0.048150000000000026,WEAK (book likely knows something),PASS,False,False,,"receiving_hier_v2, MODEL_UNVALIDATED (PROTOTYPE)",,,,,,553aeb009ecd2b42b21f3b46eadccc96e098560ee3af50be4bdbfeacc301ee13,props-v1.3,tag,decision,1,2026-09-20T18:50:37Z,2026-09-20T20:25:00+00:00,94.4,43.0,over,settled,1,78.12,8.853,4,0,0.129032258064516,0.118852459016393,0.27674510840825,WAS,37.0,20.0,57.0,team+name
2026,2,WAS@DAL,sleeper_202610209,sleeper,player_rush_yds,Emari Demercado,DAL,RB2,Under,10.5,-127.0,0.54975,0.49744550408719346,0.0523044959128065,WEAK (book likely knows something),PASS,True,False,,"rush_yds_v0, MODEL_UNVALIDATED (no backtest)",,,,,,553aeb009ecd2b42b21f3b46eadccc96e098560ee3af50be4bdbfeacc301ee13,props-v1.3,tag,decision,1,2026-09-20T18:50:37Z,2026-09-20T20:25:00+00:00,94.4,8.0,under,settled,1,78.74,-4.263,0,3,0.0,0.0,0.0,WAS,37.0,20.0,57.0,team+name
2026,2,WAS@DAL,sleeper_202610209,sleeper,player_reception_yds,Ryan Flournoy,DAL,WR3,Under,29.5,-127.0,0.5433,0.4991381093566849,0.044161890643315105,MODERATE,PASS,False,False,,"receiving_hier_v2, MODEL_UNVALIDATED (PROTOTYPE)",,,,,,553aeb009ecd2b42b21f3b46eadccc96e098560ee3af50be4bdbfeacc301ee13,props-v1.3,tag,decision,1,2026-09-20T18:50:37Z,2026-09-20T20:25:00+00:00,94.4,23.0,under,settled,1,78.74,-9.65,6,0,0.193548387096774,0.0327868852459016,0.313273400317292,WAS,37.0,20.0,57.0,team+name
2026,2,WAS@DAL,sleeper_202610209,sleeper,player_receptions,Jake Ferguson,DAL,TE1,Over,3.5,-115.0,0.5162,0.476145851081956,0.040054148918043986,WEAK (book likely knows something),PASS,False,False,,"receiving_hier_v2, MODEL_UNVALIDATED (PROTOTYPE)",,,,,,553aeb009ecd2b42b21f3b46eadccc96e098560ee3af50be4bdbfeacc301ee13,props-v1.3,tag,decision,1,2026-09-20T18:50:37Z,2026-09-20T20:25:00+00:00,94.4,4.0,over,settled,1,86.96,0.219,4,0,0.129032258064516,0.118852459016393,0.27674510840825,WAS,37.0,20.0,57.0,team+name
2026,2,WAS@DAL,sleeper_202610209,sleeper,player_receptions,Javonte Williams,DAL,RB1,Over,2.5,-123.0,0.5377,0.491426317774958,0.04627368222504197,MODERATE,PASS,False,False,,"receiving_hier_v2, MODEL_UNVALIDATED (PROTOTYPE)",,,,,,553aeb009ecd2b42b21f3b46eadccc96e098560ee3af50be4bdbfeacc301ee13,props-v1.3,tag,decision,1,2026-09-20T18:50:37Z,2026-09-20T20:25:00+00:00,94.4,3.0,over,settled,1,81.3,0.135,4,12,0.129032258064516,-0.0491803278688525,0.159122157588577,WAS,37.0,20.0,57.0,team+name
2026,2,WAS@DAL,sleeper_202610209,sleeper,player_reception_yds,George Pickens,DAL,WR2,Under,65.5,-128.0,0.5459499999999999,0.5,0.045949999999999935,MODERATE,PASS,False,False,,"receiving_hier_v2, MODEL_UNVALIDATED (PROTOTYPE)",,,,,,553aeb009ecd2b42b21f3b46eadccc96e098560ee3af50be4bdbfeacc301ee13,props-v1.3,tag,decision,0,2026-09-20T12:09:34Z,2026-09-20T20:25:00+00:00,495.4,40.0,under,settled,1,78.12,-28.084,8,0,0.258064516129032,0.34016393442623,0.625211528291909,WAS,37.0,20.0,57.0,team+name
2026,2,WAS@DAL,sleeper_202610209,sleeper,player_receptions,Ryan Flournoy,DAL,WR3,Under,2.5,-110.0,0.49570000000000003,0.46676891615541927,0.028931083844580763,,PASS,False,False,,"receiving_hier_v2, MODEL_UNVALIDATED (PROTOTYPE)",,,,,,553aeb009ecd2b42b21f3b46eadccc96e098560ee3af50be4bdbfeacc301ee13,props-v1.3,tag,decision,1,2026-09-20T18:50:37Z,2026-09-20T20:25:00+00:00,94.4,5.0,over,settled,0,-100.0,2.276,6,0,0.193548387096774,0.0327868852459016,0.313273400317292,WAS,37.0,20.0,57.0,team+name
2026,2,WAS@DAL,sleeper_202610209,sleeper,player_anytime_td,Javonte Williams,DAL,RB1,Yes,,-213.0,0.6109675116456608,0.6006277672157503,0.01033974442991048,,PASS,False,False,,"anytime_td_v0, MODEL_UNVALIDATED (no backtest)",,,,,,553aeb009ecd2b42b21f3b46eadccc96e098560ee3af50be4bdbfeacc301ee13,props-v1.3,tag,decision,1,2026-09-20T18:50:37Z,2026-09-20T20:25:00+00:00,94.4,0.0,no,settled,0,-100.0,,4,12,0.129032258064516,-0.0491803278688525,0.159122157588577,WAS,37.0,20.0,57.0,team+name
2026,2,WAS@DAL,sleeper_202610209,sleeper,player_receptions,George Pickens,DAL,WR2,Under,4.5,-125.0,0.50665,0.4956896551724139,0.010960344827586121,,PASS,False,False,,"receiving_hier_v2, MODEL_UNVALIDATED (PROTOTYPE)",,,,,,553aeb009ecd2b42b21f3b46eadccc96e098560ee3af50be4bdbfeacc301ee13,props-v1.3,tag,decision,1,2026-09-20T18:50:37Z,2026-09-20T20:25:00+00:00,94.4,6.0,over,settled,0,-100.0,1.309,8,0,0.258064516129032,0.34016393442623,0.625211528291909,WAS,37.0,20.0,57.0,team+name
2026,2,WAS@DAL,sleeper_202610209,sleeper,player_rush_yds,Jacory Croskey-Merritt,WAS,RB1,Under,51.5,-128.0,0.5056499999999999,0.5,0.005649999999999933,,PASS,False,False,,"rush_yds_v0, MODEL_UNVALIDATED (no backtest)",,,,,,553aeb009ecd2b42b21f3b46eadccc96e098560ee3af50be4bdbfeacc301ee13,props-v1.3,tag,decision,1,2026-09-20T18:50:37Z,2026-09-20T20:25:00+00:00,94.4,43.0,under,settled,1,78.12,-12.986,1,12,0.0294117647058824,-0.0027855153203342,0.0421677863345895,DAL,20.0,37.0,57.0,team+name
2026,2,WAS@DAL,sleeper_202610209,sleeper,player_rush_yds,Rachaad White,WAS,RB2,Over,21.5,-132.0,0.51375,0.505962521294719,0.00778747870528107,,PASS,True,False,,"rush_yds_v0, MODEL_UNVALIDATED (no backtest)",,,,,,553aeb009ecd2b42b21f3b46eadccc96e098560ee3af50be4bdbfeacc301ee13,props-v1.3,tag,decision,1,2026-09-20T18:50:37Z,2026-09-20T20:25:00+00:00,94.4,43.0,over,settled,1,75.76,16.954,6,7,0.176470588235294,0.0222841225626741,0.280304768146813,DAL,20.0,37.0,57.0,team+name
2026,2,WAS@DAL,sleeper_202610209,sleeper,player_reception_yds,Stefon Diggs,WAS,WR2,Over,48.5,-128.0,0.5029,0.5,0.0029000000000000137,,PASS,True,False,,"receiving_hier_v2, MODEL_UNVALIDATED (PROTOTYPE)",,,,,,553aeb009ecd2b42b21f3b46eadccc96e098560ee3af50be4bdbfeacc301ee13,props-v1.3,tag,decision,0,2026-09-20T12:09:34Z,2026-09-20T20:25:00+00:00,495.4,47.0,under,settled,0,-100.0,-8.395,6,0,0.176470588235294,0.200557103064067,0.405095854497788,DAL,20.0,37.0,57.0,team+name
2026,2,WAS@DAL,sleeper_202610209,sleeper,player_anytime_td,Jacory Croskey-Merritt,WAS,RB1,Yes,,102.0,0.40869033591579196,0.44070906648317437,-0.032018730567382414,,PASS,False,False,,"anytime_td_v0, MODEL_UNVALIDATED (no backtest)",,,,,,553aeb009ecd2b42b21f3b46eadccc96e098560ee3af50be4bdbfeacc301ee13,props-v1.3,tag,decision,1,2026-09-20T18:50:37Z,2026-09-20T20:25:00+00:00,94.4,0.0,no,settled,0,-100.0,,1,12,0.0294117647058824,-0.0027855153203342,0.0421677863345895,DAL,20.0,37.0,57.0,team+name
2026,2,WAS@DAL,sleeper_202610209,sleeper,player_anytime_td,CeeDee Lamb,DAL,WR1,Yes,,102.0,0.39045874778336864,0.44070906648317437,-0.05025031869980573,,PASS,False,False,,"anytime_td_v0, MODEL_UNVALIDATED (no backtest)",,,,,,553aeb009ecd2b42b21f3b46eadccc96e098560ee3af50be4bdbfeacc301ee13,props-v1.3,tag,decision,1,2026-09-20T18:50:37Z,2026-09-20T20:25:00+00:00,94.4,1.0,yes,settled,1,102.0,,9,0,0.290322580645161,0.557377049180328,0.825647805393971,WAS,37.0,20.0,57.0,team+name
2026,2,WAS@DAL,sleeper_202610209,sleeper,player_anytime_td,Stefon Diggs,WAS,WR2,Yes,,189.0,0.25327977580546157,0.3019323671497584,-0.048652591344296836,,PASS,True,False,,"anytime_td_v0, MODEL_UNVALIDATED (no backtest)",,,,,,553aeb009ecd2b42b21f3b46eadccc96e098560ee3af50be4bdbfeacc301ee13,props-v1.3,tag,decision,1,2026-09-20T18:50:37Z,2026-09-20T20:25:00+00:00,94.4,1.0,yes,settled,1,189.0,,6,0,0.176470588235294,0.200557103064067,0.405095854497788,DAL,20.0,37.0,57.0,team+name
2026,2,WAS@DAL,sleeper_202610209,sleeper,player_anytime_td,Rachaad White,WAS,RB2,Yes,,199.0,0.24076530847748956,0.29144989513251435,-0.05068458665502479,,PASS,True,False,,"anytime_td_v0, MODEL_UNVALIDATED (no backtest)",,,,,,553aeb009ecd2b42b21f3b46eadccc96e098560ee3af50be4bdbfeacc301ee13,props-v1.3,tag,decision,1,2026-09-20T18:50:37Z,2026-09-20T20:25:00+00:00,94.4,0.0,no,settled,0,-100.0,,6,7,0.176470588235294,0.0222841225626741,0.280304768146813,DAL,20.0,37.0,57.0,team+name
2026,2,WAS@DAL,sleeper_202610209,sleeper,player_anytime_td,Terry McLaurin,WAS,WR1,Yes,,165.0,0.23640151177585633,0.33074006020563745,-0.09433854842978112,,PASS,False,False,,"anytime_td_v0, MODEL_UNVALIDATED (no backtest)",,,,,,553aeb009ecd2b42b21f3b46eadccc96e098560ee3af50be4bdbfeacc301ee13,props-v1.3,tag,decision,1,2026-09-20T18:50:37Z,2026-09-20T20:25:00+00:00,94.4,0.0,no,settled,0,-100.0,,9,0,0.264705882352941,0.428969359331476,0.697337375061445,DAL,20.0,37.0,57.0,team+name
2026,2,WAS@DAL,sleeper_202610209,sleeper,player_anytime_td,George Pickens,DAL,WR2,Yes,,114.0,0.2872314206387082,0.41373141004137315,-0.12649998940266494,,PASS,False,False,,"anytime_td_v0, MODEL_UNVALIDATED (no backtest)",,,,,,553aeb009ecd2b42b21f3b46eadccc96e098560ee3af50be4bdbfeacc301ee13,props-v1.3,tag,decision,1,2026-09-20T18:50:37Z,2026-09-20T20:25:00+00:00,94.4,0.0,no,settled,0,-100.0,,8,0,0.258064516129032,0.34016393442623,0.625211528291909,WAS,37.0,20.0,57.0,team+name
2026,2,WAS@DAL,sleeper_202610209,sleeper,player_anytime_td,Jayden Daniels,WAS,QB1,Yes,,178.0,0.1673560869248204,0.31362605098091556,-0.14626996405609516,,PASS,False,False,,"anytime_td_v0, MODEL_UNVALIDATED (no backtest)",,,,,,553aeb009ecd2b42b21f3b46eadccc96e098560ee3af50be4bdbfeacc301ee13,props-v1.3,tag,decision,1,2026-09-20T18:50:37Z,2026-09-20T20:25:00+00:00,94.4,0.0,no,settled,0,-100.0,,0,7,0.0,0.0,0.0,DAL,20.0,37.0,57.0,team+name
2026,2,IND@KC,sleeper_202610216,sleeper,player_reception_yds,Keenan Allen,IND,WR3,Over,29.5,-128.0,0.5794,0.5,0.07940000000000003,WEAK (book likely knows something),PASS,True,False,,"receiving_hier_v2, MODEL_UNVALIDATED (PROTOTYPE)",,,,,,553aeb009ecd2b42b21f3b46eadccc96e098560ee3af50be4bdbfeacc301ee13,props-v1.3,tag,decision,1,2026-09-20T21:19:17Z,2026-09-21T00:20:00+00:00,180.7,5.0,under,settled,0,-100.0,-34.856,5,0,0.166666666666667,0.191358024691358,0.383950617283951,KC,30.0,33.0,63.0,team+name
2026,2,IND@KC,sleeper_202610216,sleeper,player_reception_yds,Tyler Warren,IND,TE1,Under,42.5,-128.0,0.5821000000000001,0.5,0.08210000000000006,STRONG,PASS,False,False,,"receiving_hier_v2, MODEL_UNVALIDATED (PROTOTYPE)",,,,,,553aeb009ecd2b42b21f3b46eadccc96e098560ee3af50be4bdbfeacc301ee13,props-v1.3,tag,decision,1,2026-09-20T21:19:17Z,2026-09-21T00:20:00+00:00,180.7,21.0,under,settled,1,78.12,-20.766,7,1,0.233333333333333,-0.0802469135802469,0.293827160493827,KC,30.0,33.0,63.0,team+name
2026,2,IND@KC,sleeper_202610216,sleeper,player_rush_yds,Kenneth Walker III,KC,RB1,Over,83.5,-130.0,0.54385,0.5025544959128065,0.0412955040871934,WEAK (book likely knows something),PASS,True,False,,"rush_yds_v0, MODEL_UNVALIDATED (no backtest)",,,,,,553aeb009ecd2b42b21f3b46eadccc96e098560ee3af50be4bdbfeacc301ee13,props-v1.3,tag,decision,0,2026-09-20T18:50:39Z,2026-09-21T00:20:00+00:00,329.4,117.0,over,settled,1,76.92,24.578,10,24,0.232558139534884,0.049618320610687,0.383570033729807,IND,33.0,30.0,63.0,team+name
2026,2,IND@KC,sleeper_202610216,sleeper,player_reception_yds,Travis Kelce,KC,TE1,Over,41.5,-130.0,0.5438,0.5025544959128065,0.04124550408719341,MODERATE,PASS,False,False,,"receiving_hier_v2, MODEL_UNVALIDATED (PROTOTYPE)",,,,,,553aeb009ecd2b42b21f3b46eadccc96e098560ee3af50be4bdbfeacc301ee13,props-v1.3,tag,decision,1,2026-09-20T21:19:17Z,2026-09-21T00:20:00+00:00,180.7,101.0,over,settled,1,76.92,49.247,11,0,0.255813953488372,0.213740458015267,0.533339250843245,IND,33.0,30.0,63.0,team+name
2026,2,IND@KC,sleeper_202610216,sleeper,player_reception_yds,Rashee Rice,KC,WR1,Over,50.5,-130.0,0.5401,0.5025544959128065,0.03754550408719348,WEAK (book likely knows something),PASS,False,False,,"receiving_hier_v2, MODEL_UNVALIDATED (PROTOTYPE)",,,,,,553aeb009ecd2b42b21f3b46eadccc96e098560ee3af50be4bdbfeacc301ee13,props-v1.3,tag,decision,0,2026-09-20T18:50:39Z,2026-09-21T00:20:00+00:00,329.4,83.0,over,settled,1,76.92,22.0,6,0,0.13953488372093,0.17175572519084,0.329531333214983,IND,33.0,30.0,63.0,team+name
2026,2,IND@KC,sleeper_202610216,sleeper,player_rush_yds,Jonathan Taylor,IND,RB1,Over,81.5,-128.0,0.52455,0.5,0.02454999999999996,,PASS,False,False,,"rush_yds_v0, MODEL_UNVALIDATED (no backtest)",,,,,,553aeb009ecd2b42b21f3b46eadccc96e098560ee3af50be4bdbfeacc301ee13,props-v1.3,tag,decision,1,2026-09-20T21:19:17Z,2026-09-21T00:20:00+00:00,180.7,92.0,over,settled,1,78.12,3.361,4,24,0.133333333333333,-0.0061728395061728,0.195679012345679,KC,30.0,33.0,63.0,team+name
2026,2,IND@KC,sleeper_202610216,sleeper,player_reception_yds,Xavier Worthy,KC,WR2,Over,38.5,-128.0,0.5049,0.5,0.0049000000000000155,,PASS,False,False,,"receiving_hier_v2, MODEL_UNVALIDATED (PROTOTYPE)",,,,,,553aeb009ecd2b42b21f3b46eadccc96e098560ee3af50be4bdbfeacc301ee13,props-v1.3,tag,decision,1,2026-09-20T21:19:17Z,2026-09-21T00:20:00+00:00,180.7,25.0,under,settled,0,-100.0,-21.409,7,0,0.162790697674419,0.152671755725191,0.351056275519262,IND,33.0,30.0,63.0,team+name
2026,2,IND@KC,sleeper_202610216,sleeper,player_anytime_td,Patrick Mahomes,KC,QB1,Yes,,250.0,0.2032403716885013,0.24729969369659838,-0.04405932200809709,,PASS,False,False,,"anytime_td_v0, MODEL_UNVALIDATED (no backtest)",,,,,,553aeb009ecd2b42b21f3b46eadccc96e098560ee3af50be4bdbfeacc301ee13,props-v1.3,tag,decision,1,2026-09-20T21:19:17Z,2026-09-21T00:20:00+00:00,180.7,0.0,no,settled,0,-100.0,,0,2,0.0,0.0,0.0,IND,33.0,30.0,63.0,team+name
2026,2,JAX@DEN,sleeper_202610210,sleeper,player_receptions,J.K. Dobbins,DEN,RB1,Under,1.5,-145.0,0.7255499999999999,0.5283602612581643,0.19718973874183565,WEAK (book likely knows something),PASS,False,False,,"receiving_hier_v2, MODEL_UNVALIDATED (PROTOTYPE)",,,,,,553aeb009ecd2b42b21f3b46eadccc96e098560ee3af50be4bdbfeacc301ee13,props-v1.3,tag,decision,1,2026-09-20T18:50:30Z,2026-09-20T20:05:00+00:00,74.5,0.0,under,settled,1,68.97,-1.029,0,10,0.0,0.0,0.0,JAX,20.0,13.0,33.0,team+name
2026,2,JAX@DEN,sleeper_202610210,sleeper,player_receptions,Adam Trautman,DEN,PROXY,Over,1.5,153.0,0.51425,0.34627621240618023,0.16797378759381976,WEAK (book likely knows something),PASS,False,False,,"receiving_hier_v2, MODEL_UNVALIDATED (PROTOTYPE)",,,,,,553aeb009ecd2b42b21f3b46eadccc96e098560ee3af50be4bdbfeacc301ee13,props-v1.3,tag,decision,1,2026-09-20T18:50:30Z,2026-09-20T20:05:00+00:00,74.5,,,unjoined,,,,,,,,,,,,,
2026,2,JAX@DEN,sleeper_202610210,sleeper,player_reception_yds,J.K. Dobbins,DEN,RB1,Under,7.5,-127.0,0.64615,0.49744550408719346,0.14870449591280654,STRONG,PASS,False,False,,"receiving_hier_v2, MODEL_UNVALIDATED (PROTOTYPE)",,,,,,553aeb009ecd2b42b21f3b46eadccc96e098560ee3af50be4bdbfeacc301ee13,props-v1.3,tag,decision,1,2026-09-20T18:50:30Z,2026-09-20T20:05:00+00:00,74.5,0.0,under,settled,1,78.74,-7.7,0,10,0.0,0.0,0.0,JAX,20.0,13.0,33.0,team+name
2026,2,JAX@DEN,sleeper_202610210,sleeper,player_reception_yds,Parker Washington,JAX,WR2,Under,60.5,-127.0,0.6317999999999999,0.49744550408719346,0.13435449591280646,STRONG,PASS,False,False,,"receiving_hier_v2, MODEL_UNVALIDATED (PROTOTYPE)",,,,,,553aeb009ecd2b42b21f3b46eadccc96e098560ee3af50be4bdbfeacc301ee13,props-v1.3,tag,decision,1,2026-09-20T18:50:30Z,2026-09-20T20:05:00+00:00,74.5,98.0,over,settled,0,-100.0,43.931,12,0,0.428571428571429,0.586092715231788,1.05312204351939,DEN,13.0,20.0,33.0,team+name
2026,2,JAX@DEN,sleeper_202610210,sleeper,player_reception_yds,Jaylen Waddle,DEN,WR1,Under,53.5,-130.0,0.56785,0.5025544959128065,0.06529550408719342,WEAK (book likely knows something),PASS,True,False,,"receiving_hier_v2, MODEL_UNVALIDATED (PROTOTYPE)",,,,,,553aeb009ecd2b42b21f3b46eadccc96e098560ee3af50be4bdbfeacc301ee13,props-v1.3,tag,decision,1,2026-09-20T18:50:30Z,2026-09-20T20:05:00+00:00,74.5,138.0,over,settled,0,-100.0,83.855,10,0,0.344827586206897,0.57089552238806,0.916868244981987,JAX,20.0,13.0,33.0,team+name
2026,2,JAX@DEN,sleeper_202610210,sleeper,player_anytime_td,Chris Rodriguez Jr.,JAX,RB2,Yes,,253.0,0.29498303618558763,0.24571441385739595,0.04926862232819168,WEAK (book likely knows something),PASS,True,False,,"anytime_td_v0, MODEL_UNVALIDATED (no backtest)",,,,,,553aeb009ecd2b42b21f3b46eadccc96e098560ee3af50be4bdbfeacc301ee13,props-v1.3,tag,decision,1,2026-09-20T18:50:30Z,2026-09-20T20:05:00+00:00,74.5,0.0,no,settled,0,-100.0,,0,6,0.0,0.0,0.0,DEN,13.0,20.0,33.0,team+name
2026,2,JAX@DEN,sleeper_202610210,sleeper,player_rush_yds,J.K. Dobbins,DEN,RB1,Under,58.5,-128.0,0.5388999999999999,0.5,0.038899999999999935,MODERATE,PASS,False,False,,"rush_yds_v0, MODEL_UNVALIDATED (no backtest)",,,,,,553aeb009ecd2b42b21f3b46eadccc96e098560ee3af50be4bdbfeacc301ee13,props-v1.3,tag,decision,1,2026-09-20T18:50:30Z,2026-09-20T20:05:00+00:00,74.5,36.0,under,settled,1,78.12,-24.656,0,10,0.0,0.0,0.0,JAX,20.0,13.0,33.0,team+name
2026,2,JAX@DEN,sleeper_202610210,sleeper,player_anytime_td,Bo Nix,DEN,QB1,Yes,,248.0,0.1319226461288615,0.24836796020931556,-0.11644531408045405,,PASS,False,False,,"anytime_td_v0, MODEL_UNVALIDATED (no backtest)",,,,,,553aeb009ecd2b42b21f3b46eadccc96e098560ee3af50be4bdbfeacc301ee13,props-v1.3,tag,decision,1,2026-09-20T18:50:30Z,2026-09-20T20:05:00+00:00,74.5,0.0,no,settled,0,-100.0,,0,5,0.0,0.0,0.0,JAX,20.0,13.0,33.0,team+name
2026,2,LV@LAC,sleeper_202610229,sleeper,player_reception_yds,Tre Harris,LAC,WR3,Under,30.5,-128.0,0.6406499999999999,0.5,0.14064999999999994,WEAK (book likely knows something),PASS,False,False,,"receiving_hier_v2, MODEL_UNVALIDATED (PROTOTYPE)",,,,,,553aeb009ecd2b42b21f3b46eadccc96e098560ee3af50be4bdbfeacc301ee13,props-v1.3,tag,decision,1,2026-09-20T18:50:32Z,2026-09-20T20:05:00+00:00,74.5,53.0,over,settled,0,-100.0,25.865,3,0,0.115384615384615,0.20817843866171,0.31880183014012,LV,14.0,26.0,40.0,team+name
2026,2,LV@LAC,sleeper_202610229,sleeper,player_receptions,Jack Bech,LV,WR3,Under,2.5,-159.0,0.6839,0.5463181297581351,0.13758187024186486,STRONG,PASS,False,False,,"receiving_hier_v2, MODEL_UNVALIDATED (PROTOTYPE)",,,,,,553aeb009ecd2b42b21f3b46eadccc96e098560ee3af50be4bdbfeacc301ee13,props-v1.3,tag,decision,1,2026-09-20T18:50:32Z,2026-09-20T20:05:00+00:00,74.5,2.0,under,settled,1,62.89,0.022,2,0,0.0689655172413793,0.0636042402826855,0.147971244059949,LAC,26.0,14.0,40.0,team+name
2026,2,LV@LAC,sleeper_202610229,sleeper,player_reception_yds,Jack Bech,LV,WR3,Under,23.5,-127.0,0.6306499999999999,0.49744550408719346,0.13320449591280648,STRONG,PASS,False,False,,"receiving_hier_v2, MODEL_UNVALIDATED (PROTOTYPE)",,,,,,553aeb009ecd2b42b21f3b46eadccc96e098560ee3af50be4bdbfeacc301ee13,props-v1.3,tag,decision,1,2026-09-20T18:50:32Z,2026-09-20T20:05:00+00:00,74.5,25.0,over,settled,0,-100.0,3.185,2,0,0.0689655172413793,0.0636042402826855,0.147971244059949,LAC,26.0,14.0,40.0,team+name
2026,2,LV@LAC,sleeper_202610229,sleeper,player_reception_yds,David Njoku,LAC,PROXY,Under,23.5,-132.0,0.6099,0.5059625212947189,0.10393747870528114,WEAK (book likely knows something),PASS,True,False,,"receiving_hier_v2, MODEL_UNVALIDATED (PROTOTYPE)",,,,,,553aeb009ecd2b42b21f3b46eadccc96e098560ee3af50be4bdbfeacc301ee13,props-v1.3,tag,decision,1,2026-09-20T18:50:32Z,2026-09-20T20:05:00+00:00,74.5,9.0,under,settled,1,75.76,-13.742,3,0,0.115384615384615,0.0929368029739777,0.238132685158707,LV,14.0,26.0,40.0,team+name
2026,2,LV@LAC,sleeper_202610229,sleeper,player_reception_yds,Keaton Mitchell,LAC,RB2,Under,9.5,-130.0,0.5809,0.5025544959128065,0.07834550408719343,WEAK (book likely knows something),PASS,True,False,,"receiving_hier_v2, MODEL_UNVALIDATED (PROTOTYPE)",,,,,,553aeb009ecd2b42b21f3b46eadccc96e098560ee3af50be4bdbfeacc301ee13,props-v1.3,tag,decision,1,2026-09-20T18:50:32Z,2026-09-20T20:05:00+00:00,74.5,15.0,over,settled,0,-100.0,4.076,1,5,0.0384615384615385,0.0111524163568773,0.0654989991421218,LV,14.0,26.0,40.0,team+name
2026,2,LV@LAC,sleeper_202610229,sleeper,player_reception_yds,Ladd McConkey,LAC,WR1,Over,41.5,-130.0,0.58035,0.5025544959128065,0.07779550408719349,STRONG,PASS,False,False,,"receiving_hier_v2, MODEL_UNVALIDATED (PROTOTYPE)",,,,,,553aeb009ecd2b42b21f3b46eadccc96e098560ee3af50be4bdbfeacc301ee13,props-v1.3,tag,decision,1,2026-09-20T18:50:32Z,2026-09-20T20:05:00+00:00,74.5,35.0,under,settled,0,-100.0,-20.736,3,0,0.115384615384615,0.12639405204461,0.26155275950815,LV,14.0,26.0,40.0,team+name
2026,2,LV@LAC,sleeper_202610229,sleeper,player_receptions,Ladd McConkey,LAC,WR1,Over,3.5,-154.0,0.6025,0.5386788645230727,0.06382113547692736,STRONG,PASS,False,False,,"receiving_hier_v2, MODEL_UNVALIDATED (PROTOTYPE)",,,,,,553aeb009ecd2b42b21f3b46eadccc96e098560ee3af50be4bdbfeacc301ee13,props-v1.3,tag,decision,1,2026-09-20T18:50:32Z,2026-09-20T20:05:00+00:00,74.5,3.0,under,settled,0,-100.0,-1.266,3,0,0.115384615384615,0.12639405204461,0.26155275950815,LV,14.0,26.0,40.0,team+name
2026,2,LV@LAC,sleeper_202610229,sleeper,player_reception_yds,Quentin Johnston,LAC,WR2,Under,48.5,-130.0,0.5535,0.5025544959128065,0.05094550408719345,STRONG,PASS,False,False,,"receiving_hier_v2, MODEL_UNVALIDATED (PROTOTYPE)",,,,,,553aeb009ecd2b42b21f3b46eadccc96e098560ee3af50be4bdbfeacc301ee13,props-v1.3,tag,decision,1,2026-09-20T18:50:32Z,2026-09-20T20:05:00+00:00,74.5,7.0,under,settled,1,76.92,-43.969,5,1,0.192307692307692,0.237918215613383,0.455004289390907,LV,14.0,26.0,40.0,team+name
2026,2,LV@LAC,sleeper_202610229,sleeper,player_reception_yds,Omarion Hampton,LAC,RB1,Over,11.5,-125.0,0.52465,0.49403747870528114,0.03061252129471881,WEAK (book likely knows something),PASS,False,False,,"receiving_hier_v2, MODEL_UNVALIDATED (PROTOTYPE)",,,,,,553aeb009ecd2b42b21f3b46eadccc96e098560ee3af50be4bdbfeacc301ee13,props-v1.3,tag,decision,1,2026-09-20T18:50:32Z,2026-09-20T20:05:00+00:00,74.5,21.0,over,settled,1,80.0,5.022,2,23,0.0769230769230769,-0.0297397769516729,0.0945667715184444,LV,14.0,26.0,40.0,team+name
2026,2,LV@LAC,sleeper_202610229,sleeper,player_reception_yds,Tre Tucker,LV,WR1,Under,35.5,-127.0,0.5183,0.49744550408719346,0.020854495912806525,,PASS,False,False,,"receiving_hier_v2, MODEL_UNVALIDATED (PROTOTYPE)",,,,,,553aeb009ecd2b42b21f3b46eadccc96e098560ee3af50be4bdbfeacc301ee13,props-v1.3,tag,decision,1,2026-09-20T18:50:32Z,2026-09-20T20:05:00+00:00,74.5,119.0,over,settled,0,-100.0,78.526,7,0,0.241379310344828,0.505300353356891,0.715779212867065,LAC,26.0,14.0,40.0,team+name
2026,2,LV@LAC,sleeper_202610229,sleeper,player_receptions,Keaton Mitchell,LAC,RB2,Over,1.5,107.0,0.4448,0.42808998998087255,0.01671001001912742,,PASS,True,False,,"receiving_hier_v2, MODEL_UNVALIDATED (PROTOTYPE)",,,,,,553aeb009ecd2b42b21f3b46eadccc96e098560ee3af50be4bdbfeacc301ee13,props-v1.3,tag,decision,1,2026-09-20T18:50:32Z,2026-09-20T20:05:00+00:00,74.5,1.0,under,settled,0,-100.0,-0.51,1,5,0.0384615384615385,0.0111524163568773,0.0654989991421218,LV,14.0,26.0,40.0,team+name
2026,2,MIA@SF,sleeper_202610231,sleeper,player_rush_yds,Christian McCaffrey,SF,RB1,Under,62.5,-127.0,0.6072,0.49744550408719346,0.1097544959128065,STRONG,PASS,False,False,,"rush_yds_v0, MODEL_UNVALIDATED (no backtest)",,,,,,553aeb009ecd2b42b21f3b46eadccc96e098560ee3af50be4bdbfeacc301ee13,props-v1.3,tag,decision,1,2026-09-20T18:50:34Z,2026-09-20T20:25:00+00:00,94.4,23.0,under,settled,1,78.74,-36.498,4,10,0.19047619047619,0.0611111111111111,0.328492063492064,MIA,35.0,13.0,48.0,team+name
2026,2,MIA@SF,sleeper_202610231,sleeper,player_rush_yds,Kaelon Black,SF,RB2,Under,38.5,-128.0,0.58415,0.5,0.08414999999999995,STRONG,PASS,False,False,,"rush_yds_v0, MODEL_UNVALIDATED (no backtest)",,,,,,553aeb009ecd2b42b21f3b46eadccc96e098560ee3af50be4bdbfeacc301ee13,props-v1.3,tag,decision,1,2026-09-20T18:50:34Z,2026-09-20T20:25:00+00:00,94.4,25.0,under,settled,1,78.12,-13.14,0,7,0.0,0.0,0.0,MIA,35.0,13.0,48.0,team+name
2026,2,MIA@SF,sleeper_202610231,sleeper,player_reception_yds,George Kittle,SF,TE1,Over,39.5,-128.0,0.5059,0.5,0.005900000000000016,,PASS,False,False,,"receiving_hier_v2, MODEL_UNVALIDATED (PROTOTYPE)",,,,,,553aeb009ecd2b42b21f3b46eadccc96e098560ee3af50be4bdbfeacc301ee13,props-v1.3,tag,decision,1,2026-09-20T18:50:34Z,2026-09-20T20:25:00+00:00,94.4,80.0,over,settled,1,78.12,34.66,4,0,0.19047619047619,0.277777777777778,0.48015873015873,MIA,35.0,13.0,48.0,team+name
2026,2,MIA@SF,sleeper_202610231,sleeper,player_reception_yds,Mike Evans,SF,WR1,Over,50.5,-128.0,0.5051,0.5,0.005099999999999993,,PASS,True,False,,"receiving_hier_v2, MODEL_UNVALIDATED (PROTOTYPE)",,,,,,553aeb009ecd2b42b21f3b46eadccc96e098560ee3af50be4bdbfeacc301ee13,props-v1.3,tag,decision,1,2026-09-20T18:50:34Z,2026-09-20T20:25:00+00:00,94.4,54.0,over,settled,1,78.12,-2.804,3,0,0.142857142857143,0.222222222222222,0.36984126984127,MIA,35.0,13.0,48.0,team+name
2026,2,NYG@LA,sleeper_202610232,sleeper,player_receptions,Davante Adams,LA,WR2,Under,5.5,-172.0,0.7545,0.5621096013909459,0.19239039860905405,WEAK (book likely knows something),PASS,False,False,,"receiving_hier_v2, MODEL_UNVALIDATED (PROTOTYPE)",,,,,,553aeb009ecd2b42b21f3b46eadccc96e098560ee3af50be4bdbfeacc301ee13,props-v1.3,tag,decision,1,2026-09-21T19:16:44Z,2026-09-22T00:15:00+00:00,298.3,8.0,over,settled,0,-100.0,3.873,10,0,0.333333333333333,0.598187311178248,0.918731117824773,NYG,28.0,6.0,34.0,team+name
2026,2,NYG@LA,sleeper_202610232,sleeper,player_reception_yds,Isaiah Likely,NYG,TE1,Under,43.5,-127.0,0.6632,0.49744550408719346,0.16575449591280655,WEAK (book likely knows something),PASS,True,False,,"receiving_hier_v2, MODEL_UNVALIDATED (PROTOTYPE)",,,,,,553aeb009ecd2b42b21f3b46eadccc96e098560ee3af50be4bdbfeacc301ee13,props-v1.3,tag,decision,0,2026-09-20T21:19:19Z,2026-09-22T00:15:00+00:00,1615.7,33.0,under,settled,1,78.74,-3.603,10,0,0.3125,0.140762463343109,0.567283724340176,LA,6.0,28.0,34.0,team+name
2026,2,NYG@LA,sleeper_202610232,sleeper,player_reception_yds,Davante Adams,LA,WR2,Under,62.5,-125.0,0.6547000000000001,0.49403747870528103,0.16066252129471903,WEAK (book likely knows something),PASS,False,False,,"receiving_hier_v2, MODEL_UNVALIDATED (PROTOTYPE)",,,,,,553aeb009ecd2b42b21f3b46eadccc96e098560ee3af50be4bdbfeacc301ee13,props-v1.3,tag,decision,1,2026-09-21T19:16:44Z,2026-09-22T00:15:00+00:00,298.3,195.0,over,settled,0,-100.0,141.419,10,0,0.333333333333333,0.598187311178248,0.918731117824773,NYG,28.0,6.0,34.0,team+name
2026,2,NYG@LA,sleeper_202610232,sleeper,player_rush_yds,Blake Corum,LA,RB2,Under,47.5,-125.0,0.64115,0.49403747870528103,0.14711252129471897,STRONG,PASS,False,False,,"rush_yds_v0, MODEL_UNVALIDATED (no backtest)",,,,,,553aeb009ecd2b42b21f3b46eadccc96e098560ee3af50be4bdbfeacc301ee13,props-v1.3,tag,decision,1,2026-09-21T19:16:44Z,2026-09-22T00:15:00+00:00,298.3,79.0,over,settled,0,-100.0,35.739,1,12,0.0333333333333333,-0.0181268882175227,0.0373111782477341,NYG,28.0,6.0,34.0,team+name
2026,2,NYG@LA,sleeper_202610232,sleeper,player_receptions,Colby Parkinson,LA,TE1,Under,3.5,-192.0,0.73035,0.5822842755779355,0.14806572442206456,STRONG,PASS,False,False,,"receiving_hier_v2, MODEL_UNVALIDATED (PROTOTYPE)",,,,,,553aeb009ecd2b42b21f3b46eadccc96e098560ee3af50be4bdbfeacc301ee13,props-v1.3,tag,decision,1,2026-09-21T19:16:44Z,2026-09-22T00:15:00+00:00,298.3,2.0,under,settled,1,52.08,-0.618,2,0,0.0666666666666667,-0.0090634441087613,0.0936555891238671,NYG,28.0,6.0,34.0,team+name
2026,2,NYG@LA,sleeper_202610232,sleeper,player_reception_yds,Colby Parkinson,LA,TE1,Under,27.5,-127.0,0.6253,0.49744550408719346,0.1278544959128065,STRONG,PASS,False,False,,"receiving_hier_v2, MODEL_UNVALIDATED (PROTOTYPE)",,,,,,553aeb009ecd2b42b21f3b46eadccc96e098560ee3af50be4bdbfeacc301ee13,props-v1.3,tag,decision,1,2026-09-21T19:16:44Z,2026-09-22T00:15:00+00:00,298.3,15.0,under,settled,1,78.74,-10.229,2,0,0.0666666666666667,-0.0090634441087613,0.0936555891238671,NYG,28.0,6.0,34.0,team+name
2026,2,NYG@LA,sleeper_202610232,sleeper,player_rush_yds,Cam Skattebo,NYG,RB1,Over,51.5,-130.0,0.6257,0.5043103448275861,0.12138965517241396,WEAK (book likely knows something),PASS,False,False,,"rush_yds_v0, MODEL_UNVALIDATED (no backtest)",,,,,,553aeb009ecd2b42b21f3b46eadccc96e098560ee3af50be4bdbfeacc301ee13,props-v1.3,tag,decision,0,2026-09-20T18:50:40Z,2026-09-22T00:15:00+00:00,1764.3,36.0,under,settled,0,-100.0,-29.526,4,12,0.125,-0.0117302052785924,0.179288856304985,LA,6.0,28.0,34.0,team+name
2026,2,NYG@LA,sleeper_202610232,sleeper,player_rush_yds,Kyren Williams,LA,RB1,Under,63.5,-127.0,0.5931,0.49744550408719346,0.0956544959128065,STRONG,PASS,False,False,,"rush_yds_v0, MODEL_UNVALIDATED (no backtest)",,,,,,553aeb009ecd2b42b21f3b46eadccc96e098560ee3af50be4bdbfeacc301ee13,props-v1.3,tag,decision,1,2026-09-21T19:16:44Z,2026-09-22T00:15:00+00:00,298.3,85.0,over,settled,0,-100.0,23.59,2,12,0.0666666666666667,0.0151057401812689,0.110574018126888,NYG,28.0,6.0,34.0,team+name
2026,2,NYG@LA,sleeper_202610232,sleeper,player_anytime_td,Colby Parkinson,LA,TE1,Yes,,219.0,0.32350227309171076,0.2717084646301553,0.05179380846155546,STRONG,PASS,False,False,,"anytime_td_v0, MODEL_UNVALIDATED (no backtest)",,,,,,553aeb009ecd2b42b21f3b46eadccc96e098560ee3af50be4bdbfeacc301ee13,props-v1.3,tag,decision,1,2026-09-21T19:16:44Z,2026-09-22T00:15:00+00:00,298.3,0.0,no,settled,0,-100.0,,2,0,0.0666666666666667,-0.0090634441087613,0.0936555891238671,NYG,28.0,6.0,34.0,team+name
2026,2,NYG@LA,sleeper_202610232,sleeper,player_reception_yds,Kyren Williams,LA,RB1,Under,14.5,-123.0,0.5279,0.4922376319602567,0.03566236803974332,MODERATE,PASS,False,False,,"receiving_hier_v2, MODEL_UNVALIDATED (PROTOTYPE)",,,,,,553aeb009ecd2b42b21f3b46eadccc96e098560ee3af50be4bdbfeacc301ee13,props-v1.3,tag,decision,0,2026-09-20T21:19:19Z,2026-09-22T00:15:00+00:00,1615.7,12.0,under,settled,1,81.3,-5.271,2,12,0.0666666666666667,0.0151057401812689,0.110574018126888,NYG,28.0,6.0,34.0,team+name
2026,2,NYG@LA,sleeper_202610232,sleeper,player_receptions,Kyren Williams,LA,RB1,Under,2.5,-152.0,0.58205,0.536295495982173,0.04575450401782699,MODERATE,PASS,False,False,,"receiving_hier_v2, MODEL_UNVALIDATED (PROTOTYPE)",,,,,,553aeb009ecd2b42b21f3b46eadccc96e098560ee3af50be4bdbfeacc301ee13,props-v1.3,tag,decision,1,2026-09-21T19:16:44Z,2026-09-22T00:15:00+00:00,298.3,2.0,under,settled,1,65.79,-0.349,2,12,0.0666666666666667,0.0151057401812689,0.110574018126888,NYG,28.0,6.0,34.0,team+name
2026,2,SEA@ARI,sleeper_202610201,sleeper,player_receptions,George Holani,SEA,RB2,Under,1.5,-128.0,0.8334,0.5,0.33340000000000003,WEAK (book likely knows something),PASS,False,False,,"receiving_hier_v2, MODEL_UNVALIDATED (PROTOTYPE)",,,,,,553aeb009ecd2b42b21f3b46eadccc96e098560ee3af50be4bdbfeacc301ee13,props-v1.3,tag,decision,1,2026-09-20T18:50:35Z,2026-09-20T20:25:00+00:00,94.4,1.0,under,settled,1,78.12,0.27,1,4,0.0384615384615385,-0.0176211453744493,0.0453575059301932,ARI,31.0,7.0,38.0,team+name
2026,2,SEA@ARI,sleeper_202610201,sleeper,player_reception_yds,George Holani,SEA,RB2,Under,8.5,-128.0,0.77935,0.5,0.27935,WEAK (book likely knows something),PASS,False,False,,"receiving_hier_v2, MODEL_UNVALIDATED (PROTOTYPE)",,,,,,553aeb009ecd2b42b21f3b46eadccc96e098560ee3af50be4bdbfeacc301ee13,props-v1.3,tag,decision,1,2026-09-20T18:50:35Z,2026-09-20T20:25:00+00:00,94.4,2.0,under,settled,1,78.12,-3.075,1,4,0.0384615384615385,-0.0176211453744493,0.0453575059301932,ARI,31.0,7.0,38.0,team+name
2026,2,SEA@ARI,sleeper_202610201,sleeper,player_rush_yds,Jadarian Price,SEA,RB1,Under,62.5,-127.0,0.59265,0.49744550408719346,0.09520449591280655,STRONG,PASS,False,False,,"rush_yds_v0, MODEL_UNVALIDATED (no backtest)",,,,,,553aeb009ecd2b42b21f3b46eadccc96e098560ee3af50be4bdbfeacc301ee13,props-v1.3,tag,decision,1,2026-09-20T18:50:35Z,2026-09-20T20:25:00+00:00,94.4,52.0,under,settled,1,78.74,-8.428,2,13,0.0769230769230769,0.0704845814977974,0.164723822433074,ARI,31.0,7.0,38.0,team+name
2026,2,SEA@ARI,sleeper_202610201,sleeper,player_reception_yds,Trey McBride,ARI,TE1,Over,62.5,-132.0,0.57415,0.505962521294719,0.06818747870528108,STRONG,PASS,False,False,,"receiving_hier_v2, MODEL_UNVALIDATED (PROTOTYPE)",,,,,,553aeb009ecd2b42b21f3b46eadccc96e098560ee3af50be4bdbfeacc301ee13,props-v1.3,tag,decision,1,2026-09-20T18:50:35Z,2026-09-20T20:25:00+00:00,94.4,41.0,under,settled,0,-100.0,-33.713,10,0,0.384615384615385,0.330275229357798,0.808115737473536,SEA,7.0,31.0,38.0,team+name
2026,2,SEA@ARI,sleeper_202610201,sleeper,player_rush_yds,Jeremiyah Love,ARI,RB1,Under,37.5,-132.0,0.5569,0.5059625212947189,0.05093747870528109,STRONG,PASS,False,False,,"rush_yds_v0, MODEL_UNVALIDATED (no backtest)",,,,,,553aeb009ecd2b42b21f3b46eadccc96e098560ee3af50be4bdbfeacc301ee13,props-v1.3,tag,decision,1,2026-09-20T18:50:35Z,2026-09-20T20:25:00+00:00,94.4,29.0,under,settled,1,75.76,-9.819,3,9,0.115384615384615,0.0,0.173076923076923,SEA,7.0,31.0,38.0,team+name
2026,2,SEA@ARI,sleeper_202610201,sleeper,player_reception_yds,Cooper Kupp,SEA,WR3,Under,23.5,-127.0,0.5003,0.49744550408719346,0.0028544959128065095,,PASS,False,False,,"receiving_hier_v2, MODEL_UNVALIDATED (PROTOTYPE)",,,,,,553aeb009ecd2b42b21f3b46eadccc96e098560ee3af50be4bdbfeacc301ee13,props-v1.3,tag,decision,1,2026-09-20T18:50:35Z,2026-09-20T20:25:00+00:00,94.4,20.0,under,settled,1,78.74,-9.882,2,0,0.0769230769230769,0.0616740088105727,0.158556421552016,ARI,31.0,7.0,38.0,team+name
2026,2,WAS@DAL,sleeper_202610209,sleeper,player_reception_yds,George Pickens,DAL,WR2,Under,66.5,-130.0,0.5539000000000001,0.5025544959128065,0.051345504087193516,STRONG,PASS,False,False,,"receiving_hier_v2, MODEL_UNVALIDATED (PROTOTYPE)",,,,,,553aeb009ecd2b42b21f3b46eadccc96e098560ee3af50be4bdbfeacc301ee13,props-v1.3,tag,decision,1,2026-09-20T18:50:37Z,2026-09-20T20:25:00+00:00,94.4,40.0,under,settled,1,76.92,-28.084,8,0,0.258064516129032,0.34016393442623,0.625211528291909,WAS,37.0,20.0,57.0,team+name
2026,2,WAS@DAL,sleeper_202610209,sleeper,player_reception_yds,Stefon Diggs,WAS,WR2,Under,49.5,-130.0,0.5085,0.5025544959128065,0.0059455040871934095,,PASS,True,False,,"receiving_hier_v2, MODEL_UNVALIDATED (PROTOTYPE)",,,,,,553aeb009ecd2b42b21f3b46eadccc96e098560ee3af50be4bdbfeacc301ee13,props-v1.3,tag,decision,1,2026-09-20T18:50:37Z,2026-09-20T20:25:00+00:00,94.4,47.0,under,settled,1,76.92,-8.395,6,0,0.176470588235294,0.200557103064067,0.405095854497788,DAL,20.0,37.0,57.0,team+name
2026,2,IND@KC,sleeper_202610216,sleeper,player_reception_yds,Rashee Rice,KC,WR1,Over,48.5,-125.0,0.5607,0.49403747870528114,0.06666252129471884,WEAK (book likely knows something),PASS,False,False,,"receiving_hier_v2, MODEL_UNVALIDATED (PROTOTYPE)",,,,,,553aeb009ecd2b42b21f3b46eadccc96e098560ee3af50be4bdbfeacc301ee13,props-v1.3,tag,decision,1,2026-09-20T21:19:17Z,2026-09-21T00:20:00+00:00,180.7,83.0,over,settled,1,80.0,22.0,6,0,0.13953488372093,0.17175572519084,0.329531333214983,IND,33.0,30.0,63.0,team+name
2026,2,IND@KC,sleeper_202610216,sleeper,player_rush_yds,Kenneth Walker III,KC,RB1,Over,84.5,-128.0,0.5329,0.5,0.03290000000000004,WEAK (book likely knows something),PASS,True,False,,"rush_yds_v0, MODEL_UNVALIDATED (no backtest)",,,,,,553aeb009ecd2b42b21f3b46eadccc96e098560ee3af50be4bdbfeacc301ee13,props-v1.3,tag,decision,1,2026-09-20T21:19:17Z,2026-09-21T00:20:00+00:00,180.7,117.0,over,settled,1,78.12,24.578,10,24,0.232558139534884,0.049618320610687,0.383570033729807,IND,33.0,30.0,63.0,team+name
2026,2,NYG@LA,sleeper_202610232,sleeper,player_rush_yds,Cam Skattebo,NYG,RB1,Over,52.5,-127.0,0.6122,0.4974455040871935,0.11475449591280645,WEAK (book likely knows something),PASS,False,False,,"rush_yds_v0, MODEL_UNVALIDATED (no backtest)",,,,,,553aeb009ecd2b42b21f3b46eadccc96e098560ee3af50be4bdbfeacc301ee13,props-v1.3,tag,decision,0,2026-09-20T21:19:19Z,2026-09-22T00:15:00+00:00,1615.7,36.0,under,settled,0,-100.0,-29.526,4,12,0.125,-0.0117302052785924,0.179288856304985,LA,6.0,28.0,34.0,team+name
2026,2,NYG@LA,sleeper_202610232,sleeper,player_reception_yds,Malik Nabers,NYG,WR1,Under,64.5,-127.0,0.58535,0.49744550408719346,0.08790449591280658,STRONG,PASS,False,False,,"receiving_hier_v2, MODEL_UNVALIDATED (PROTOTYPE)",,,,,,553aeb009ecd2b42b21f3b46eadccc96e098560ee3af50be4bdbfeacc301ee13,props-v1.3,tag,decision,0,2026-09-20T21:19:19Z,2026-09-22T00:15:00+00:00,1615.7,1.0,under,settled,1,78.74,-61.346,4,0,0.125,0.225806451612903,0.345564516129032,LA,6.0,28.0,34.0,team+name
2026,2,NYG@LA,sleeper_202610232,sleeper,player_reception_yds,Isaiah Likely,NYG,TE1,Under,45.5,-128.0,0.68755,0.5,0.18755,WEAK (book likely knows something),PASS,True,False,,"receiving_hier_v2, MODEL_UNVALIDATED (PROTOTYPE)",,,,,,553aeb009ecd2b42b21f3b46eadccc96e098560ee3af50be4bdbfeacc301ee13,props-v1.3,tag,decision,1,2026-09-21T19:16:44Z,2026-09-22T00:15:00+00:00,298.3,33.0,under,settled,1,78.12,-3.603,10,0,0.3125,0.140762463343109,0.567283724340176,LA,6.0,28.0,34.0,team+name
2026,2,NYG@LA,sleeper_202610232,sleeper,player_receptions,Blake Corum,LA,RB2,Under,0.5,105.0,0.612,0.4339250493096647,0.1780749506903353,WEAK (book likely knows something),PASS,False,False,,"receiving_hier_v2, MODEL_UNVALIDATED (PROTOTYPE)",,,,,,553aeb009ecd2b42b21f3b46eadccc96e098560ee3af50be4bdbfeacc301ee13,props-v1.3,tag,decision,1,2026-09-21T19:16:44Z,2026-09-22T00:15:00+00:00,298.3,1.0,over,settled,0,-100.0,0.51,1,12,0.0333333333333333,-0.0181268882175227,0.0373111782477341,NYG,28.0,6.0,34.0,team+name
2026,2,NYG@LA,sleeper_202610232,sleeper,player_rush_yds,Devin Singletary,NYG,RB2,Over,14.5,-133.0,0.6757,0.508573682225042,0.167126317774958,WEAK (book likely knows something),PASS,False,False,,"rush_yds_v0, MODEL_UNVALIDATED (no backtest)",,,,,,553aeb009ecd2b42b21f3b46eadccc96e098560ee3af50be4bdbfeacc301ee13,props-v1.3,tag,decision,1,2026-09-21T19:16:44Z,2026-09-22T00:15:00+00:00,298.3,9.0,under,settled,0,-100.0,-16.268,1,3,0.03125,-0.002932551319648,0.0448222140762463,LA,6.0,28.0,34.0,team+name
2026,2,NYG@LA,sleeper_202610232,sleeper,player_reception_yds,Darnell Mooney,NYG,WR3,Under,17.5,-120.0,0.6351,0.4870466321243523,0.1480533678756477,WEAK (book likely knows something),PASS,True,False,,"receiving_hier_v2, MODEL_UNVALIDATED (PROTOTYPE)",,,,,,553aeb009ecd2b42b21f3b46eadccc96e098560ee3af50be4bdbfeacc301ee13,props-v1.3,tag,decision,1,2026-09-21T19:16:44Z,2026-09-22T00:15:00+00:00,298.3,48.0,over,settled,0,-100.0,31.114,3,0,0.09375,0.102639296187683,0.212472507331378,LA,6.0,28.0,34.0,team+name
2026,2,NYG@LA,sleeper_202610232,sleeper,player_rush_yds,Cam Skattebo,NYG,RB1,Over,53.5,-130.0,0.59855,0.5025544959128065,0.09599550408719348,WEAK (book likely knows something),PASS,False,False,,"rush_yds_v0, MODEL_UNVALIDATED (no backtest)",,,,,,553aeb009ecd2b42b21f3b46eadccc96e098560ee3af50be4bdbfeacc301ee13,props-v1.3,tag,decision,1,2026-09-21T19:16:44Z,2026-09-22T00:15:00+00:00,298.3,36.0,under,settled,0,-100.0,-29.526,4,12,0.125,-0.0117302052785924,0.179288856304985,LA,6.0,28.0,34.0,team+name
2026,2,NYG@LA,sleeper_202610232,sleeper,player_reception_yds,Kyren Williams,LA,RB1,Under,16.5,-125.0,0.5777,0.49403747870528103,0.08366252129471896,STRONG,PASS,False,False,,"receiving_hier_v2, MODEL_UNVALIDATED (PROTOTYPE)",,,,,,553aeb009ecd2b42b21f3b46eadccc96e098560ee3af50be4bdbfeacc301ee13,props-v1.3,tag,decision,1,2026-09-21T19:16:44Z,2026-09-22T00:15:00+00:00,298.3,12.0,under,settled,1,80.0,-5.271,2,12,0.0666666666666667,0.0151057401812689,0.110574018126888,NYG,28.0,6.0,34.0,team+name
2026,2,NYG@LA,sleeper_202610232,sleeper,player_receptions,Darnell Mooney,NYG,WR3,Under,1.5,-137.0,0.59805,0.5145100716968249,0.08353992830317503,WEAK (book likely knows something),PASS,True,False,,"receiving_hier_v2, MODEL_UNVALIDATED (PROTOTYPE)",,,,,,553aeb009ecd2b42b21f3b46eadccc96e098560ee3af50be4bdbfeacc301ee13,props-v1.3,tag,decision,1,2026-09-21T19:16:44Z,2026-09-22T00:15:00+00:00,298.3,2.0,over,settled,0,-100.0,0.609,3,0,0.09375,0.102639296187683,0.212472507331378,LA,6.0,28.0,34.0,team+name
2026,2,NYG@LA,sleeper_202610232,sleeper,player_receptions,Devin Singletary,NYG,RB2,Over,1.5,107.0,0.5024,0.42954136067618126,0.0728586393238187,STRONG,PASS,False,False,,"receiving_hier_v2, MODEL_UNVALIDATED (PROTOTYPE)",,,,,,553aeb009ecd2b42b21f3b46eadccc96e098560ee3af50be4bdbfeacc301ee13,props-v1.3,tag,decision,1,2026-09-21T19:16:44Z,2026-09-22T00:15:00+00:00,298.3,0.0,under,settled,0,-100.0,-1.698,1,3,0.03125,-0.002932551319648,0.0448222140762463,LA,6.0,28.0,34.0,team+name
2026,2,NYG@LA,sleeper_202610232,sleeper,player_reception_yds,Malik Nabers,NYG,WR1,Under,62.5,-127.0,0.56955,0.49744550408719346,0.07210449591280654,STRONG,PASS,False,False,,"receiving_hier_v2, MODEL_UNVALIDATED (PROTOTYPE)",,,,,,553aeb009ecd2b42b21f3b46eadccc96e098560ee3af50be4bdbfeacc301ee13,props-v1.3,tag,decision,1,2026-09-21T19:16:44Z,2026-09-22T00:15:00+00:00,298.3,1.0,under,settled,1,78.74,-61.346,4,0,0.125,0.225806451612903,0.345564516129032,LA,6.0,28.0,34.0,team+name
2026,2,NYG@LA,sleeper_202610232,sleeper,player_reception_yds,Devin Singletary,NYG,RB2,Under,7.5,-125.0,0.5095000000000001,0.49403747870528103,0.015462521294719034,,PASS,False,False,,"receiving_hier_v2, MODEL_UNVALIDATED (PROTOTYPE)",,,,,,553aeb009ecd2b42b21f3b46eadccc96e098560ee3af50be4bdbfeacc301ee13,props-v1.3,tag,decision,1,2026-09-21T19:16:44Z,2026-09-22T00:15:00+00:00,298.3,0.0,under,settled,1,80.0,-10.576,1,3,0.03125,-0.002932551319648,0.0448222140762463,LA,6.0,28.0,34.0,team+name
2026,2,NYG@LA,sleeper_202610232,sleeper,player_rush_yds,Devin Singletary,NYG,RB2,Over,11.5,-132.0,0.75585,0.5077623680397433,0.24808763196025674,WEAK (book likely knows something),PASS,False,False,False,"rush_yds_v0, MODEL_UNVALIDATED (no backtest)",,,,,,4fa7976f1dc363554655b47b5f7f91d42baeb09ecc0b4dbf88b4c58796ae797d,props-v1.7,tag,decision,1,2026-09-21T22:46:01Z,2026-09-22T00:15:00+00:00,89.0,9.0,under,settled,0,-100.0,-16.268,1,3,0.03125,-0.002932551319648,0.0448222140762463,LA,6.0,28.0,34.0,team+name
2026,2,NYG@LA,sleeper_202610232,sleeper,player_receptions,Davante Adams,LA,WR2,Under,5.5,-172.0,0.7545,0.5621096013909459,0.19239039860905405,WEAK (book likely knows something),PASS,False,False,False,"receiving_hier_v2, MODEL_UNVALIDATED (PROTOTYPE)",,,,,,4fa7976f1dc363554655b47b5f7f91d42baeb09ecc0b4dbf88b4c58796ae797d,props-v1.7,tag,decision,1,2026-09-21T22:46:01Z,2026-09-22T00:15:00+00:00,89.0,8.0,over,settled,0,-100.0,3.873,10,0,0.333333333333333,0.598187311178248,0.918731117824773,NYG,28.0,6.0,34.0,team+name
2026,2,NYG@LA,sleeper_202610232,sleeper,player_reception_yds,Isaiah Likely,NYG,TE1,Under,45.5,-128.0,0.68755,0.5,0.18755,WEAK (book likely knows something),PASS,True,False,False,"receiving_hier_v2, MODEL_UNVALIDATED (PROTOTYPE)",,,,,,4fa7976f1dc363554655b47b5f7f91d42baeb09ecc0b4dbf88b4c58796ae797d,props-v1.7,tag,decision,1,2026-09-21T22:46:01Z,2026-09-22T00:15:00+00:00,89.0,33.0,under,settled,1,78.12,-3.603,10,0,0.3125,0.140762463343109,0.567283724340176,LA,6.0,28.0,34.0,team+name
2026,2,NYG@LA,sleeper_202610232,sleeper,player_receptions,Blake Corum,LA,RB2,Under,0.5,105.0,0.612,0.4339250493096647,0.1780749506903353,WEAK (book likely knows something),PASS,False,False,False,"receiving_hier_v2, MODEL_UNVALIDATED (PROTOTYPE)",,,,,,4fa7976f1dc363554655b47b5f7f91d42baeb09ecc0b4dbf88b4c58796ae797d,props-v1.7,tag,decision,1,2026-09-21T22:46:01Z,2026-09-22T00:15:00+00:00,89.0,1.0,over,settled,0,-100.0,0.51,1,12,0.0333333333333333,-0.0181268882175227,0.0373111782477341,NYG,28.0,6.0,34.0,team+name
2026,2,NYG@LA,sleeper_202610232,sleeper,player_reception_yds,Darnell Mooney,NYG,WR3,Under,19.5,-123.0,0.6671,0.4922376319602567,0.1748623680397433,WEAK (book likely knows something),PASS,True,False,False,"receiving_hier_v2, MODEL_UNVALIDATED (PROTOTYPE)",,,,,,4fa7976f1dc363554655b47b5f7f91d42baeb09ecc0b4dbf88b4c58796ae797d,props-v1.7,tag,decision,1,2026-09-21T22:46:01Z,2026-09-22T00:15:00+00:00,89.0,48.0,over,settled,0,-100.0,31.114,3,0,0.09375,0.102639296187683,0.212472507331378,LA,6.0,28.0,34.0,team+name
2026,2,NYG@LA,sleeper_202610232,sleeper,player_reception_yds,Davante Adams,LA,WR2,Under,63.5,-130.0,0.6631,0.5025544959128065,0.16054550408719348,WEAK (book likely knows something),PASS,False,False,False,"receiving_hier_v2, MODEL_UNVALIDATED (PROTOTYPE)",,,,,,4fa7976f1dc363554655b47b5f7f91d42baeb09ecc0b4dbf88b4c58796ae797d,props-v1.7,tag,decision,1,2026-09-21T22:46:01Z,2026-09-22T00:15:00+00:00,89.0,195.0,over,settled,0,-100.0,141.419,10,0,0.333333333333333,0.598187311178248,0.918731117824773,NYG,28.0,6.0,34.0,team+name
2026,2,NYG@LA,sleeper_202610232,sleeper,player_receptions,Colby Parkinson,LA,TE1,Under,3.5,-192.0,0.73035,0.5822842755779355,0.14806572442206456,STRONG,PASS,False,False,False,"receiving_hier_v2, MODEL_UNVALIDATED (PROTOTYPE)",,,,,,4fa7976f1dc363554655b47b5f7f91d42baeb09ecc0b4dbf88b4c58796ae797d,props-v1.7,tag,decision,1,2026-09-21T22:46:01Z,2026-09-22T00:15:00+00:00,89.0,2.0,under,settled,1,52.08,-0.618,2,0,0.0666666666666667,-0.0090634441087613,0.0936555891238671,NYG,28.0,6.0,34.0,team+name
2026,2,NYG@LA,sleeper_202610232,sleeper,player_rush_yds,Blake Corum,LA,RB2,Under,47.5,-125.0,0.64115,0.49403747870528103,0.14711252129471897,STRONG,PASS,False,False,False,"rush_yds_v0, MODEL_UNVALIDATED (no backtest)",,,,,,4fa7976f1dc363554655b47b5f7f91d42baeb09ecc0b4dbf88b4c58796ae797d,props-v1.7,tag,decision,1,2026-09-21T22:46:01Z,2026-09-22T00:15:00+00:00,89.0,79.0,over,settled,0,-100.0,35.739,1,12,0.0333333333333333,-0.0181268882175227,0.0373111782477341,NYG,28.0,6.0,34.0,team+name
2026,2,NYG@LA,sleeper_202610232,sleeper,player_reception_yds,Colby Parkinson,LA,TE1,Under,28.5,-128.0,0.641,0.5008618906433152,0.1401381093566848,STRONG,PASS,False,False,False,"receiving_hier_v2, MODEL_UNVALIDATED (PROTOTYPE)",,,,,,4fa7976f1dc363554655b47b5f7f91d42baeb09ecc0b4dbf88b4c58796ae797d,props-v1.7,tag,decision,1,2026-09-21T22:46:01Z,2026-09-22T00:15:00+00:00,89.0,15.0,under,settled,1,78.12,-10.229,2,0,0.0666666666666667,-0.0090634441087613,0.0936555891238671,NYG,28.0,6.0,34.0,team+name
2026,2,NYG@LA,sleeper_202610232,sleeper,player_receptions,Malik Nabers,NYG,WR1,Under,5.5,-133.0,0.64295,0.508573682225042,0.13437631777495807,STRONG,PASS,False,False,False,"receiving_hier_v2, MODEL_UNVALIDATED (PROTOTYPE)",,,,,,4fa7976f1dc363554655b47b5f7f91d42baeb09ecc0b4dbf88b4c58796ae797d,props-v1.7,tag,decision,1,2026-09-21T22:46:01Z,2026-09-22T00:15:00+00:00,89.0,1.0,under,settled,1,75.19,-3.848,4,0,0.125,0.225806451612903,0.345564516129032,LA,6.0,28.0,34.0,team+name
2026,2,NYG@LA,sleeper_202610232,sleeper,player_receptions,Isaiah Likely,NYG,TE1,Under,4.5,-149.0,0.65675,0.5321608720674362,0.12458912793256371,WEAK (book likely knows something),PASS,True,False,False,"receiving_hier_v2, MODEL_UNVALIDATED (PROTOTYPE)",,,,,,4fa7976f1dc363554655b47b5f7f91d42baeb09ecc0b4dbf88b4c58796ae797d,props-v1.7,tag,decision,1,2026-09-21T22:46:01Z,2026-09-22T00:15:00+00:00,89.0,5.0,over,settled,0,-100.0,1.153,10,0,0.3125,0.140762463343109,0.567283724340176,LA,6.0,28.0,34.0,team+name
2026,2,NYG@LA,sleeper_202610232,sleeper,player_receptions,Darnell Mooney,NYG,WR3,Under,1.5,-120.0,0.59805,0.48548992830317506,0.11256007169682491,WEAK (book likely knows something),PASS,True,False,False,"receiving_hier_v2, MODEL_UNVALIDATED (PROTOTYPE)",,,,,,4fa7976f1dc363554655b47b5f7f91d42baeb09ecc0b4dbf88b4c58796ae797d,props-v1.7,tag,decision,1,2026-09-21T22:46:01Z,2026-09-22T00:15:00+00:00,89.0,2.0,over,settled,0,-100.0,0.609,3,0,0.09375,0.102639296187683,0.212472507331378,LA,6.0,28.0,34.0,team+name
2026,2,NYG@LA,sleeper_202610232,sleeper,player_rush_yds,Cam Skattebo,NYG,RB1,Over,53.5,-130.0,0.59855,0.5025544959128065,0.09599550408719348,WEAK (book likely knows something),PASS,False,False,False,"rush_yds_v0, MODEL_UNVALIDATED (no backtest)",,,,,,4fa7976f1dc363554655b47b5f7f91d42baeb09ecc0b4dbf88b4c58796ae797d,props-v1.7,tag,decision,1,2026-09-21T22:46:01Z,2026-09-22T00:15:00+00:00,89.0,36.0,under,settled,0,-100.0,-29.526,4,12,0.125,-0.0117302052785924,0.179288856304985,LA,6.0,28.0,34.0,team+name
2026,2,NYG@LA,sleeper_202610232,sleeper,player_rush_yds,Kyren Williams,LA,RB1,Under,63.5,-127.0,0.5931,0.49744550408719346,0.0956544959128065,STRONG,PASS,False,False,False,"rush_yds_v0, MODEL_UNVALIDATED (no backtest)",,,,,,4fa7976f1dc363554655b47b5f7f91d42baeb09ecc0b4dbf88b4c58796ae797d,props-v1.7,tag,decision,1,2026-09-21T22:46:01Z,2026-09-22T00:15:00+00:00,89.0,85.0,over,settled,0,-100.0,23.59,2,12,0.0666666666666667,0.0151057401812689,0.110574018126888,NYG,28.0,6.0,34.0,team+name
2026,2,NYG@LA,sleeper_202610232,sleeper,player_receptions,Malachi Fields,NYG,WR2,Over,2.5,109.0,0.51945,0.4243281471004243,0.09512185289957564,STRONG,PASS,False,False,False,"receiving_hier_v2, MODEL_UNVALIDATED (PROTOTYPE)",,,,,,4fa7976f1dc363554655b47b5f7f91d42baeb09ecc0b4dbf88b4c58796ae797d,props-v1.7,tag,decision,1,2026-09-21T22:46:01Z,2026-09-22T00:15:00+00:00,89.0,2.0,under,settled,0,-100.0,-0.795,6,0,0.1875,0.3841642228739,0.55016495601173,LA,6.0,28.0,34.0,team+name
2026,2,NYG@LA,sleeper_202610232,sleeper,player_reception_yds,Kyren Williams,LA,RB1,Under,17.5,-135.0,0.60165,0.5110845839017735,0.09056541609822655,STRONG,PASS,False,False,False,"receiving_hier_v2, MODEL_UNVALIDATED (PROTOTYPE)",,,,,,4fa7976f1dc363554655b47b5f7f91d42baeb09ecc0b4dbf88b4c58796ae797d,props-v1.7,tag,decision,1,2026-09-21T22:46:01Z,2026-09-22T00:15:00+00:00,89.0,12.0,under,settled,1,74.07,-5.271,2,12,0.0666666666666667,0.0151057401812689,0.110574018126888,NYG,28.0,6.0,34.0,team+name
2026,2,NYG@LA,sleeper_202610232,sleeper,player_reception_yds,Malik Nabers,NYG,WR1,Under,62.5,-127.0,0.56955,0.4991381093566849,0.0704118906433151,STRONG,PASS,False,False,False,"receiving_hier_v2, MODEL_UNVALIDATED (PROTOTYPE)",,,,,,4fa7976f1dc363554655b47b5f7f91d42baeb09ecc0b4dbf88b4c58796ae797d,props-v1.7,tag,decision,1,2026-09-21T22:46:01Z,2026-09-22T00:15:00+00:00,89.0,1.0,under,settled,1,78.74,-61.346,4,0,0.125,0.225806451612903,0.345564516129032,LA,6.0,28.0,34.0,team+name
2026,2,NYG@LA,sleeper_202610232,sleeper,player_receptions,Cam Skattebo,NYG,RB1,Over,1.5,-159.0,0.60555,0.5463181297581352,0.059231870241864826,WEAK (book likely knows something),PASS,False,False,False,"receiving_hier_v2, MODEL_UNVALIDATED (PROTOTYPE)",,,,,,4fa7976f1dc363554655b47b5f7f91d42baeb09ecc0b4dbf88b4c58796ae797d,props-v1.7,tag,decision,1,2026-09-21T22:46:01Z,2026-09-22T00:15:00+00:00,89.0,4.0,over,settled,1,62.89,1.921,4,12,0.125,-0.0117302052785924,0.179288856304985,LA,6.0,28.0,34.0,team+name
2026,2,NYG@LA,sleeper_202610232,sleeper,player_receptions,Devin Singletary,NYG,RB2,Over,1.5,-101.0,0.5024,0.4471724693097203,0.055227530690279636,STRONG,PASS,False,False,False,"receiving_hier_v2, MODEL_UNVALIDATED (PROTOTYPE)",,,,,,4fa7976f1dc363554655b47b5f7f91d42baeb09ecc0b4dbf88b4c58796ae797d,props-v1.7,tag,decision,1,2026-09-21T22:46:01Z,2026-09-22T00:15:00+00:00,89.0,0.0,under,settled,0,-100.0,-1.698,1,3,0.03125,-0.002932551319648,0.0448222140762463,LA,6.0,28.0,34.0,team+name
2026,2,NYG@LA,sleeper_202610232,sleeper,player_receptions,Kyren Williams,LA,RB1,Under,2.5,-147.0,0.58205,0.5308039839819283,0.05124601601807166,STRONG,PASS,False,False,False,"receiving_hier_v2, MODEL_UNVALIDATED (PROTOTYPE)",,,,,,4fa7976f1dc363554655b47b5f7f91d42baeb09ecc0b4dbf88b4c58796ae797d,props-v1.7,tag,decision,1,2026-09-21T22:46:01Z,2026-09-22T00:15:00+00:00,89.0,2.0,under,settled,1,68.03,-0.349,2,12,0.0666666666666667,0.0151057401812689,0.110574018126888,NYG,28.0,6.0,34.0,team+name
2026,2,NYG@LA,sleeper_202610232,sleeper,player_reception_yds,Malachi Fields,NYG,WR2,Over,26.5,-128.0,0.524,0.5,0.02400000000000002,,PASS,False,False,False,"receiving_hier_v2, MODEL_UNVALIDATED (PROTOTYPE)",,,,,,4fa7976f1dc363554655b47b5f7f91d42baeb09ecc0b4dbf88b4c58796ae797d,props-v1.7,tag,decision,1,2026-09-21T22:46:01Z,2026-09-22T00:15:00+00:00,89.0,30.0,over,settled,1,78.12,-4.672,6,0,0.1875,0.3841642228739,0.55016495601173,LA,6.0,28.0,34.0,team+name
2026,2,NYG@LA,sleeper_202610232,sleeper,player_reception_yds,Devin Singletary,NYG,RB2,Under,7.5,-127.0,0.5095000000000001,0.49744550408719346,0.012054495912806606,,PASS,False,False,False,"receiving_hier_v2, MODEL_UNVALIDATED (PROTOTYPE)",,,,,,4fa7976f1dc363554655b47b5f7f91d42baeb09ecc0b4dbf88b4c58796ae797d,props-v1.7,tag,decision,1,2026-09-21T22:46:01Z,2026-09-22T00:15:00+00:00,89.0,0.0,under,settled,1,78.74,-10.576,1,3,0.03125,-0.002932551319648,0.0448222140762463,LA,6.0,28.0,34.0,team+name
2026,2,NYG@LA,sleeper_202610232,sleeper,player_anytime_td,Colby Parkinson,LA,TE1,Yes,,206.0,0.29342642545798736,0.285010013865352,0.008416411592635342,,PASS,False,False,False,"anytime_td_v1, MODEL_UNVALIDATED (PROTOTYPE)",,,,,anytime_td_v1,4fa7976f1dc363554655b47b5f7f91d42baeb09ecc0b4dbf88b4c58796ae797d,props-v1.7,tag,decision,1,2026-09-21T22:46:01Z,2026-09-22T00:15:00+00:00,89.0,0.0,no,settled,0,-100.0,,2,0,0.0666666666666667,-0.0090634441087613,0.0936555891238671,NYG,28.0,6.0,34.0,team+name
2026,2,NYG@LA,sleeper_202610232,sleeper,player_reception_yds,Cam Skattebo,NYG,RB1,Under,11.5,-127.0,0.50065,0.49744550408719346,0.003204495912806582,,PASS,False,False,False,"receiving_hier_v2, MODEL_UNVALIDATED (PROTOTYPE)",,,,,,4fa7976f1dc363554655b47b5f7f91d42baeb09ecc0b4dbf88b4c58796ae797d,props-v1.7,tag,decision,1,2026-09-21T22:46:01Z,2026-09-22T00:15:00+00:00,89.0,19.0,over,settled,0,-100.0,3.493,4,12,0.125,-0.0117302052785924,0.179288856304985,LA,6.0,28.0,34.0,team+name
2026,2,NYG@LA,sleeper_202610232,sleeper,player_anytime_td,Isaiah Likely,NYG,TE1,Yes,,209.0,0.2657410246260812,0.2814093920384593,-0.015668367412378148,,PASS,True,False,False,"anytime_td_v1, MODEL_UNVALIDATED (PROTOTYPE)",,,,,anytime_td_v1,4fa7976f1dc363554655b47b5f7f91d42baeb09ecc0b4dbf88b4c58796ae797d,props-v1.7,tag,decision,1,2026-09-21T22:46:01Z,2026-09-22T00:15:00+00:00,89.0,0.0,no,settled,0,-100.0,,10,0,0.3125,0.140762463343109,0.567283724340176,LA,6.0,28.0,34.0,team+name
2026,2,NYG@LA,sleeper_202610232,sleeper,player_anytime_td,Kyren Williams,LA,RB1,Yes,,-196.0,0.518091695994437,0.5873989406189015,-0.06930724462446447,,PASS,False,False,False,"anytime_td_v1, MODEL_UNVALIDATED (PROTOTYPE)",,,,,anytime_td_v1,4fa7976f1dc363554655b47b5f7f91d42baeb09ecc0b4dbf88b4c58796ae797d,props-v1.7,tag,decision,1,2026-09-21T22:46:01Z,2026-09-22T00:15:00+00:00,89.0,1.0,yes,settled,1,51.02,,2,12,0.0666666666666667,0.0151057401812689,0.110574018126888,NYG,28.0,6.0,34.0,team+name
2026,2,NYG@LA,sleeper_202610232,sleeper,player_anytime_td,Blake Corum,LA,RB2,Yes,,159.0,0.26551014384742,0.3376827749000066,-0.07217263105258659,,PASS,False,False,False,"anytime_td_v1, MODEL_UNVALIDATED (PROTOTYPE)",,,,,anytime_td_v1,4fa7976f1dc363554655b47b5f7f91d42baeb09ecc0b4dbf88b4c58796ae797d,props-v1.7,tag,decision,1,2026-09-21T22:46:01Z,2026-09-22T00:15:00+00:00,89.0,0.0,no,settled,0,-100.0,,1,12,0.0333333333333333,-0.0181268882175227,0.0373111782477341,NYG,28.0,6.0,34.0,team+name
2026,2,NYG@LA,sleeper_202610232,sleeper,player_anytime_td,Puka Nacua,LA,WR1,Yes,,116.0,0.3362207572934629,0.4098360655737705,-0.0736153082803076,,PASS,False,False,False,"anytime_td_v1, MODEL_UNVALIDATED (PROTOTYPE)",,,,,anytime_td_v1,4fa7976f1dc363554655b47b5f7f91d42baeb09ecc0b4dbf88b4c58796ae797d,props-v1.7,tag,decision,1,2026-09-21T22:46:01Z,2026-09-22T00:15:00+00:00,89.0,,,unjoined,,,,,,,,,,,,,
2026,2,NYG@LA,sleeper_202610232,sleeper,player_anytime_td,Cam Skattebo,NYG,RB1,Yes,,102.0,0.3622424103308943,0.44070906648317437,-0.07846665615228005,,PASS,False,False,False,"anytime_td_v1, MODEL_UNVALIDATED (PROTOTYPE)",,,,,anytime_td_v1,4fa7976f1dc363554655b47b5f7f91d42baeb09ecc0b4dbf88b4c58796ae797d,props-v1.7,tag,decision,1,2026-09-21T22:46:01Z,2026-09-22T00:15:00+00:00,89.0,0.0,no,settled,0,-100.0,,4,12,0.125,-0.0117302052785924,0.179288856304985,LA,6.0,28.0,34.0,team+name
2026,2,NYG@LA,sleeper_202610232,sleeper,player_anytime_td,Jaxson Dart,NYG,QB1,Yes,,190.0,0.21993575476696825,0.30120481927710846,-0.08126906451014021,,PASS,False,False,False,"anytime_td_v1, MODEL_UNVALIDATED (PROTOTYPE)",,,,,anytime_td_v1,4fa7976f1dc363554655b47b5f7f91d42baeb09ecc0b4dbf88b4c58796ae797d,props-v1.7,tag,decision,1,2026-09-21T22:46:01Z,2026-09-22T00:15:00+00:00,89.0,0.0,no,settled,0,-100.0,,0,0,0.0,0.0,0.0,LA,6.0,28.0,34.0,team+name
2026,2,NYG@LA,sleeper_202610232,sleeper,player_anytime_td,Davante Adams,LA,WR2,Yes,,-132.0,0.39278247827194324,0.505962521294719,-0.11318004302277573,,PASS,False,False,False,"anytime_td_v1, MODEL_UNVALIDATED (PROTOTYPE)",,,,,anytime_td_v1,4fa7976f1dc363554655b47b5f7f91d42baeb09ecc0b4dbf88b4c58796ae797d,props-v1.7,tag,decision,1,2026-09-21T22:46:01Z,2026-09-22T00:15:00+00:00,89.0,1.0,yes,settled,1,75.76,,10,0,0.333333333333333,0.598187311178248,0.918731117824773,NYG,28.0,6.0,34.0,team+name
2026,2,NYG@LA,sleeper_202610232,sleeper,player_anytime_td,Malik Nabers,NYG,WR1,Yes,,160.0,0.2180465452408089,0.3368214519293656,-0.11877490668855667,,PASS,False,False,False,"anytime_td_v1, MODEL_UNVALIDATED (PROTOTYPE)",,,,,anytime_td_v1,4fa7976f1dc363554655b47b5f7f91d42baeb09ecc0b4dbf88b4c58796ae797d,props-v1.7,tag,decision,1,2026-09-21T22:46:01Z,2026-09-22T00:15:00+00:00,89.0,0.0,no,settled,0,-100.0,,4,0,0.125,0.225806451612903,0.345564516129032,LA,6.0,28.0,34.0,team+name
