season,week,game_id,team,player_id,pos
2025,1,2025_01_ARI_NO,ARI,00-0033553,RB
2025,1,2025_01_ARI_NO,ARI,00-0033891,WR
2025,1,2025_01_ARI_NO,ARI,00-0035228,QB
2025,1,2025_01_ARI_NO,ARI,00-0035500,WR
2025,1,2025_01_ARI_NO,ARI,00-0037744,TE
2025,1,2025_01_ARI_NO,ARI,00-0038456,TE
2025,1,2025_01_ARI_NO,ARI,00-0038559,WR
2025,1,2025_01_ARI_NO,ARI,00-0039041,TE
2025,1,2025_01_ARI_NO,ARI,00-0039737,TE
2025,1,2025_01_ARI_NO,ARI,00-0039849,WR
2025,1,2025_01_ARI_NO,ARI,00-0039921,RB
2025,1,2025_01_ARI_NO,NO,00-0031236,WR
2025,1,2025_01_ARI_NO,NO,00-0033906,RB
2025,1,2025_01_ARI_NO,NO,00-0036040,TE
2025,1,2025_01_ARI_NO,NO,00-0036741,TE
2025,1,2025_01_ARI_NO,NO,00-0037239,WR
2025,1,2025_01_ARI_NO,NO,00-0037545,WR
2025,1,2025_01_ARI_NO,NO,00-0038551,RB
2025,1,2025_01_ARI_NO,NO,00-0039376,QB
2025,1,2025_01_ARI_NO,NO,00-0039424,WR
2025,1,2025_01_ARI_NO,NO,00-0040202,RB
2025,1,2025_01_ARI_NO,NO,00-0040244,TE
2025,1,2025_01_BAL_BUF,BAL,00-0030564,WR
2025,1,2025_01_BAL_BUF,BAL,00-0032764,RB
2025,1,2025_01_BAL_BUF,BAL,00-0034753,TE
2025,1,2025_01_BAL_BUF,BAL,00-0034796,QB
2025,1,2025_01_BAL_BUF,BAL,00-0034975,RB
2025,1,2025_01_BAL_BUF,BAL,00-0036550,WR
2025,1,2025_01_BAL_BUF,BAL,00-0036630,WR
2025,1,2025_01_BAL_BUF,BAL,00-0037340,TE
2025,1,2025_01_BAL_BUF,BAL,00-0038046,TE
2025,1,2025_01_BAL_BUF,BAL,00-0039064,WR
2025,1,2025_01_BAL_BUF,BAL,00-0039796,RB
2025,1,2025_01_BAL_BUF,BUF,00-0034857,QB
2025,1,2025_01_BAL_BUF,BUF,00-0035537,RB
2025,1,2025_01_BAL_BUF,BUF,00-0035689,TE
2025,1,2025_01_BAL_BUF,BUF,00-0036187,RB
2025,1,2025_01_BAL_BUF,BUF,00-0036980,WR
2025,1,2025_01_BAL_BUF,BUF,00-0036988,WR
2025,1,2025_01_BAL_BUF,BUF,00-0037248,RB
2025,1,2025_01_BAL_BUF,BUF,00-0037261,WR
2025,1,2025_01_BAL_BUF,BUF,00-0038679,WR
2025,1,2025_01_BAL_BUF,BUF,00-0038933,TE
2025,1,2025_01_BAL_BUF,BUF,00-0039875,RB
2025,1,2025_01_BAL_BUF,BUF,00-0039901,WR
2025,1,2025_01_BAL_BUF,BUF,00-0040194,TE
2025,1,2025_01_CAR_JAX,CAR,00-0033589,WR
2025,1,2025_01_CAR_JAX,CAR,00-0034983,WR
2025,1,2025_01_CAR_JAX,CAR,00-0036139,RB
2025,1,2025_01_CAR_JAX,CAR,00-0036555,RB
2025,1,2025_01_CAR_JAX,CAR,00-0037005,TE
2025,1,2025_01_CAR_JAX,CAR,00-0038840,WR
2025,1,2025_01_CAR_JAX,CAR,00-0039150,QB
2025,1,2025_01_CAR_JAX,CAR,00-0039342,WR
2025,1,2025_01_CAR_JAX,CAR,00-0039356,TE
2025,1,2025_01_CAR_JAX,CAR,00-0040124,WR
2025,1,2025_01_CAR_JAX,CAR,00-0040187,TE
2025,1,2025_01_CAR_JAX,CAR,00-0040644,RB
2025,1,2025_01_CAR_JAX,JAX,00-0033246,TE
2025,1,2025_01_CAR_JAX,JAX,00-0033375,WR
2025,1,2025_01_CAR_JAX,JAX,00-0036626,WR
2025,1,2025_01_CAR_JAX,JAX,00-0036971,QB
2025,1,2025_01_CAR_JAX,JAX,00-0036973,RB
2025,1,2025_01_CAR_JAX,JAX,00-0037004,TE
2025,1,2025_01_CAR_JAX,JAX,00-0038555,RB
2025,1,2025_01_CAR_JAX,JAX,00-0038606,WR
2025,1,2025_01_CAR_JAX,JAX,00-0038935,TE
2025,1,2025_01_CAR_JAX,JAX,00-0039893,WR
2025,1,2025_01_CAR_JAX,JAX,00-0040238,RB
2025,1,2025_01_CAR_JAX,JAX,00-0040718,WR
2025,1,2025_01_CAR_JAX,JAX,00-0040719,RB
2025,1,2025_01_CIN_CLE,CIN,00-0034829,TE
2025,1,2025_01_CIN_CLE,CIN,00-0035631,TE
2025,1,2025_01_CIN_CLE,CIN,00-0035644,TE
2025,1,2025_01_CIN_CLE,CIN,00-0036410,WR
2025,1,2025_01_CIN_CLE,CIN,00-0036442,QB
2025,1,2025_01_CIN_CLE,CIN,00-0036900,WR
2025,1,2025_01_CIN_CLE,CIN,00-0038619,WR
2025,1,2025_01_CIN_CLE,CIN,00-0038839,WR
2025,1,2025_01_CIN_CLE,CLE,00-0026158,QB
2025,1,2025_01_CIN_CLE,CLE,00-0033885,TE
2025,1,2025_01_CIN_CLE,CLE,00-0036407,WR
2025,1,2025_01_CIN_CLE,CLE,00-0037267,RB
2025,1,2025_01_CIN_CLE,CLE,00-0038710,TE
2025,1,2025_01_CIN_CLE,CLE,00-0038979,WR
2025,1,2025_01_CIN_CLE,CLE,00-0039379,WR
2025,1,2025_01_CIN_CLE,CLE,00-0040162,RB
2025,1,2025_01_CIN_CLE,CLE,00-0040466,RB
2025,1,2025_01_CIN_CLE,CLE,00-0040663,TE
2025,1,2025_01_CIN_CLE,CLE,00-0040782,WR
2025,1,2025_01_DAL_PHI,DAL,00-0033077,QB
2025,1,2025_01_DAL_PHI,DAL,00-0035243,RB
2025,1,2025_01_DAL_PHI,DAL,00-0036358,WR
2025,1,2025_01_DAL_PHI,DAL,00-0036997,RB
2025,1,2025_01_DAL_PHI,DAL,00-0037247,WR
2025,1,2025_01_DAL_PHI,DAL,00-0037666,WR
2025,1,2025_01_DAL_PHI,DAL,00-0037801,WR
2025,1,2025_01_DAL_PHI,DAL,00-0038041,TE
2025,1,2025_01_DAL_PHI,DAL,00-0038547,TE
2025,1,2025_01_DAL_PHI,DAL,00-0038738,RB
2025,1,2025_01_DAL_PHI,DAL,00-0039530,TE
2025,1,2025_01_DAL_PHI,PHI,00-0034351,TE
2025,1,2025_01_DAL_PHI,PHI,00-0034844,RB
2025,1,2025_01_DAL_PHI,PHI,00-0035676,WR
2025,1,2025_01_DAL_PHI,PHI,00-0036265,RB
2025,1,2025_01_DAL_PHI,PHI,00-0036389,QB
2025,1,2025_01_DAL_PHI,PHI,00-0036876,TE
2025,1,2025_01_DAL_PHI,PHI,00-0036912,WR
2025,1,2025_01_DAL_PHI,PHI,00-0037086,TE
2025,1,2025_01_DAL_PHI,PHI,00-0037614,WR
2025,1,2025_01_DAL_PHI,PHI,00-0037741,WR
2025,1,2025_01_DAL_PHI,PHI,00-0039746,RB
2025,1,2025_01_DAL_PHI,PHI,00-0040024,WR
2025,1,2025_01_DET_GB,DET,00-0032464,WR
2025,1,2025_01_DET_GB,DET,00-0033106,QB
2025,1,2025_01_DET_GB,DET,00-0035685,RB
2025,1,2025_01_DET_GB,DET,00-0036534,TE
2025,1,2025_01_DET_GB,DET,00-0036754,TE
2025,1,2025_01_DET_GB,DET,00-0036963,WR
2025,1,2025_01_DET_GB,DET,00-0037240,WR
2025,1,2025_01_DET_GB,DET,00-0039065,TE
2025,1,2025_01_DET_GB,DET,00-0039139,RB
2025,1,2025_01_DET_GB,DET,00-0040669,WR
2025,1,2025_01_DET_GB,GB,00-0035700,RB
2025,1,2025_01_DET_GB,GB,00-0036264,QB
2025,1,2025_01_DET_GB,GB,00-0037306,TE
2025,1,2025_01_DET_GB,GB,00-0037816,WR
2025,1,2025_01_DET_GB,GB,00-0038393,WR
2025,1,2025_01_DET_GB,GB,00-0038465,WR
2025,1,2025_01_DET_GB,GB,00-0038685,RB
2025,1,2025_01_DET_GB,GB,00-0038797,RB
2025,1,2025_01_DET_GB,GB,00-0038996,TE
2025,1,2025_01_DET_GB,GB,00-0039144,TE
2025,1,2025_01_DET_GB,GB,00-0039146,WR
2025,1,2025_01_DET_GB,GB,00-0040009,WR
2025,1,2025_01_DET_GB,GB,00-0040667,WR
2025,1,2025_01_HOU_LA,HOU,00-0033854,RB
2025,1,2025_01_HOU_LA,HOU,00-0034383,TE
2025,1,2025_01_HOU_LA,HOU,00-0034386,WR
2025,1,2025_01_HOU_LA,HOU,00-0034791,RB
2025,1,2025_01_HOU_LA,HOU,00-0035726,RB
2025,1,2025_01_HOU_LA,HOU,00-0036554,WR
2025,1,2025_01_HOU_LA,HOU,00-0037258,RB
2025,1,2025_01_HOU_LA,HOU,00-0038618,WR
2025,1,2025_01_HOU_LA,HOU,00-0039163,QB
2025,1,2025_01_HOU_LA,HOU,00-0039359,TE
2025,1,2025_01_HOU_LA,HOU,00-0040130,WR
2025,1,2025_01_HOU_LA,HOU,00-0040138,WR
2025,1,2025_01_HOU_LA,HOU,00-0040583,RB
2025,1,2025_01_HOU_LA,LA,00-0026498,QB
2025,1,2025_01_HOU_LA,LA,00-0031381,WR
2025,1,2025_01_HOU_LA,LA,00-0033110,TE
2025,1,2025_01_HOU_LA,LA,00-0036244,TE
2025,1,2025_01_HOU_LA,LA,00-0036849,WR
2025,1,2025_01_HOU_LA,LA,00-0037840,RB
2025,1,2025_01_HOU_LA,LA,00-0038359,WR
2025,1,2025_01_HOU_LA,LA,00-0039074,TE
2025,1,2025_01_HOU_LA,LA,00-0039075,WR
2025,1,2025_01_HOU_LA,LA,00-0039738,RB
2025,1,2025_01_HOU_LA,LA,00-0039751,WR
2025,1,2025_01_HOU_LA,LA,00-0040590,WR
2025,1,2025_01_KC_LAC,KC,00-0030506,TE
2025,1,2025_01_KC_LAC,KC,00-0033757,TE
2025,1,2025_01_KC_LAC,KC,00-0033857,WR
2025,1,2025_01_KC_LAC,KC,00-0033873,QB
2025,1,2025_01_KC_LAC,KC,00-0033923,RB
2025,1,2025_01_KC_LAC,KC,00-0035662,WR
2025,1,2025_01_KC_LAC,KC,00-0036637,TE
2025,1,2025_01_KC_LAC,KC,00-0037197,RB
2025,1,2025_01_KC_LAC,KC,00-0038104,WR
2025,1,2025_01_KC_LAC,KC,00-0038492,WR
2025,1,2025_01_KC_LAC,KC,00-0038519,WR
2025,1,2025_01_KC_LAC,KC,00-0039894,WR
2025,1,2025_01_KC_LAC,KC,00-0040078,RB
2025,1,2025_01_KC_LAC,LAC,00-0030279,WR
2025,1,2025_01_KC_LAC,LAC,00-0034159,TE
2025,1,2025_01_KC_LAC,LAC,00-0034270,TE
2025,1,2025_01_KC_LAC,LAC,00-0036355,QB
2025,1,2025_01_KC_LAC,LAC,00-0036893,RB
2025,1,2025_01_KC_LAC,LAC,00-0037617,RB
2025,1,2025_01_KC_LAC,LAC,00-0038544,WR
2025,1,2025_01_KC_LAC,LAC,00-0038573,WR
2025,1,2025_01_KC_LAC,LAC,00-0038614,RB
2025,1,2025_01_KC_LAC,LAC,00-0039915,WR
2025,1,2025_01_KC_LAC,LAC,00-0040184,WR
2025,1,2025_01_KC_LAC,LAC,00-0040666,RB
2025,1,2025_01_KC_LAC,LAC,00-0040727,WR
2025,1,2025_01_LV_NE,LV,00-0030565,QB
2025,1,2025_01_LV_NE,LV,00-0034365,TE
2025,1,2025_01_LV_NE,LV,00-0034960,WR
2025,1,2025_01_LV_NE,LV,00-0035602,WR
2025,1,2025_01_LV_NE,LV,00-0038040,RB
2025,1,2025_01_LV_NE,LV,00-0038563,WR
2025,1,2025_01_LV_NE,LV,00-0039066,TE
2025,1,2025_01_LV_NE,LV,00-0039338,TE
2025,1,2025_01_LV_NE,LV,00-0040122,RB
2025,1,2025_01_LV_NE,LV,00-0040581,WR
2025,1,2025_01_LV_NE,LV,00-0040729,WR
2025,1,2025_01_LV_NE,NE,00-0031588,WR
2025,1,2025_01_LV_NE,NE,00-0032392,TE
2025,1,2025_01_LV_NE,NE,00-0033090,TE
2025,1,2025_01_LV_NE,NE,00-0033555,WR
2025,1,2025_01_LV_NE,NE,00-0036328,RB
2025,1,2025_01_LV_NE,NE,00-0036875,RB
2025,1,2025_01_LV_NE,NE,00-0038608,WR
2025,1,2025_01_LV_NE,NE,00-0038621,WR
2025,1,2025_01_LV_NE,NE,00-0039305,RB
2025,1,2025_01_LV_NE,NE,00-0039851,QB
2025,1,2025_01_LV_NE,NE,00-0040131,WR
2025,1,2025_01_LV_NE,NE,00-0040734,RB
2025,1,2025_01_MIA_IND,IND,00-0033217,TE
2025,1,2025_01_MIA_IND,IND,00-0035021,WR
2025,1,2025_01_MIA_IND,IND,00-0035710,QB
2025,1,2025_01_MIA_IND,IND,00-0036223,RB
2025,1,2025_01_MIA_IND,IND,00-0036252,WR
2025,1,2025_01_MIA_IND,IND,00-0037292,TE
2025,1,2025_01_MIA_IND,IND,00-0037664,WR
2025,1,2025_01_MIA_IND,IND,00-0038997,WR
2025,1,2025_01_MIA_IND,IND,00-0039890,WR
2025,1,2025_01_MIA_IND,IND,00-0040128,TE
2025,1,2025_01_MIA_IND,IND,00-0040179,RB
2025,1,2025_01_MIA_IND,IND,00-0040476,RB
2025,1,2025_01_MIA_IND,MIA,00-0033040,WR
2025,1,2025_01_MIA_IND,MIA,00-0034115,RB
2025,1,2025_01_MIA_IND,MIA,00-0035125,RB
2025,1,2025_01_MIA_IND,MIA,00-0036182,WR
2025,1,2025_01_MIA_IND,MIA,00-0036212,QB
2025,1,2025_01_MIA_IND,MIA,00-0036613,WR
2025,1,2025_01_MIA_IND,MIA,00-0036620,WR
2025,1,2025_01_MIA_IND,MIA,00-0037013,QB
2025,1,2025_01_MIA_IND,MIA,00-0037348,TE
2025,1,2025_01_MIA_IND,MIA,00-0038720,TE
2025,1,2025_01_MIA_IND,MIA,00-0039040,RB
2025,1,2025_01_MIA_IND,MIA,00-0039880,WR
2025,1,2025_01_MIA_IND,MIA,00-0040198,RB
2025,1,2025_01_MIN_CHI,CHI,00-0034798,TE
2025,1,2025_01_MIN_CHI,CHI,00-0034827,WR
2025,1,2025_01_MIN_CHI,CHI,00-0035208,WR
2025,1,2025_01_MIN_CHI,CHI,00-0036275,RB
2025,1,2025_01_MIN_CHI,CHI,00-0036290,TE
2025,1,2025_01_MIN_CHI,CHI,00-0039918,QB
2025,1,2025_01_MIN_CHI,CHI,00-0039919,WR
2025,1,2025_01_MIN_CHI,CHI,00-0040126,TE
2025,1,2025_01_MIN_CHI,CHI,00-0040236,RB
2025,1,2025_01_MIN_CHI,CHI,00-0040735,WR
2025,1,2025_01_MIN_CHI,MIN,00-0030035,WR
2025,1,2025_01_MIN_CHI,MIN,00-0033293,RB
2025,1,2025_01_MIN_CHI,MIN,00-0035229,TE
2025,1,2025_01_MIN_CHI,MIN,00-0035249,TE
2025,1,2025_01_MIN_CHI,MIN,00-0036322,WR
2025,1,2025_01_MIN_CHI,MIN,00-0036497,WR
2025,1,2025_01_MIN_CHI,MIN,00-0037291,WR
2025,1,2025_01_MIN_CHI,MIN,00-0037525,RB
2025,1,2025_01_MIN_CHI,MIN,00-0039923,QB
2025,1,2025_01_MIN_CHI,MIN,00-0040509,TE
2025,1,2025_01_NYG_WAS,NYG,00-0029263,QB
2025,1,2025_01_NYG_WAS,NYG,00-0031484,TE
2025,1,2025_01_NYG_WAS,NYG,00-0035250,RB
2025,1,2025_01_NYG_WAS,NYG,00-0035535,WR
2025,1,2025_01_NYG_WAS,NYG,00-0038115,TE
2025,1,2025_01_NYG_WAS,NYG,00-0038117,WR
2025,1,2025_01_NYG_WAS,NYG,00-0039337,WR
2025,1,2025_01_NYG_WAS,NYG,00-0039384,RB
2025,1,2025_01_NYG_WAS,NYG,00-0039847,TE
2025,1,2025_01_NYG_WAS,NYG,00-0040432,WR
2025,1,2025_01_NYG_WAS,NYG,00-0040715,RB
2025,1,2025_01_NYG_WAS,WAS,00-0030061,TE
2025,1,2025_01_NYG_WAS,WAS,00-0032398,WR
2025,1,2025_01_NYG_WAS,WAS,00-0033591,WR
2025,1,2025_01_NYG_WAS,WAS,00-0033699,RB
2025,1,2025_01_NYG_WAS,WAS,00-0033955,RB
2025,1,2025_01_NYG_WAS,WAS,00-0035659,WR
2025,1,2025_01_NYG_WAS,WAS,00-0035719,WR
2025,1,2025_01_NYG_WAS,WAS,00-0036628,TE
2025,1,2025_01_NYG_WAS,WAS,00-0039355,WR
2025,1,2025_01_NYG_WAS,WAS,00-0039686,TE
2025,1,2025_01_NYG_WAS,WAS,00-0039910,QB
2025,1,2025_01_NYG_WAS,WAS,00-0039912,TE
2025,1,2025_01_NYG_WAS,WAS,00-0040164,WR
2025,1,2025_01_NYG_WAS,WAS,00-0040242,RB
2025,1,2025_01_PIT_NYJ,NYJ,00-0033943,WR
2025,1,2025_01_PIT_NYJ,NYJ,00-0034959,RB
2025,1,2025_01_PIT_NYJ,NYJ,00-0036427,WR
2025,1,2025_01_PIT_NYJ,NYJ,00-0036945,QB
2025,1,2025_01_PIT_NYJ,NYJ,00-0037740,WR
2025,1,2025_01_PIT_NYJ,NYJ,00-0037805,TE
2025,1,2025_01_PIT_NYJ,NYJ,00-0038120,RB
2025,1,2025_01_PIT_NYJ,NYJ,00-0039794,RB
2025,1,2025_01_PIT_NYJ,NYJ,00-0039798,RB
2025,1,2025_01_PIT_NYJ,NYJ,00-0040582,WR
2025,1,2025_01_PIT_NYJ,NYJ,00-0040736,TE
2025,1,2025_01_PIT_NYJ,PIT,00-0023459,QB
2025,1,2025_01_PIT_NYJ,PIT,00-0033858,TE
2025,1,2025_01_PIT_NYJ,PIT,00-0035298,WR
2025,1,2025_01_PIT_NYJ,PIT,00-0035640,WR
2025,1,2025_01_PIT_NYJ,PIT,00-0036862,WR
2025,1,2025_01_PIT_NYJ,PIT,00-0036894,TE
2025,1,2025_01_PIT_NYJ,PIT,00-0036919,RB
2025,1,2025_01_PIT_NYJ,PIT,00-0037228,RB
2025,1,2025_01_PIT_NYJ,PIT,00-0037304,TE
2025,1,2025_01_PIT_NYJ,PIT,00-0037837,WR
2025,1,2025_01_PIT_NYJ,PIT,00-0038558,TE
2025,1,2025_01_PIT_NYJ,PIT,00-0039739,WR
2025,1,2025_01_PIT_NYJ,PIT,00-0040142,RB
2025,1,2025_01_SF_SEA,SEA,00-0033576,TE
2025,1,2025_01_SF_SEA,SEA,00-0033908,WR
2025,1,2025_01_SF_SEA,SEA,00-0034869,QB
2025,1,2025_01_SF_SEA,SEA,00-0038134,RB
2025,1,2025_01_SF_SEA,SEA,00-0038543,WR
2025,1,2025_01_SF_SEA,SEA,00-0039165,RB
2025,1,2025_01_SF_SEA,SEA,00-0039793,TE
2025,1,2025_01_SF_SEA,SEA,00-0040648,WR
2025,1,2025_01_SF_SEA,SEA,00-0040649,RB
2025,1,2025_01_SF_SEA,SEA,00-0040673,QB
2025,1,2025_01_SF_SEA,SEA,00-0040739,TE
2025,1,2025_01_SF_SEA,SF,00-0029892,RB
2025,1,2025_01_SF_SEA,SF,00-0033280,RB
2025,1,2025_01_SF_SEA,SF,00-0033288,TE
2025,1,2025_01_SF_SEA,SF,00-0034272,WR
2025,1,2025_01_SF_SEA,SF,00-0034411,WR
2025,1,2025_01_SF_SEA,SF,00-0036259,WR
2025,1,2025_01_SF_SEA,SF,00-0036887,TE
2025,1,2025_01_SF_SEA,SF,00-0037112,TE
2025,1,2025_01_SF_SEA,SF,00-0037746,RB
2025,1,2025_01_SF_SEA,SF,00-0037834,QB
2025,1,2025_01_SF_SEA,SF,00-0038090,WR
2025,1,2025_01_SF_SEA,SF,00-0039916,WR
2025,1,2025_01_TB_ATL,ATL,00-0034407,WR
2025,1,2025_01_TB_ATL,ATL,00-0034854,WR
2025,1,2025_01_TB_ATL,ATL,00-0035359,WR
2025,1,2025_01_TB_ATL,ATL,00-0036429,TE
2025,1,2025_01_TB_ATL,ATL,00-0036825,TE
2025,1,2025_01_TB_ATL,ATL,00-0036970,TE
2025,1,2025_01_TB_ATL,ATL,00-0037238,WR
2025,1,2025_01_TB_ATL,ATL,00-0037263,RB
2025,1,2025_01_TB_ATL,ATL,00-0037277,TE
2025,1,2025_01_TB_ATL,ATL,00-0038542,RB
2025,1,2025_01_TB_ATL,ATL,00-0039394,WR
2025,1,2025_01_TB_ATL,ATL,00-0039917,QB
2025,1,2025_01_TB_ATL,TB,00-0031408,WR
2025,1,2025_01_TB_ATL,TB,00-0032385,WR
2025,1,2025_01_TB_ATL,TB,00-0034855,QB
2025,1,2025_01_TB_ATL,TB,00-0037256,RB
2025,1,2025_01_TB_ATL,TB,00-0037311,TE
2025,1,2025_01_TB_ATL,TB,00-0038129,TE
2025,1,2025_01_TB_ATL,TB,00-0038824,WR
2025,1,2025_01_TB_ATL,TB,00-0038951,RB
2025,1,2025_01_TB_ATL,TB,00-0039050,TE
2025,1,2025_01_TB_ATL,TB,00-0039361,RB
2025,1,2025_01_TB_ATL,TB,00-0039589,WR
2025,1,2025_01_TB_ATL,TB,00-0040129,WR
2025,1,2025_01_TB_ATL,TB,00-0040237,WR
2025,1,2025_01_TEN_DEN,DEN,00-0033881,TE
2025,1,2025_01_TEN_DEN,DEN,00-0034348,WR
2025,1,2025_01_TEN_DEN,DEN,00-0034487,WR
2025,1,2025_01_TEN_DEN,DEN,00-0036158,RB
2025,1,2025_01_TEN_DEN,DEN,00-0036422,TE
2025,1,2025_01_TEN_DEN,DEN,00-0036727,RB
2025,1,2025_01_TEN_DEN,DEN,00-0037085,RB
2025,1,2025_01_TEN_DEN,DEN,00-0037539,TE
2025,1,2025_01_TEN_DEN,DEN,00-0038976,WR
2025,1,2025_01_TEN_DEN,DEN,00-0039732,QB
2025,1,2025_01_TEN_DEN,DEN,00-0039868,WR
2025,1,2025_01_TEN_DEN,DEN,00-0040134,WR
2025,1,2025_01_TEN_DEN,DEN,00-0040730,RB
2025,1,2025_01_TEN_DEN,TEN,00-0032211,WR
2025,1,2025_01_TEN_DEN,TEN,00-0034837,WR
2025,1,2025_01_TEN_DEN,TEN,00-0035261,RB
2025,1,2025_01_TEN_DEN,TEN,00-0036415,WR
2025,1,2025_01_TEN_DEN,TEN,00-0037594,RB
2025,1,2025_01_TEN_DEN,TEN,00-0037809,TE
2025,1,2025_01_TEN_DEN,TEN,00-0039648,TE
2025,1,2025_01_TEN_DEN,TEN,00-0039650,WR
2025,1,2025_01_TEN_DEN,TEN,00-0040170,WR
2025,1,2025_01_TEN_DEN,TEN,00-0040584,TE
2025,1,2025_01_TEN_DEN,TEN,00-0040676,QB
2025,1,2025_01_TEN_DEN,TEN,00-0040705,WR
2025,2,2025_02_ATL_MIN,ATL,00-0034407,WR
2025,2,2025_02_ATL_MIN,ATL,00-0034854,WR
2025,2,2025_02_ATL_MIN,ATL,00-0035359,WR
2025,2,2025_02_ATL_MIN,ATL,00-0036309,WR
2025,2,2025_02_ATL_MIN,ATL,00-0036429,TE
2025,2,2025_02_ATL_MIN,ATL,00-0036970,TE
2025,2,2025_02_ATL_MIN,ATL,00-0037238,WR
2025,2,2025_02_ATL_MIN,ATL,00-0037263,RB
2025,2,2025_02_ATL_MIN,ATL,00-0037277,TE
2025,2,2025_02_ATL_MIN,ATL,00-0038542,RB
2025,2,2025_02_ATL_MIN,ATL,00-0039917,QB
2025,2,2025_02_ATL_MIN,MIN,00-0030035,WR
2025,2,2025_02_ATL_MIN,MIN,00-0033293,RB
2025,2,2025_02_ATL_MIN,MIN,00-0035229,TE
2025,2,2025_02_ATL_MIN,MIN,00-0035249,TE
2025,2,2025_02_ATL_MIN,MIN,00-0036322,WR
2025,2,2025_02_ATL_MIN,MIN,00-0036497,WR
2025,2,2025_02_ATL_MIN,MIN,00-0037291,WR
2025,2,2025_02_ATL_MIN,MIN,00-0037525,RB
2025,2,2025_02_ATL_MIN,MIN,00-0039923,QB
2025,2,2025_02_ATL_MIN,MIN,00-0040509,TE
2025,2,2025_02_BUF_NYJ,BUF,00-0033869,QB
2025,2,2025_02_BUF_NYJ,BUF,00-0034857,QB
2025,2,2025_02_BUF_NYJ,BUF,00-0035537,RB
2025,2,2025_02_BUF_NYJ,BUF,00-0035689,TE
2025,2,2025_02_BUF_NYJ,BUF,00-0036187,RB
2025,2,2025_02_BUF_NYJ,BUF,00-0036980,WR
2025,2,2025_02_BUF_NYJ,BUF,00-0036988,WR
2025,2,2025_02_BUF_NYJ,BUF,00-0037248,RB
2025,2,2025_02_BUF_NYJ,BUF,00-0037261,WR
2025,2,2025_02_BUF_NYJ,BUF,00-0038679,WR
2025,2,2025_02_BUF_NYJ,BUF,00-0038933,TE
2025,2,2025_02_BUF_NYJ,BUF,00-0039875,RB
2025,2,2025_02_BUF_NYJ,BUF,00-0039901,WR
2025,2,2025_02_BUF_NYJ,BUF,00-0040194,TE
2025,2,2025_02_BUF_NYJ,NYJ,00-0028118,QB
2025,2,2025_02_BUF_NYJ,NYJ,00-0034521,WR
2025,2,2025_02_BUF_NYJ,NYJ,00-0034959,RB
2025,2,2025_02_BUF_NYJ,NYJ,00-0036427,WR
2025,2,2025_02_BUF_NYJ,NYJ,00-0036945,QB
2025,2,2025_02_BUF_NYJ,NYJ,00-0037740,WR
2025,2,2025_02_BUF_NYJ,NYJ,00-0037805,TE
2025,2,2025_02_BUF_NYJ,NYJ,00-0038120,RB
2025,2,2025_02_BUF_NYJ,NYJ,00-0039794,RB
2025,2,2025_02_BUF_NYJ,NYJ,00-0039798,RB
2025,2,2025_02_BUF_NYJ,NYJ,00-0040582,WR
2025,2,2025_02_BUF_NYJ,NYJ,00-0040736,TE
2025,2,2025_02_CAR_ARI,ARI,00-0033119,QB
2025,2,2025_02_CAR_ARI,ARI,00-0033553,RB
2025,2,2025_02_CAR_ARI,ARI,00-0033891,WR
2025,2,2025_02_CAR_ARI,ARI,00-0035228,QB
2025,2,2025_02_CAR_ARI,ARI,00-0035500,WR
2025,2,2025_02_CAR_ARI,ARI,00-0037744,TE
2025,2,2025_02_CAR_ARI,ARI,00-0038456,TE
2025,2,2025_02_CAR_ARI,ARI,00-0038559,WR
2025,2,2025_02_CAR_ARI,ARI,00-0038705,RB
2025,2,2025_02_CAR_ARI,ARI,00-0039041,TE
2025,2,2025_02_CAR_ARI,ARI,00-0039849,WR
2025,2,2025_02_CAR_ARI,ARI,00-0039921,RB
2025,2,2025_02_CAR_ARI,CAR,00-0033589,WR
2025,2,2025_02_CAR_ARI,CAR,00-0034983,WR
2025,2,2025_02_CAR_ARI,CAR,00-0036139,RB
2025,2,2025_02_CAR_ARI,CAR,00-0036555,RB
2025,2,2025_02_CAR_ARI,CAR,00-0037005,TE
2025,2,2025_02_CAR_ARI,CAR,00-0038840,WR
2025,2,2025_02_CAR_ARI,CAR,00-0039150,QB
2025,2,2025_02_CAR_ARI,CAR,00-0039342,WR
2025,2,2025_02_CAR_ARI,CAR,00-0039356,TE
2025,2,2025_02_CAR_ARI,CAR,00-0040124,WR
2025,2,2025_02_CAR_ARI,CAR,00-0040187,TE
2025,2,2025_02_CAR_ARI,CAR,00-0040644,RB
2025,2,2025_02_CHI_DET,CHI,00-0034798,TE
2025,2,2025_02_CHI_DET,CHI,00-0034827,WR
2025,2,2025_02_CHI_DET,CHI,00-0035208,WR
2025,2,2025_02_CHI_DET,CHI,00-0036275,RB
2025,2,2025_02_CHI_DET,CHI,00-0036290,TE
2025,2,2025_02_CHI_DET,CHI,00-0038416,QB
2025,2,2025_02_CHI_DET,CHI,00-0039918,QB
2025,2,2025_02_CHI_DET,CHI,00-0039919,WR
2025,2,2025_02_CHI_DET,CHI,00-0040126,TE
2025,2,2025_02_CHI_DET,CHI,00-0040236,RB
2025,2,2025_02_CHI_DET,CHI,00-0040735,WR
2025,2,2025_02_CHI_DET,DET,00-0032464,WR
2025,2,2025_02_CHI_DET,DET,00-0033106,QB
2025,2,2025_02_CHI_DET,DET,00-0034577,QB
2025,2,2025_02_CHI_DET,DET,00-0035567,RB
2025,2,2025_02_CHI_DET,DET,00-0035685,RB
2025,2,2025_02_CHI_DET,DET,00-0036754,TE
2025,2,2025_02_CHI_DET,DET,00-0036963,WR
2025,2,2025_02_CHI_DET,DET,00-0037240,WR
2025,2,2025_02_CHI_DET,DET,00-0039065,TE
2025,2,2025_02_CHI_DET,DET,00-0039139,RB
2025,2,2025_02_CHI_DET,DET,00-0040241,WR
2025,2,2025_02_CHI_DET,DET,00-0040669,WR
2025,2,2025_02_CLE_BAL,BAL,00-0030564,WR
2025,2,2025_02_CLE_BAL,BAL,00-0032764,RB
2025,2,2025_02_CLE_BAL,BAL,00-0033662,QB
2025,2,2025_02_CLE_BAL,BAL,00-0034753,TE
2025,2,2025_02_CLE_BAL,BAL,00-0034796,QB
2025,2,2025_02_CLE_BAL,BAL,00-0034975,RB
2025,2,2025_02_CLE_BAL,BAL,00-0036550,WR
2025,2,2025_02_CLE_BAL,BAL,00-0036630,WR
2025,2,2025_02_CLE_BAL,BAL,00-0037340,TE
2025,2,2025_02_CLE_BAL,BAL,00-0038046,TE
2025,2,2025_02_CLE_BAL,BAL,00-0039064,WR
2025,2,2025_02_CLE_BAL,BAL,00-0039792,WR
2025,2,2025_02_CLE_BAL,BAL,00-0040075,WR
2025,2,2025_02_CLE_BAL,CLE,00-0026158,QB
2025,2,2025_02_CLE_BAL,CLE,00-0033885,TE
2025,2,2025_02_CLE_BAL,CLE,00-0036407,WR
2025,2,2025_02_CLE_BAL,CLE,00-0037267,RB
2025,2,2025_02_CLE_BAL,CLE,00-0038710,TE
2025,2,2025_02_CLE_BAL,CLE,00-0038979,WR
2025,2,2025_02_CLE_BAL,CLE,00-0039379,WR
2025,2,2025_02_CLE_BAL,CLE,00-0040162,RB
2025,2,2025_02_CLE_BAL,CLE,00-0040663,TE
2025,2,2025_02_CLE_BAL,CLE,00-0040704,QB
2025,2,2025_02_CLE_BAL,CLE,00-0040782,WR
2025,2,2025_02_CLE_BAL,CLE,00-0040784,RB
2025,2,2025_02_DEN_IND,DEN,00-0033881,TE
2025,2,2025_02_DEN_IND,DEN,00-0034348,WR
2025,2,2025_02_DEN_IND,DEN,00-0034487,WR
2025,2,2025_02_DEN_IND,DEN,00-0036158,RB
2025,2,2025_02_DEN_IND,DEN,00-0036422,TE
2025,2,2025_02_DEN_IND,DEN,00-0036727,RB
2025,2,2025_02_DEN_IND,DEN,00-0037085,RB
2025,2,2025_02_DEN_IND,DEN,00-0037539,TE
2025,2,2025_02_DEN_IND,DEN,00-0038976,WR
2025,2,2025_02_DEN_IND,DEN,00-0039732,QB
2025,2,2025_02_DEN_IND,DEN,00-0039868,WR
2025,2,2025_02_DEN_IND,DEN,00-0040134,WR
2025,2,2025_02_DEN_IND,DEN,00-0040730,RB
2025,2,2025_02_DEN_IND,IND,00-0033217,TE
2025,2,2025_02_DEN_IND,IND,00-0035021,WR
2025,2,2025_02_DEN_IND,IND,00-0035710,QB
2025,2,2025_02_DEN_IND,IND,00-0036223,RB
2025,2,2025_02_DEN_IND,IND,00-0036252,WR
2025,2,2025_02_DEN_IND,IND,00-0037292,TE
2025,2,2025_02_DEN_IND,IND,00-0037664,WR
2025,2,2025_02_DEN_IND,IND,00-0038997,WR
2025,2,2025_02_DEN_IND,IND,00-0039890,WR
2025,2,2025_02_DEN_IND,IND,00-0040128,TE
2025,2,2025_02_DEN_IND,IND,00-0040179,RB
2025,2,2025_02_JAX_CIN,CIN,00-0034829,TE
2025,2,2025_02_JAX_CIN,CIN,00-0035100,QB
2025,2,2025_02_JAX_CIN,CIN,00-0035631,TE
2025,2,2025_02_JAX_CIN,CIN,00-0035644,TE
2025,2,2025_02_JAX_CIN,CIN,00-0036410,WR
2025,2,2025_02_JAX_CIN,CIN,00-0036442,QB
2025,2,2025_02_JAX_CIN,CIN,00-0036900,WR
2025,2,2025_02_JAX_CIN,CIN,00-0038576,WR
2025,2,2025_02_JAX_CIN,CIN,00-0038619,WR
2025,2,2025_02_JAX_CIN,CIN,00-0038839,WR
2025,2,2025_02_JAX_CIN,JAX,00-0033246,TE
2025,2,2025_02_JAX_CIN,JAX,00-0033375,WR
2025,2,2025_02_JAX_CIN,JAX,00-0036626,WR
2025,2,2025_02_JAX_CIN,JAX,00-0036971,QB
2025,2,2025_02_JAX_CIN,JAX,00-0036973,RB
2025,2,2025_02_JAX_CIN,JAX,00-0037004,TE
2025,2,2025_02_JAX_CIN,JAX,00-0038606,WR
2025,2,2025_02_JAX_CIN,JAX,00-0038935,TE
2025,2,2025_02_JAX_CIN,JAX,00-0039893,WR
2025,2,2025_02_JAX_CIN,JAX,00-0040238,RB
2025,2,2025_02_JAX_CIN,JAX,00-0040718,WR
2025,2,2025_02_JAX_CIN,JAX,00-0040719,RB
2025,2,2025_02_LAC_LV,LAC,00-0030279,WR
2025,2,2025_02_LAC_LV,LAC,00-0034159,TE
2025,2,2025_02_LAC_LV,LAC,00-0034270,TE
2025,2,2025_02_LAC_LV,LAC,00-0036355,QB
2025,2,2025_02_LAC_LV,LAC,00-0036893,RB
2025,2,2025_02_LAC_LV,LAC,00-0037617,RB
2025,2,2025_02_LAC_LV,LAC,00-0038544,WR
2025,2,2025_02_LAC_LV,LAC,00-0038573,WR
2025,2,2025_02_LAC_LV,LAC,00-0038614,RB
2025,2,2025_02_LAC_LV,LAC,00-0039915,WR
2025,2,2025_02_LAC_LV,LAC,00-0040184,WR
2025,2,2025_02_LAC_LV,LAC,00-0040666,RB
2025,2,2025_02_LAC_LV,LAC,00-0040727,WR
2025,2,2025_02_LAC_LV,LV,00-0030565,QB
2025,2,2025_02_LAC_LV,LV,00-0034365,TE
2025,2,2025_02_LAC_LV,LV,00-0034960,WR
2025,2,2025_02_LAC_LV,LV,00-0035602,WR
2025,2,2025_02_LAC_LV,LV,00-0038040,RB
2025,2,2025_02_LAC_LV,LV,00-0038563,WR
2025,2,2025_02_LAC_LV,LV,00-0039066,TE
2025,2,2025_02_LAC_LV,LV,00-0039338,TE
2025,2,2025_02_LAC_LV,LV,00-0039407,RB
2025,2,2025_02_LAC_LV,LV,00-0040122,RB
2025,2,2025_02_LAC_LV,LV,00-0040581,WR
2025,2,2025_02_LAC_LV,LV,00-0040729,WR
2025,2,2025_02_LA_TEN,LA,00-0026498,QB
2025,2,2025_02_LA_TEN,LA,00-0031381,WR
2025,2,2025_02_LA_TEN,LA,00-0033110,TE
2025,2,2025_02_LA_TEN,LA,00-0036849,WR
2025,2,2025_02_LA_TEN,LA,00-0037840,RB
2025,2,2025_02_LA_TEN,LA,00-0038359,WR
2025,2,2025_02_LA_TEN,LA,00-0039074,TE
2025,2,2025_02_LA_TEN,LA,00-0039075,WR
2025,2,2025_02_LA_TEN,LA,00-0039738,RB
2025,2,2025_02_LA_TEN,LA,00-0039751,WR
2025,2,2025_02_LA_TEN,LA,00-0040590,WR
2025,2,2025_02_LA_TEN,LA,00-0040737,TE
2025,2,2025_02_LA_TEN,TEN,00-0032211,WR
2025,2,2025_02_LA_TEN,TEN,00-0034837,WR
2025,2,2025_02_LA_TEN,TEN,00-0035261,RB
2025,2,2025_02_LA_TEN,TEN,00-0036415,WR
2025,2,2025_02_LA_TEN,TEN,00-0037594,RB
2025,2,2025_02_LA_TEN,TEN,00-0037809,TE
2025,2,2025_02_LA_TEN,TEN,00-0039650,WR
2025,2,2025_02_LA_TEN,TEN,00-0040170,WR
2025,2,2025_02_LA_TEN,TEN,00-0040584,TE
2025,2,2025_02_LA_TEN,TEN,00-0040676,QB
2025,2,2025_02_LA_TEN,TEN,00-0040705,WR
2025,2,2025_02_NE_MIA,MIA,00-0033040,WR
2025,2,2025_02_NE_MIA,MIA,00-0035125,RB
2025,2,2025_02_NE_MIA,MIA,00-0036182,WR
2025,2,2025_02_NE_MIA,MIA,00-0036212,QB
2025,2,2025_02_NE_MIA,MIA,00-0036613,WR
2025,2,2025_02_NE_MIA,MIA,00-0036620,WR
2025,2,2025_02_NE_MIA,MIA,00-0037348,TE
2025,2,2025_02_NE_MIA,MIA,00-0038720,TE
2025,2,2025_02_NE_MIA,MIA,00-0039040,RB
2025,2,2025_02_NE_MIA,MIA,00-0039880,WR
2025,2,2025_02_NE_MIA,MIA,00-0040198,RB
2025,2,2025_02_NE_MIA,NE,00-0031588,WR
2025,2,2025_02_NE_MIA,NE,00-0032392,TE
2025,2,2025_02_NE_MIA,NE,00-0033090,TE
2025,2,2025_02_NE_MIA,NE,00-0033555,WR
2025,2,2025_02_NE_MIA,NE,00-0036328,RB
2025,2,2025_02_NE_MIA,NE,00-0036875,RB
2025,2,2025_02_NE_MIA,NE,00-0038608,WR
2025,2,2025_02_NE_MIA,NE,00-0038621,WR
2025,2,2025_02_NE_MIA,NE,00-0039305,RB
2025,2,2025_02_NE_MIA,NE,00-0039851,QB
2025,2,2025_02_NE_MIA,NE,00-0040131,WR
2025,2,2025_02_NE_MIA,NE,00-0040734,RB
2025,2,2025_02_NYG_DAL,DAL,00-0033077,QB
2025,2,2025_02_NYG_DAL,DAL,00-0035243,RB
2025,2,2025_02_NYG_DAL,DAL,00-0036358,WR
2025,2,2025_02_NYG_DAL,DAL,00-0036997,RB
2025,2,2025_02_NYG_DAL,DAL,00-0037247,WR
2025,2,2025_02_NYG_DAL,DAL,00-0037666,WR
2025,2,2025_02_NYG_DAL,DAL,00-0037801,WR
2025,2,2025_02_NYG_DAL,DAL,00-0038041,TE
2025,2,2025_02_NYG_DAL,DAL,00-0038547,TE
2025,2,2025_02_NYG_DAL,DAL,00-0038738,RB
2025,2,2025_02_NYG_DAL,DAL,00-0039410,WR
2025,2,2025_02_NYG_DAL,DAL,00-0039530,TE
2025,2,2025_02_NYG_DAL,NYG,00-0029263,QB
2025,2,2025_02_NYG_DAL,NYG,00-0031484,TE
2025,2,2025_02_NYG_DAL,NYG,00-0035250,RB
2025,2,2025_02_NYG_DAL,NYG,00-0035535,WR
2025,2,2025_02_NYG_DAL,NYG,00-0038115,TE
2025,2,2025_02_NYG_DAL,NYG,00-0038117,WR
2025,2,2025_02_NYG_DAL,NYG,00-0039337,WR
2025,2,2025_02_NYG_DAL,NYG,00-0039384,RB
2025,2,2025_02_NYG_DAL,NYG,00-0039847,TE
2025,2,2025_02_NYG_DAL,NYG,00-0040691,QB
2025,2,2025_02_NYG_DAL,NYG,00-0040715,RB
2025,2,2025_02_PHI_KC,KC,00-0030506,TE
2025,2,2025_02_PHI_KC,KC,00-0033757,TE
2025,2,2025_02_PHI_KC,KC,00-0033857,WR
2025,2,2025_02_PHI_KC,KC,00-0033873,QB
2025,2,2025_02_PHI_KC,KC,00-0033923,RB
2025,2,2025_02_PHI_KC,KC,00-0035662,WR
2025,2,2025_02_PHI_KC,KC,00-0036637,TE
2025,2,2025_02_PHI_KC,KC,00-0037197,RB
2025,2,2025_02_PHI_KC,KC,00-0038104,WR
2025,2,2025_02_PHI_KC,KC,00-0038492,WR
2025,2,2025_02_PHI_KC,KC,00-0038519,WR
2025,2,2025_02_PHI_KC,KC,00-0040078,RB
2025,2,2025_02_PHI_KC,PHI,00-0034844,RB
2025,2,2025_02_PHI_KC,PHI,00-0035676,WR
2025,2,2025_02_PHI_KC,PHI,00-0036265,RB
2025,2,2025_02_PHI_KC,PHI,00-0036389,QB
2025,2,2025_02_PHI_KC,PHI,00-0036876,TE
2025,2,2025_02_PHI_KC,PHI,00-0036912,WR
2025,2,2025_02_PHI_KC,PHI,00-0037086,TE
2025,2,2025_02_PHI_KC,PHI,00-0037614,WR
2025,2,2025_02_PHI_KC,PHI,00-0037741,WR
2025,2,2025_02_PHI_KC,PHI,00-0038564,TE
2025,2,2025_02_PHI_KC,PHI,00-0040024,WR
2025,2,2025_02_SEA_PIT,PIT,00-0023459,QB
2025,2,2025_02_SEA_PIT,PIT,00-0033858,TE
2025,2,2025_02_SEA_PIT,PIT,00-0034771,QB
2025,2,2025_02_SEA_PIT,PIT,00-0035298,WR
2025,2,2025_02_SEA_PIT,PIT,00-0035640,WR
2025,2,2025_02_SEA_PIT,PIT,00-0036862,WR
2025,2,2025_02_SEA_PIT,PIT,00-0036894,TE
2025,2,2025_02_SEA_PIT,PIT,00-0036919,RB
2025,2,2025_02_SEA_PIT,PIT,00-0037228,RB
2025,2,2025_02_SEA_PIT,PIT,00-0037304,TE
2025,2,2025_02_SEA_PIT,PIT,00-0037837,WR
2025,2,2025_02_SEA_PIT,PIT,00-0038558,TE
2025,2,2025_02_SEA_PIT,PIT,00-0039739,WR
2025,2,2025_02_SEA_PIT,PIT,00-0040142,RB
2025,2,2025_02_SEA_PIT,SEA,00-0033576,TE
2025,2,2025_02_SEA_PIT,SEA,00-0033908,WR
2025,2,2025_02_SEA_PIT,SEA,00-0034869,QB
2025,2,2025_02_SEA_PIT,SEA,00-0037093,WR
2025,2,2025_02_SEA_PIT,SEA,00-0038134,RB
2025,2,2025_02_SEA_PIT,SEA,00-0038543,WR
2025,2,2025_02_SEA_PIT,SEA,00-0038752,WR
2025,2,2025_02_SEA_PIT,SEA,00-0039165,RB
2025,2,2025_02_SEA_PIT,SEA,00-0039793,TE
2025,2,2025_02_SEA_PIT,SEA,00-0040648,WR
2025,2,2025_02_SEA_PIT,SEA,00-0040649,RB
2025,2,2025_02_SEA_PIT,SEA,00-0040739,TE
2025,2,2025_02_SF_NO,NO,00-0031236,WR
2025,2,2025_02_SF_NO,NO,00-0033906,RB
2025,2,2025_02_SF_NO,NO,00-0036040,TE
2025,2,2025_02_SF_NO,NO,00-0036741,TE
2025,2,2025_02_SF_NO,NO,00-0037239,WR
2025,2,2025_02_SF_NO,NO,00-0037545,WR
2025,2,2025_02_SF_NO,NO,00-0038551,RB
2025,2,2025_02_SF_NO,NO,00-0039376,QB
2025,2,2025_02_SF_NO,NO,00-0039424,WR
2025,2,2025_02_SF_NO,NO,00-0040244,TE
2025,2,2025_02_SF_NO,SF,00-0029892,RB
2025,2,2025_02_SF_NO,SF,00-0033280,RB
2025,2,2025_02_SF_NO,SF,00-0033307,WR
2025,2,2025_02_SF_NO,SF,00-0034272,WR
2025,2,2025_02_SF_NO,SF,00-0036259,WR
2025,2,2025_02_SF_NO,SF,00-0036887,TE
2025,2,2025_02_SF_NO,SF,00-0036972,QB
2025,2,2025_02_SF_NO,SF,00-0037112,TE
2025,2,2025_02_SF_NO,SF,00-0037746,RB
2025,2,2025_02_SF_NO,SF,00-0038090,WR
2025,2,2025_02_SF_NO,SF,00-0038643,TE
2025,2,2025_02_SF_NO,SF,00-0039916,WR
2025,2,2025_02_TB_HOU,HOU,00-0033854,RB
2025,2,2025_02_TB_HOU,HOU,00-0034383,TE
2025,2,2025_02_TB_HOU,HOU,00-0034386,WR
2025,2,2025_02_TB_HOU,HOU,00-0034791,RB
2025,2,2025_02_TB_HOU,HOU,00-0035726,RB
2025,2,2025_02_TB_HOU,HOU,00-0036232,TE
2025,2,2025_02_TB_HOU,HOU,00-0036554,WR
2025,2,2025_02_TB_HOU,HOU,00-0038618,WR
2025,2,2025_02_TB_HOU,HOU,00-0039163,QB
2025,2,2025_02_TB_HOU,HOU,00-0040130,WR
2025,2,2025_02_TB_HOU,HOU,00-0040138,WR
2025,2,2025_02_TB_HOU,HOU,00-0040583,RB
2025,2,2025_02_TB_HOU,TB,00-0031408,WR
2025,2,2025_02_TB_HOU,TB,00-0032385,WR
2025,2,2025_02_TB_HOU,TB,00-0034855,QB
2025,2,2025_02_TB_HOU,TB,00-0037256,RB
2025,2,2025_02_TB_HOU,TB,00-0037311,TE
2025,2,2025_02_TB_HOU,TB,00-0038129,TE
2025,2,2025_02_TB_HOU,TB,00-0038824,WR
2025,2,2025_02_TB_HOU,TB,00-0038951,RB
2025,2,2025_02_TB_HOU,TB,00-0039050,TE
2025,2,2025_02_TB_HOU,TB,00-0039361,RB
2025,2,2025_02_TB_HOU,TB,00-0039589,WR
2025,2,2025_02_TB_HOU,TB,00-0040129,WR
2025,2,2025_02_WAS_GB,GB,00-0035700,RB
2025,2,2025_02_WAS_GB,GB,00-0036264,QB
2025,2,2025_02_WAS_GB,GB,00-0037306,TE
2025,2,2025_02_WAS_GB,GB,00-0037816,WR
2025,2,2025_02_WAS_GB,GB,00-0038393,WR
2025,2,2025_02_WAS_GB,GB,00-0038465,WR
2025,2,2025_02_WAS_GB,GB,00-0038685,RB
2025,2,2025_02_WAS_GB,GB,00-0038797,RB
2025,2,2025_02_WAS_GB,GB,00-0038996,TE
2025,2,2025_02_WAS_GB,GB,00-0039144,TE
2025,2,2025_02_WAS_GB,GB,00-0039146,WR
2025,2,2025_02_WAS_GB,GB,00-0040009,WR
2025,2,2025_02_WAS_GB,GB,00-0040667,WR
2025,2,2025_02_WAS_GB,WAS,00-0030061,TE
2025,2,2025_02_WAS_GB,WAS,00-0033591,WR
2025,2,2025_02_WAS_GB,WAS,00-0033699,RB
2025,2,2025_02_WAS_GB,WAS,00-0033955,RB
2025,2,2025_02_WAS_GB,WAS,00-0035659,WR
2025,2,2025_02_WAS_GB,WAS,00-0035719,WR
2025,2,2025_02_WAS_GB,WAS,00-0036628,TE
2025,2,2025_02_WAS_GB,WAS,00-0039355,WR
2025,2,2025_02_WAS_GB,WAS,00-0039686,TE
2025,2,2025_02_WAS_GB,WAS,00-0039910,QB
2025,2,2025_02_WAS_GB,WAS,00-0039912,TE
2025,2,2025_02_WAS_GB,WAS,00-0040164,WR
2025,2,2025_02_WAS_GB,WAS,00-0040242,RB
2025,3,2025_03_ARI_SF,ARI,00-0033553,RB
2025,3,2025_03_ARI_SF,ARI,00-0033891,WR
2025,3,2025_03_ARI_SF,ARI,00-0035228,QB
2025,3,2025_03_ARI_SF,ARI,00-0035500,WR
2025,3,2025_03_ARI_SF,ARI,00-0037744,TE
2025,3,2025_03_ARI_SF,ARI,00-0038559,WR
2025,3,2025_03_ARI_SF,ARI,00-0038705,RB
2025,3,2025_03_ARI_SF,ARI,00-0039041,TE
2025,3,2025_03_ARI_SF,ARI,00-0039737,TE
2025,3,2025_03_ARI_SF,ARI,00-0039849,WR
2025,3,2025_03_ARI_SF,ARI,00-0039921,RB
2025,3,2025_03_ARI_SF,SF,00-0029892,RB
2025,3,2025_03_ARI_SF,SF,00-0033280,RB
2025,3,2025_03_ARI_SF,SF,00-0033307,WR
2025,3,2025_03_ARI_SF,SF,00-0034272,WR
2025,3,2025_03_ARI_SF,SF,00-0034867,WR
2025,3,2025_03_ARI_SF,SF,00-0036887,TE
2025,3,2025_03_ARI_SF,SF,00-0036972,QB
2025,3,2025_03_ARI_SF,SF,00-0037112,TE
2025,3,2025_03_ARI_SF,SF,00-0037746,RB
2025,3,2025_03_ARI_SF,SF,00-0038090,WR
2025,3,2025_03_ARI_SF,SF,00-0038643,TE
2025,3,2025_03_ARI_SF,SF,00-0039916,WR
2025,3,2025_03_ATL_CAR,ATL,00-0029604,QB
2025,3,2025_03_ATL_CAR,ATL,00-0034407,WR
2025,3,2025_03_ATL_CAR,ATL,00-0034854,WR
2025,3,2025_03_ATL_CAR,ATL,00-0035359,WR
2025,3,2025_03_ATL_CAR,ATL,00-0036309,WR
2025,3,2025_03_ATL_CAR,ATL,00-0036429,TE
2025,3,2025_03_ATL_CAR,ATL,00-0036970,TE
2025,3,2025_03_ATL_CAR,ATL,00-0037238,WR
2025,3,2025_03_ATL_CAR,ATL,00-0037263,RB
2025,3,2025_03_ATL_CAR,ATL,00-0037277,TE
2025,3,2025_03_ATL_CAR,ATL,00-0038542,RB
2025,3,2025_03_ATL_CAR,ATL,00-0039917,QB
2025,3,2025_03_ATL_CAR,CAR,00-0027973,QB
2025,3,2025_03_ATL_CAR,CAR,00-0033589,WR
2025,3,2025_03_ATL_CAR,CAR,00-0034983,WR
2025,3,2025_03_ATL_CAR,CAR,00-0036139,RB
2025,3,2025_03_ATL_CAR,CAR,00-0036555,RB
2025,3,2025_03_ATL_CAR,CAR,00-0037005,TE
2025,3,2025_03_ATL_CAR,CAR,00-0038840,WR
2025,3,2025_03_ATL_CAR,CAR,00-0039150,QB
2025,3,2025_03_ATL_CAR,CAR,00-0039356,TE
2025,3,2025_03_ATL_CAR,CAR,00-0040124,WR
2025,3,2025_03_ATL_CAR,CAR,00-0040187,TE
2025,3,2025_03_ATL_CAR,CAR,00-0040644,RB
2025,3,2025_03_CIN_MIN,CIN,00-0034829,TE
2025,3,2025_03_CIN_MIN,CIN,00-0034955,QB
2025,3,2025_03_CIN_MIN,CIN,00-0035100,QB
2025,3,2025_03_CIN_MIN,CIN,00-0035631,TE
2025,3,2025_03_CIN_MIN,CIN,00-0035644,TE
2025,3,2025_03_CIN_MIN,CIN,00-0036410,WR
2025,3,2025_03_CIN_MIN,CIN,00-0036900,WR
2025,3,2025_03_CIN_MIN,CIN,00-0038576,WR
2025,3,2025_03_CIN_MIN,CIN,00-0038619,WR
2025,3,2025_03_CIN_MIN,CIN,00-0038839,WR
2025,3,2025_03_CIN_MIN,CIN,00-0039631,TE
2025,3,2025_03_CIN_MIN,MIN,00-0030035,WR
2025,3,2025_03_CIN_MIN,MIN,00-0032950,QB
2025,3,2025_03_CIN_MIN,MIN,00-0035229,TE
2025,3,2025_03_CIN_MIN,MIN,00-0035249,TE
2025,3,2025_03_CIN_MIN,MIN,00-0036322,WR
2025,3,2025_03_CIN_MIN,MIN,00-0036414,RB
2025,3,2025_03_CIN_MIN,MIN,00-0037291,WR
2025,3,2025_03_CIN_MIN,MIN,00-0037525,RB
2025,3,2025_03_CIN_MIN,MIN,00-0038440,RB
2025,3,2025_03_CIN_MIN,MIN,00-0040154,WR
2025,3,2025_03_CIN_MIN,MIN,00-0040494,QB
2025,3,2025_03_CIN_MIN,MIN,00-0040506,WR
2025,3,2025_03_CIN_MIN,MIN,00-0040509,TE
2025,3,2025_03_DAL_CHI,CHI,00-0034798,TE
2025,3,2025_03_DAL_CHI,CHI,00-0034827,WR
2025,3,2025_03_DAL_CHI,CHI,00-0035208,WR
2025,3,2025_03_DAL_CHI,CHI,00-0036275,RB
2025,3,2025_03_DAL_CHI,CHI,00-0036290,TE
2025,3,2025_03_DAL_CHI,CHI,00-0039918,QB
2025,3,2025_03_DAL_CHI,CHI,00-0039919,WR
2025,3,2025_03_DAL_CHI,CHI,00-0040126,TE
2025,3,2025_03_DAL_CHI,CHI,00-0040236,RB
2025,3,2025_03_DAL_CHI,CHI,00-0040735,WR
2025,3,2025_03_DAL_CHI,DAL,00-0033077,QB
2025,3,2025_03_DAL_CHI,DAL,00-0035243,RB
2025,3,2025_03_DAL_CHI,DAL,00-0036358,WR
2025,3,2025_03_DAL_CHI,DAL,00-0036997,RB
2025,3,2025_03_DAL_CHI,DAL,00-0037247,WR
2025,3,2025_03_DAL_CHI,DAL,00-0037666,WR
2025,3,2025_03_DAL_CHI,DAL,00-0037801,WR
2025,3,2025_03_DAL_CHI,DAL,00-0038041,TE
2025,3,2025_03_DAL_CHI,DAL,00-0038547,TE
2025,3,2025_03_DAL_CHI,DAL,00-0038738,RB
2025,3,2025_03_DAL_CHI,DAL,00-0039398,QB
2025,3,2025_03_DAL_CHI,DAL,00-0039410,WR
2025,3,2025_03_DAL_CHI,DAL,00-0039530,TE
2025,3,2025_03_DEN_LAC,DEN,00-0034348,WR
2025,3,2025_03_DEN_LAC,DEN,00-0034487,WR
2025,3,2025_03_DEN_LAC,DEN,00-0036158,RB
2025,3,2025_03_DEN_LAC,DEN,00-0036422,TE
2025,3,2025_03_DEN_LAC,DEN,00-0036727,RB
2025,3,2025_03_DEN_LAC,DEN,00-0037085,RB
2025,3,2025_03_DEN_LAC,DEN,00-0037539,TE
2025,3,2025_03_DEN_LAC,DEN,00-0038783,TE
2025,3,2025_03_DEN_LAC,DEN,00-0038976,WR
2025,3,2025_03_DEN_LAC,DEN,00-0039732,QB
2025,3,2025_03_DEN_LAC,DEN,00-0039868,WR
2025,3,2025_03_DEN_LAC,DEN,00-0040134,WR
2025,3,2025_03_DEN_LAC,DEN,00-0040730,RB
2025,3,2025_03_DEN_LAC,LAC,00-0030279,WR
2025,3,2025_03_DEN_LAC,LAC,00-0034270,TE
2025,3,2025_03_DEN_LAC,LAC,00-0036355,QB
2025,3,2025_03_DEN_LAC,LAC,00-0036893,RB
2025,3,2025_03_DEN_LAC,LAC,00-0037617,RB
2025,3,2025_03_DEN_LAC,LAC,00-0037654,TE
2025,3,2025_03_DEN_LAC,LAC,00-0038544,WR
2025,3,2025_03_DEN_LAC,LAC,00-0038573,WR
2025,3,2025_03_DEN_LAC,LAC,00-0038614,RB
2025,3,2025_03_DEN_LAC,LAC,00-0039915,WR
2025,3,2025_03_DEN_LAC,LAC,00-0040189,TE
2025,3,2025_03_DEN_LAC,LAC,00-0040666,RB
2025,3,2025_03_DEN_LAC,LAC,00-0040727,WR
2025,3,2025_03_DET_BAL,BAL,00-0030564,WR
2025,3,2025_03_DET_BAL,BAL,00-0032764,RB
2025,3,2025_03_DET_BAL,BAL,00-0034753,TE
2025,3,2025_03_DET_BAL,BAL,00-0034796,QB
2025,3,2025_03_DET_BAL,BAL,00-0034975,RB
2025,3,2025_03_DET_BAL,BAL,00-0036550,WR
2025,3,2025_03_DET_BAL,BAL,00-0036630,WR
2025,3,2025_03_DET_BAL,BAL,00-0037340,TE
2025,3,2025_03_DET_BAL,BAL,00-0038046,TE
2025,3,2025_03_DET_BAL,BAL,00-0039064,WR
2025,3,2025_03_DET_BAL,BAL,00-0039792,WR
2025,3,2025_03_DET_BAL,DET,00-0032464,WR
2025,3,2025_03_DET_BAL,DET,00-0033106,QB
2025,3,2025_03_DET_BAL,DET,00-0034073,TE
2025,3,2025_03_DET_BAL,DET,00-0035685,RB
2025,3,2025_03_DET_BAL,DET,00-0036754,TE
2025,3,2025_03_DET_BAL,DET,00-0036963,WR
2025,3,2025_03_DET_BAL,DET,00-0037240,WR
2025,3,2025_03_DET_BAL,DET,00-0038896,RB
2025,3,2025_03_DET_BAL,DET,00-0039065,TE
2025,3,2025_03_DET_BAL,DET,00-0039139,RB
2025,3,2025_03_DET_BAL,DET,00-0040241,WR
2025,3,2025_03_DET_BAL,DET,00-0040669,WR
2025,3,2025_03_GB_CLE,CLE,00-0026158,QB
2025,3,2025_03_GB_CLE,CLE,00-0033885,TE
2025,3,2025_03_GB_CLE,CLE,00-0036407,WR
2025,3,2025_03_GB_CLE,CLE,00-0037267,RB
2025,3,2025_03_GB_CLE,CLE,00-0038710,TE
2025,3,2025_03_GB_CLE,CLE,00-0038979,WR
2025,3,2025_03_GB_CLE,CLE,00-0039379,WR
2025,3,2025_03_GB_CLE,CLE,00-0040162,RB
2025,3,2025_03_GB_CLE,CLE,00-0040663,TE
2025,3,2025_03_GB_CLE,CLE,00-0040782,WR
2025,3,2025_03_GB_CLE,CLE,00-0040784,RB
2025,3,2025_03_GB_CLE,GB,00-0035700,RB
2025,3,2025_03_GB_CLE,GB,00-0036264,QB
2025,3,2025_03_GB_CLE,GB,00-0037306,TE
2025,3,2025_03_GB_CLE,GB,00-0037816,WR
2025,3,2025_03_GB_CLE,GB,00-0038393,WR
2025,3,2025_03_GB_CLE,GB,00-0038465,WR
2025,3,2025_03_GB_CLE,GB,00-0038685,RB
2025,3,2025_03_GB_CLE,GB,00-0038797,RB
2025,3,2025_03_GB_CLE,GB,00-0038996,TE
2025,3,2025_03_GB_CLE,GB,00-0039144,TE
2025,3,2025_03_GB_CLE,GB,00-0040009,WR
2025,3,2025_03_GB_CLE,GB,00-0040667,WR
2025,3,2025_03_HOU_JAX,HOU,00-0034383,TE
2025,3,2025_03_HOU_JAX,HOU,00-0034775,WR
2025,3,2025_03_HOU_JAX,HOU,00-0034791,RB
2025,3,2025_03_HOU_JAX,HOU,00-0035726,RB
2025,3,2025_03_HOU_JAX,HOU,00-0036232,TE
2025,3,2025_03_HOU_JAX,HOU,00-0036554,WR
2025,3,2025_03_HOU_JAX,HOU,00-0038618,WR
2025,3,2025_03_HOU_JAX,HOU,00-0039163,QB
2025,3,2025_03_HOU_JAX,HOU,00-0040130,WR
2025,3,2025_03_HOU_JAX,HOU,00-0040138,WR
2025,3,2025_03_HOU_JAX,HOU,00-0040583,RB
2025,3,2025_03_HOU_JAX,JAX,00-0033246,TE
2025,3,2025_03_HOU_JAX,JAX,00-0033375,WR
2025,3,2025_03_HOU_JAX,JAX,00-0036626,WR
2025,3,2025_03_HOU_JAX,JAX,00-0036971,QB
2025,3,2025_03_HOU_JAX,JAX,00-0036973,RB
2025,3,2025_03_HOU_JAX,JAX,00-0037004,TE
2025,3,2025_03_HOU_JAX,JAX,00-0038606,WR
2025,3,2025_03_HOU_JAX,JAX,00-0038935,TE
2025,3,2025_03_HOU_JAX,JAX,00-0039893,WR
2025,3,2025_03_HOU_JAX,JAX,00-0040238,RB
2025,3,2025_03_HOU_JAX,JAX,00-0040718,WR
2025,3,2025_03_HOU_JAX,JAX,00-0040719,RB
2025,3,2025_03_IND_TEN,IND,00-0033217,TE
2025,3,2025_03_IND_TEN,IND,00-0035021,WR
2025,3,2025_03_IND_TEN,IND,00-0035710,QB
2025,3,2025_03_IND_TEN,IND,00-0036223,RB
2025,3,2025_03_IND_TEN,IND,00-0036252,WR
2025,3,2025_03_IND_TEN,IND,00-0037120,RB
2025,3,2025_03_IND_TEN,IND,00-0037292,TE
2025,3,2025_03_IND_TEN,IND,00-0037664,WR
2025,3,2025_03_IND_TEN,IND,00-0038997,WR
2025,3,2025_03_IND_TEN,IND,00-0039164,QB
2025,3,2025_03_IND_TEN,IND,00-0039816,WR
2025,3,2025_03_IND_TEN,IND,00-0039890,WR
2025,3,2025_03_IND_TEN,IND,00-0040128,TE
2025,3,2025_03_IND_TEN,IND,00-0040179,RB
2025,3,2025_03_IND_TEN,TEN,00-0032211,WR
2025,3,2025_03_IND_TEN,TEN,00-0034837,WR
2025,3,2025_03_IND_TEN,TEN,00-0035261,RB
2025,3,2025_03_IND_TEN,TEN,00-0036415,WR
2025,3,2025_03_IND_TEN,TEN,00-0037594,RB
2025,3,2025_03_IND_TEN,TEN,00-0037809,TE
2025,3,2025_03_IND_TEN,TEN,00-0039648,TE
2025,3,2025_03_IND_TEN,TEN,00-0040170,WR
2025,3,2025_03_IND_TEN,TEN,00-0040584,TE
2025,3,2025_03_IND_TEN,TEN,00-0040676,QB
2025,3,2025_03_IND_TEN,TEN,00-0040705,WR
2025,3,2025_03_KC_NYG,KC,00-0030506,TE
2025,3,2025_03_KC_NYG,KC,00-0033757,TE
2025,3,2025_03_KC_NYG,KC,00-0033857,WR
2025,3,2025_03_KC_NYG,KC,00-0033873,QB
2025,3,2025_03_KC_NYG,KC,00-0033923,RB
2025,3,2025_03_KC_NYG,KC,00-0035662,WR
2025,3,2025_03_KC_NYG,KC,00-0036637,TE
2025,3,2025_03_KC_NYG,KC,00-0037197,RB
2025,3,2025_03_KC_NYG,KC,00-0038104,WR
2025,3,2025_03_KC_NYG,KC,00-0038492,WR
2025,3,2025_03_KC_NYG,KC,00-0038519,WR
2025,3,2025_03_KC_NYG,KC,00-0040078,RB
2025,3,2025_03_KC_NYG,NYG,00-0029263,QB
2025,3,2025_03_KC_NYG,NYG,00-0031484,TE
2025,3,2025_03_KC_NYG,NYG,00-0035250,RB
2025,3,2025_03_KC_NYG,NYG,00-0035535,WR
2025,3,2025_03_KC_NYG,NYG,00-0035645,WR
2025,3,2025_03_KC_NYG,NYG,00-0038115,TE
2025,3,2025_03_KC_NYG,NYG,00-0038117,WR
2025,3,2025_03_KC_NYG,NYG,00-0038938,WR
2025,3,2025_03_KC_NYG,NYG,00-0039337,WR
2025,3,2025_03_KC_NYG,NYG,00-0039384,RB
2025,3,2025_03_KC_NYG,NYG,00-0039847,TE
2025,3,2025_03_KC_NYG,NYG,00-0040432,WR
2025,3,2025_03_KC_NYG,NYG,00-0040691,QB
2025,3,2025_03_KC_NYG,NYG,00-0040715,RB
2025,3,2025_03_LA_PHI,LA,00-0026498,QB
2025,3,2025_03_LA_PHI,LA,00-0031381,WR
2025,3,2025_03_LA_PHI,LA,00-0033110,TE
2025,3,2025_03_LA_PHI,LA,00-0036244,TE
2025,3,2025_03_LA_PHI,LA,00-0036849,WR
2025,3,2025_03_LA_PHI,LA,00-0037840,RB
2025,3,2025_03_LA_PHI,LA,00-0039074,TE
2025,3,2025_03_LA_PHI,LA,00-0039075,WR
2025,3,2025_03_LA_PHI,LA,00-0039738,RB
2025,3,2025_03_LA_PHI,LA,00-0039751,WR
2025,3,2025_03_LA_PHI,LA,00-0040590,WR
2025,3,2025_03_LA_PHI,PHI,00-0034351,TE
2025,3,2025_03_LA_PHI,PHI,00-0034844,RB
2025,3,2025_03_LA_PHI,PHI,00-0035676,WR
2025,3,2025_03_LA_PHI,PHI,00-0036265,RB
2025,3,2025_03_LA_PHI,PHI,00-0036389,QB
2025,3,2025_03_LA_PHI,PHI,00-0036876,TE
2025,3,2025_03_LA_PHI,PHI,00-0036912,WR
2025,3,2025_03_LA_PHI,PHI,00-0037086,TE
2025,3,2025_03_LA_PHI,PHI,00-0037614,WR
2025,3,2025_03_LA_PHI,PHI,00-0037741,WR
2025,3,2025_03_LA_PHI,PHI,00-0038564,TE
2025,3,2025_03_LA_PHI,PHI,00-0040024,WR
2025,3,2025_03_LV_WAS,LV,00-0030565,QB
2025,3,2025_03_LV_WAS,LV,00-0034365,TE
2025,3,2025_03_LV_WAS,LV,00-0034960,WR
2025,3,2025_03_LV_WAS,LV,00-0035602,WR
2025,3,2025_03_LV_WAS,LV,00-0038040,RB
2025,3,2025_03_LV_WAS,LV,00-0038563,WR
2025,3,2025_03_LV_WAS,LV,00-0038590,WR
2025,3,2025_03_LV_WAS,LV,00-0039066,TE
2025,3,2025_03_LV_WAS,LV,00-0039338,TE
2025,3,2025_03_LV_WAS,LV,00-0039407,RB
2025,3,2025_03_LV_WAS,LV,00-0040122,RB
2025,3,2025_03_LV_WAS,LV,00-0040581,WR
2025,3,2025_03_LV_WAS,LV,00-0040729,WR
2025,3,2025_03_LV_WAS,WAS,00-0030061,TE
2025,3,2025_03_LV_WAS,WAS,00-0032268,QB
2025,3,2025_03_LV_WAS,WAS,00-0032398,WR
2025,3,2025_03_LV_WAS,WAS,00-0033955,RB
2025,3,2025_03_LV_WAS,WAS,00-0035659,WR
2025,3,2025_03_LV_WAS,WAS,00-0035719,WR
2025,3,2025_03_LV_WAS,WAS,00-0038611,RB
2025,3,2025_03_LV_WAS,WAS,00-0039355,WR
2025,3,2025_03_LV_WAS,WAS,00-0039686,TE
2025,3,2025_03_LV_WAS,WAS,00-0039912,TE
2025,3,2025_03_LV_WAS,WAS,00-0040164,WR
2025,3,2025_03_LV_WAS,WAS,00-0040242,RB
2025,3,2025_03_MIA_BUF,BUF,00-0034857,QB
2025,3,2025_03_MIA_BUF,BUF,00-0035537,RB
2025,3,2025_03_MIA_BUF,BUF,00-0035689,TE
2025,3,2025_03_MIA_BUF,BUF,00-0036187,RB
2025,3,2025_03_MIA_BUF,BUF,00-0036980,WR
2025,3,2025_03_MIA_BUF,BUF,00-0036988,WR
2025,3,2025_03_MIA_BUF,BUF,00-0037248,RB
2025,3,2025_03_MIA_BUF,BUF,00-0037261,WR
2025,3,2025_03_MIA_BUF,BUF,00-0038679,WR
2025,3,2025_03_MIA_BUF,BUF,00-0038933,TE
2025,3,2025_03_MIA_BUF,BUF,00-0039875,RB
2025,3,2025_03_MIA_BUF,BUF,00-0039901,WR
2025,3,2025_03_MIA_BUF,BUF,00-0040194,TE
2025,3,2025_03_MIA_BUF,MIA,00-0033040,WR
2025,3,2025_03_MIA_BUF,MIA,00-0035125,RB
2025,3,2025_03_MIA_BUF,MIA,00-0036182,WR
2025,3,2025_03_MIA_BUF,MIA,00-0036212,QB
2025,3,2025_03_MIA_BUF,MIA,00-0036613,WR
2025,3,2025_03_MIA_BUF,MIA,00-0036620,WR
2025,3,2025_03_MIA_BUF,MIA,00-0037348,TE
2025,3,2025_03_MIA_BUF,MIA,00-0038720,TE
2025,3,2025_03_MIA_BUF,MIA,00-0039040,RB
2025,3,2025_03_MIA_BUF,MIA,00-0039880,WR
2025,3,2025_03_MIA_BUF,MIA,00-0040198,RB
2025,3,2025_03_NO_SEA,NO,00-0031236,WR
2025,3,2025_03_NO_SEA,NO,00-0033906,RB
2025,3,2025_03_NO_SEA,NO,00-0036040,TE
2025,3,2025_03_NO_SEA,NO,00-0036741,TE
2025,3,2025_03_NO_SEA,NO,00-0037231,WR
2025,3,2025_03_NO_SEA,NO,00-0037239,WR
2025,3,2025_03_NO_SEA,NO,00-0037545,WR
2025,3,2025_03_NO_SEA,NO,00-0038551,RB
2025,3,2025_03_NO_SEA,NO,00-0039376,QB
2025,3,2025_03_NO_SEA,NO,00-0039518,TE
2025,3,2025_03_NO_SEA,NO,00-0039623,WR
2025,3,2025_03_NO_SEA,NO,00-0040743,QB
2025,3,2025_03_NO_SEA,SEA,00-0033576,TE
2025,3,2025_03_NO_SEA,SEA,00-0033908,WR
2025,3,2025_03_NO_SEA,SEA,00-0034869,QB
2025,3,2025_03_NO_SEA,SEA,00-0035704,QB
2025,3,2025_03_NO_SEA,SEA,00-0037093,WR
2025,3,2025_03_NO_SEA,SEA,00-0038134,RB
2025,3,2025_03_NO_SEA,SEA,00-0038488,RB
2025,3,2025_03_NO_SEA,SEA,00-0038543,WR
2025,3,2025_03_NO_SEA,SEA,00-0038752,WR
2025,3,2025_03_NO_SEA,SEA,00-0039299,RB
2025,3,2025_03_NO_SEA,SEA,00-0039793,TE
2025,3,2025_03_NO_SEA,SEA,00-0040067,RB
2025,3,2025_03_NO_SEA,SEA,00-0040648,WR
2025,3,2025_03_NO_SEA,SEA,00-0040649,RB
2025,3,2025_03_NO_SEA,SEA,00-0040673,QB
2025,3,2025_03_NO_SEA,SEA,00-0040739,TE
2025,3,2025_03_NYJ_TB,NYJ,00-0028118,QB
2025,3,2025_03_NYJ_TB,NYJ,00-0034521,WR
2025,3,2025_03_NYJ_TB,NYJ,00-0034959,RB
2025,3,2025_03_NYJ_TB,NYJ,00-0036427,WR
2025,3,2025_03_NYJ_TB,NYJ,00-0037740,WR
2025,3,2025_03_NYJ_TB,NYJ,00-0037805,TE
2025,3,2025_03_NYJ_TB,NYJ,00-0038120,RB
2025,3,2025_03_NYJ_TB,NYJ,00-0039794,RB
2025,3,2025_03_NYJ_TB,NYJ,00-0039798,RB
2025,3,2025_03_NYJ_TB,NYJ,00-0040582,WR
2025,3,2025_03_NYJ_TB,NYJ,00-0040736,TE
2025,3,2025_03_NYJ_TB,TB,00-0031408,WR
2025,3,2025_03_NYJ_TB,TB,00-0032385,WR
2025,3,2025_03_NYJ_TB,TB,00-0034855,QB
2025,3,2025_03_NYJ_TB,TB,00-0037256,RB
2025,3,2025_03_NYJ_TB,TB,00-0037311,TE
2025,3,2025_03_NYJ_TB,TB,00-0038129,TE
2025,3,2025_03_NYJ_TB,TB,00-0038824,WR
2025,3,2025_03_NYJ_TB,TB,00-0039050,TE
2025,3,2025_03_NYJ_TB,TB,00-0039361,RB
2025,3,2025_03_NYJ_TB,TB,00-0039589,WR
2025,3,2025_03_NYJ_TB,TB,00-0040129,WR
2025,3,2025_03_NYJ_TB,TB,00-0040237,WR
2025,3,2025_03_PIT_NE,NE,00-0031588,WR
2025,3,2025_03_PIT_NE,NE,00-0032392,TE
2025,3,2025_03_PIT_NE,NE,00-0033090,TE
2025,3,2025_03_PIT_NE,NE,00-0033555,WR
2025,3,2025_03_PIT_NE,NE,00-0036328,RB
2025,3,2025_03_PIT_NE,NE,00-0036875,RB
2025,3,2025_03_PIT_NE,NE,00-0038608,WR
2025,3,2025_03_PIT_NE,NE,00-0038621,WR
2025,3,2025_03_PIT_NE,NE,00-0039305,RB
2025,3,2025_03_PIT_NE,NE,00-0039851,QB
2025,3,2025_03_PIT_NE,NE,00-0040131,WR
2025,3,2025_03_PIT_NE,NE,00-0040734,RB
2025,3,2025_03_PIT_NE,PIT,00-0023459,QB
2025,3,2025_03_PIT_NE,PIT,00-0033858,TE
2025,3,2025_03_PIT_NE,PIT,00-0035298,WR
2025,3,2025_03_PIT_NE,PIT,00-0035640,WR
2025,3,2025_03_PIT_NE,PIT,00-0036862,WR
2025,3,2025_03_PIT_NE,PIT,00-0036894,TE
2025,3,2025_03_PIT_NE,PIT,00-0036919,RB
2025,3,2025_03_PIT_NE,PIT,00-0037228,RB
2025,3,2025_03_PIT_NE,PIT,00-0037304,TE
2025,3,2025_03_PIT_NE,PIT,00-0037837,WR
2025,3,2025_03_PIT_NE,PIT,00-0038558,TE
2025,3,2025_03_PIT_NE,PIT,00-0039739,WR
2025,4,2025_04_BAL_KC,BAL,00-0030564,WR
2025,4,2025_04_BAL_KC,BAL,00-0032764,RB
2025,4,2025_04_BAL_KC,BAL,00-0033662,QB
2025,4,2025_04_BAL_KC,BAL,00-0034753,TE
2025,4,2025_04_BAL_KC,BAL,00-0034796,QB
2025,4,2025_04_BAL_KC,BAL,00-0034975,RB
2025,4,2025_04_BAL_KC,BAL,00-0036550,WR
2025,4,2025_04_BAL_KC,BAL,00-0036630,WR
2025,4,2025_04_BAL_KC,BAL,00-0037340,TE
2025,4,2025_04_BAL_KC,BAL,00-0037838,TE
2025,4,2025_04_BAL_KC,BAL,00-0038046,TE
2025,4,2025_04_BAL_KC,BAL,00-0039064,WR
2025,4,2025_04_BAL_KC,BAL,00-0039792,WR
2025,4,2025_04_BAL_KC,BAL,00-0039796,RB
2025,4,2025_04_BAL_KC,BAL,00-0040075,WR
2025,4,2025_04_BAL_KC,KC,00-0030506,TE
2025,4,2025_04_BAL_KC,KC,00-0033757,TE
2025,4,2025_04_BAL_KC,KC,00-0033857,WR
2025,4,2025_04_BAL_KC,KC,00-0033873,QB
2025,4,2025_04_BAL_KC,KC,00-0033923,RB
2025,4,2025_04_BAL_KC,KC,00-0035289,QB
2025,4,2025_04_BAL_KC,KC,00-0035662,WR
2025,4,2025_04_BAL_KC,KC,00-0036637,TE
2025,4,2025_04_BAL_KC,KC,00-0037197,RB
2025,4,2025_04_BAL_KC,KC,00-0038104,WR
2025,4,2025_04_BAL_KC,KC,00-0038519,WR
2025,4,2025_04_BAL_KC,KC,00-0039894,WR
2025,4,2025_04_BAL_KC,KC,00-0040078,RB
2025,4,2025_04_BAL_KC,KC,00-0040646,WR
2025,4,2025_04_CAR_NE,CAR,00-0027973,QB
2025,4,2025_04_CAR_NE,CAR,00-0033589,WR
2025,4,2025_04_CAR_NE,CAR,00-0034983,WR
2025,4,2025_04_CAR_NE,CAR,00-0036139,RB
2025,4,2025_04_CAR_NE,CAR,00-0036555,RB
2025,4,2025_04_CAR_NE,CAR,00-0037005,TE
2025,4,2025_04_CAR_NE,CAR,00-0037282,TE
2025,4,2025_04_CAR_NE,CAR,00-0038840,WR
2025,4,2025_04_CAR_NE,CAR,00-0039150,QB
2025,4,2025_04_CAR_NE,CAR,00-0040124,WR
2025,4,2025_04_CAR_NE,CAR,00-0040187,TE
2025,4,2025_04_CAR_NE,CAR,00-0040629,WR
2025,4,2025_04_CAR_NE,CAR,00-0040644,RB
2025,4,2025_04_CAR_NE,NE,00-0031588,WR
2025,4,2025_04_CAR_NE,NE,00-0032392,TE
2025,4,2025_04_CAR_NE,NE,00-0033090,TE
2025,4,2025_04_CAR_NE,NE,00-0033555,WR
2025,4,2025_04_CAR_NE,NE,00-0033949,QB
2025,4,2025_04_CAR_NE,NE,00-0036328,RB
2025,4,2025_04_CAR_NE,NE,00-0036875,RB
2025,4,2025_04_CAR_NE,NE,00-0038608,WR
2025,4,2025_04_CAR_NE,NE,00-0038621,WR
2025,4,2025_04_CAR_NE,NE,00-0039305,RB
2025,4,2025_04_CAR_NE,NE,00-0039851,QB
2025,4,2025_04_CAR_NE,NE,00-0040131,WR
2025,4,2025_04_CAR_NE,NE,00-0040734,RB
2025,4,2025_04_CHI_LV,CHI,00-0034798,TE
2025,4,2025_04_CHI_LV,CHI,00-0034827,WR
2025,4,2025_04_CHI_LV,CHI,00-0035039,TE
2025,4,2025_04_CHI_LV,CHI,00-0035208,WR
2025,4,2025_04_CHI_LV,CHI,00-0036275,RB
2025,4,2025_04_CHI_LV,CHI,00-0036290,TE
2025,4,2025_04_CHI_LV,CHI,00-0039918,QB
2025,4,2025_04_CHI_LV,CHI,00-0039919,WR
2025,4,2025_04_CHI_LV,CHI,00-0040236,RB
2025,4,2025_04_CHI_LV,CHI,00-0040277,WR
2025,4,2025_04_CHI_LV,CHI,00-0040735,WR
2025,4,2025_04_CHI_LV,LV,00-0030565,QB
2025,4,2025_04_CHI_LV,LV,00-0031687,RB
2025,4,2025_04_CHI_LV,LV,00-0034365,TE
2025,4,2025_04_CHI_LV,LV,00-0034960,WR
2025,4,2025_04_CHI_LV,LV,00-0038563,WR
2025,4,2025_04_CHI_LV,LV,00-0039338,TE
2025,4,2025_04_CHI_LV,LV,00-0040122,RB
2025,4,2025_04_CHI_LV,LV,00-0040581,WR
2025,4,2025_04_CHI_LV,LV,00-0040729,WR
2025,4,2025_04_CIN_DEN,CIN,00-0034613,TE
2025,4,2025_04_CIN_DEN,CIN,00-0034829,TE
2025,4,2025_04_CIN_DEN,CIN,00-0035100,QB
2025,4,2025_04_CIN_DEN,CIN,00-0035631,TE
2025,4,2025_04_CIN_DEN,CIN,00-0036410,WR
2025,4,2025_04_CIN_DEN,CIN,00-0036900,WR
2025,4,2025_04_CIN_DEN,CIN,00-0038619,WR
2025,4,2025_04_CIN_DEN,CIN,00-0038839,WR
2025,4,2025_04_CIN_DEN,CIN,00-0039631,TE
2025,4,2025_04_CIN_DEN,DEN,00-0033881,TE
2025,4,2025_04_CIN_DEN,DEN,00-0034348,WR
2025,4,2025_04_CIN_DEN,DEN,00-0034487,WR
2025,4,2025_04_CIN_DEN,DEN,00-0036158,RB
2025,4,2025_04_CIN_DEN,DEN,00-0036422,TE
2025,4,2025_04_CIN_DEN,DEN,00-0036727,RB
2025,4,2025_04_CIN_DEN,DEN,00-0037085,RB
2025,4,2025_04_CIN_DEN,DEN,00-0038783,TE
2025,4,2025_04_CIN_DEN,DEN,00-0038976,WR
2025,4,2025_04_CIN_DEN,DEN,00-0039732,QB
2025,4,2025_04_CIN_DEN,DEN,00-0039868,WR
2025,4,2025_04_CIN_DEN,DEN,00-0040134,WR
2025,4,2025_04_CIN_DEN,DEN,00-0040730,RB
2025,4,2025_04_CLE_DET,CLE,00-0026158,QB
2025,4,2025_04_CLE_DET,CLE,00-0033885,TE
2025,4,2025_04_CLE_DET,CLE,00-0036407,WR
2025,4,2025_04_CLE_DET,CLE,00-0037267,RB
2025,4,2025_04_CLE_DET,CLE,00-0038710,TE
2025,4,2025_04_CLE_DET,CLE,00-0038979,WR
2025,4,2025_04_CLE_DET,CLE,00-0039379,WR
2025,4,2025_04_CLE_DET,CLE,00-0040162,RB
2025,4,2025_04_CLE_DET,CLE,00-0040663,TE
2025,4,2025_04_CLE_DET,CLE,00-0040704,QB
2025,4,2025_04_CLE_DET,CLE,00-0040782,WR
2025,4,2025_04_CLE_DET,CLE,00-0040784,RB
2025,4,2025_04_CLE_DET,DET,00-0032464,WR
2025,4,2025_04_CLE_DET,DET,00-0033106,QB
2025,4,2025_04_CLE_DET,DET,00-0034073,TE
2025,4,2025_04_CLE_DET,DET,00-0034577,QB
2025,4,2025_04_CLE_DET,DET,00-0035685,RB
2025,4,2025_04_CLE_DET,DET,00-0036754,TE
2025,4,2025_04_CLE_DET,DET,00-0036963,WR
2025,4,2025_04_CLE_DET,DET,00-0037240,WR
2025,4,2025_04_CLE_DET,DET,00-0038896,RB
2025,4,2025_04_CLE_DET,DET,00-0039065,TE
2025,4,2025_04_CLE_DET,DET,00-0039139,RB
2025,4,2025_04_CLE_DET,DET,00-0040241,WR
2025,4,2025_04_CLE_DET,DET,00-0040390,WR
2025,4,2025_04_CLE_DET,DET,00-0040669,WR
2025,4,2025_04_GB_DAL,DAL,00-0033077,QB
2025,4,2025_04_GB_DAL,DAL,00-0035243,RB
2025,4,2025_04_GB_DAL,DAL,00-0036997,RB
2025,4,2025_04_GB_DAL,DAL,00-0037247,WR
2025,4,2025_04_GB_DAL,DAL,00-0037666,WR
2025,4,2025_04_GB_DAL,DAL,00-0037801,WR
2025,4,2025_04_GB_DAL,DAL,00-0038041,TE
2025,4,2025_04_GB_DAL,DAL,00-0038547,TE
2025,4,2025_04_GB_DAL,DAL,00-0038738,RB
2025,4,2025_04_GB_DAL,DAL,00-0038740,WR
2025,4,2025_04_GB_DAL,DAL,00-0039410,WR
2025,4,2025_04_GB_DAL,DAL,00-0039530,TE
2025,4,2025_04_GB_DAL,GB,00-0035700,RB
2025,4,2025_04_GB_DAL,GB,00-0036264,QB
2025,4,2025_04_GB_DAL,GB,00-0037306,TE
2025,4,2025_04_GB_DAL,GB,00-0037816,WR
2025,4,2025_04_GB_DAL,GB,00-0038393,WR
2025,4,2025_04_GB_DAL,GB,00-0038465,WR
2025,4,2025_04_GB_DAL,GB,00-0038685,RB
2025,4,2025_04_GB_DAL,GB,00-0038797,RB
2025,4,2025_04_GB_DAL,GB,00-0038996,TE
2025,4,2025_04_GB_DAL,GB,00-0039144,TE
2025,4,2025_04_GB_DAL,GB,00-0040009,WR
2025,4,2025_04_GB_DAL,GB,00-0040667,WR
2025,4,2025_04_IND_LA,IND,00-0033217,TE
2025,4,2025_04_IND_LA,IND,00-0035021,WR
2025,4,2025_04_IND_LA,IND,00-0035710,QB
2025,4,2025_04_IND_LA,IND,00-0036223,RB
2025,4,2025_04_IND_LA,IND,00-0036252,WR
2025,4,2025_04_IND_LA,IND,00-0037120,RB
2025,4,2025_04_IND_LA,IND,00-0037292,TE
2025,4,2025_04_IND_LA,IND,00-0038997,WR
2025,4,2025_04_IND_LA,IND,00-0039890,WR
2025,4,2025_04_IND_LA,IND,00-0040128,TE
2025,4,2025_04_IND_LA,IND,00-0040179,RB
2025,4,2025_04_IND_LA,LA,00-0026498,QB
2025,4,2025_04_IND_LA,LA,00-0031381,WR
2025,4,2025_04_IND_LA,LA,00-0033110,TE
2025,4,2025_04_IND_LA,LA,00-0036244,TE
2025,4,2025_04_IND_LA,LA,00-0036849,WR
2025,4,2025_04_IND_LA,LA,00-0037840,RB
2025,4,2025_04_IND_LA,LA,00-0038359,WR
2025,4,2025_04_IND_LA,LA,00-0039074,TE
2025,4,2025_04_IND_LA,LA,00-0039075,WR
2025,4,2025_04_IND_LA,LA,00-0039738,RB
2025,4,2025_04_IND_LA,LA,00-0039751,WR
2025,4,2025_04_IND_LA,LA,00-0040590,WR
2025,4,2025_04_JAX_SF,JAX,00-0033246,TE
2025,4,2025_04_JAX_SF,JAX,00-0033375,WR
2025,4,2025_04_JAX_SF,JAX,00-0036590,TE
2025,4,2025_04_JAX_SF,JAX,00-0036971,QB
2025,4,2025_04_JAX_SF,JAX,00-0036973,RB
2025,4,2025_04_JAX_SF,JAX,00-0037004,TE
2025,4,2025_04_JAX_SF,JAX,00-0038606,WR
2025,4,2025_04_JAX_SF,JAX,00-0038935,TE
2025,4,2025_04_JAX_SF,JAX,00-0039893,WR
2025,4,2025_04_JAX_SF,JAX,00-0040238,RB
2025,4,2025_04_JAX_SF,JAX,00-0040718,WR
2025,4,2025_04_JAX_SF,JAX,00-0040719,RB
2025,4,2025_04_JAX_SF,SF,00-0029892,RB
2025,4,2025_04_JAX_SF,SF,00-0032775,WR
2025,4,2025_04_JAX_SF,SF,00-0033280,RB
2025,4,2025_04_JAX_SF,SF,00-0033307,WR
2025,4,2025_04_JAX_SF,SF,00-0036259,WR
2025,4,2025_04_JAX_SF,SF,00-0036887,TE
2025,4,2025_04_JAX_SF,SF,00-0037112,TE
2025,4,2025_04_JAX_SF,SF,00-0037746,RB
2025,4,2025_04_JAX_SF,SF,00-0037834,QB
2025,4,2025_04_JAX_SF,SF,00-0038090,WR
2025,4,2025_04_JAX_SF,SF,00-0038643,TE
2025,4,2025_04_JAX_SF,SF,00-0039916,WR
2025,4,2025_04_LAC_NYG,LAC,00-0030279,WR
2025,4,2025_04_LAC_NYG,LAC,00-0034270,TE
2025,4,2025_04_LAC_NYG,LAC,00-0036355,QB
2025,4,2025_04_LAC_NYG,LAC,00-0037617,RB
2025,4,2025_04_LAC_NYG,LAC,00-0037654,TE
2025,4,2025_04_LAC_NYG,LAC,00-0038544,WR
2025,4,2025_04_LAC_NYG,LAC,00-0038614,RB
2025,4,2025_04_LAC_NYG,LAC,00-0039391,RB
2025,4,2025_04_LAC_NYG,LAC,00-0039915,WR
2025,4,2025_04_LAC_NYG,LAC,00-0040184,WR
2025,4,2025_04_LAC_NYG,LAC,00-0040189,TE
2025,4,2025_04_LAC_NYG,LAC,00-0040666,RB
2025,4,2025_04_LAC_NYG,LAC,00-0040727,WR
2025,4,2025_04_LAC_NYG,NYG,00-0029263,QB
2025,4,2025_04_LAC_NYG,NYG,00-0031484,TE
2025,4,2025_04_LAC_NYG,NYG,00-0035250,RB
2025,4,2025_04_LAC_NYG,NYG,00-0035535,WR
2025,4,2025_04_LAC_NYG,NYG,00-0038115,TE
2025,4,2025_04_LAC_NYG,NYG,00-0038117,WR
2025,4,2025_04_LAC_NYG,NYG,00-0038938,WR
2025,4,2025_04_LAC_NYG,NYG,00-0039337,WR
2025,4,2025_04_LAC_NYG,NYG,00-0039847,TE
2025,4,2025_04_LAC_NYG,NYG,00-0040432,WR
2025,4,2025_04_LAC_NYG,NYG,00-0040691,QB
2025,4,2025_04_LAC_NYG,NYG,00-0040715,RB
2025,4,2025_04_MIN_PIT,MIN,00-0030035,WR
2025,4,2025_04_MIN_PIT,MIN,00-0032394,TE
2025,4,2025_04_MIN_PIT,MIN,00-0032950,QB
2025,4,2025_04_MIN_PIT,MIN,00-0035229,TE
2025,4,2025_04_MIN_PIT,MIN,00-0035249,TE
2025,4,2025_04_MIN_PIT,MIN,00-0036322,WR
2025,4,2025_04_MIN_PIT,MIN,00-0037291,WR
2025,4,2025_04_MIN_PIT,MIN,00-0037525,RB
2025,4,2025_04_MIN_PIT,MIN,00-0038440,RB
2025,4,2025_04_MIN_PIT,MIN,00-0038994,WR
2025,4,2025_04_MIN_PIT,PIT,00-0023459,QB
2025,4,2025_04_MIN_PIT,PIT,00-0033858,TE
2025,4,2025_04_MIN_PIT,PIT,00-0035298,WR
2025,4,2025_04_MIN_PIT,PIT,00-0035640,WR
2025,4,2025_04_MIN_PIT,PIT,00-0036862,WR
2025,4,2025_04_MIN_PIT,PIT,00-0036894,TE
2025,4,2025_04_MIN_PIT,PIT,00-0036919,RB
2025,4,2025_04_MIN_PIT,PIT,00-0037304,TE
2025,4,2025_04_MIN_PIT,PIT,00-0037837,WR
2025,4,2025_04_MIN_PIT,PIT,00-0038558,TE
2025,4,2025_04_MIN_PIT,PIT,00-0039739,WR
2025,4,2025_04_MIN_PIT,PIT,00-0040142,RB
2025,4,2025_04_NO_BUF,BUF,00-0033282,WR
2025,4,2025_04_NO_BUF,BUF,00-0034857,QB
2025,4,2025_04_NO_BUF,BUF,00-0035537,RB
2025,4,2025_04_NO_BUF,BUF,00-0035689,TE
2025,4,2025_04_NO_BUF,BUF,00-0036187,RB
2025,4,2025_04_NO_BUF,BUF,00-0036980,WR
2025,4,2025_04_NO_BUF,BUF,00-0036988,WR
2025,4,2025_04_NO_BUF,BUF,00-0037248,RB
2025,4,2025_04_NO_BUF,BUF,00-0037261,WR
2025,4,2025_04_NO_BUF,BUF,00-0038679,WR
2025,4,2025_04_NO_BUF,BUF,00-0038933,TE
2025,4,2025_04_NO_BUF,BUF,00-0039875,RB
2025,4,2025_04_NO_BUF,BUF,00-0039901,WR
2025,4,2025_04_NO_BUF,BUF,00-0040194,TE
2025,4,2025_04_NO_BUF,NO,00-0031236,WR
2025,4,2025_04_NO_BUF,NO,00-0033906,RB
2025,4,2025_04_NO_BUF,NO,00-0036040,TE
2025,4,2025_04_NO_BUF,NO,00-0036741,TE
2025,4,2025_04_NO_BUF,NO,00-0037239,WR
2025,4,2025_04_NO_BUF,NO,00-0037545,WR
2025,4,2025_04_NO_BUF,NO,00-0037745,RB
2025,4,2025_04_NO_BUF,NO,00-0038551,RB
2025,4,2025_04_NO_BUF,NO,00-0039376,QB
2025,4,2025_04_NO_BUF,NO,00-0039424,WR
2025,4,2025_04_NO_BUF,NO,00-0039623,WR
2025,4,2025_04_NO_BUF,NO,00-0040244,TE
2025,4,2025_04_NYJ_MIA,MIA,00-0031610,TE
2025,4,2025_04_NYJ_MIA,MIA,00-0033040,WR
2025,4,2025_04_NYJ_MIA,MIA,00-0035125,RB
2025,4,2025_04_NYJ_MIA,MIA,00-0036182,WR
2025,4,2025_04_NYJ_MIA,MIA,00-0036212,QB
2025,4,2025_04_NYJ_MIA,MIA,00-0036613,WR
2025,4,2025_04_NYJ_MIA,MIA,00-0036620,WR
2025,4,2025_04_NYJ_MIA,MIA,00-0037348,TE
2025,4,2025_04_NYJ_MIA,MIA,00-0038720,TE
2025,4,2025_04_NYJ_MIA,MIA,00-0039040,RB
2025,4,2025_04_NYJ_MIA,MIA,00-0039880,WR
2025,4,2025_04_NYJ_MIA,MIA,00-0040198,RB
2025,4,2025_04_NYJ_MIA,NYJ,00-0033943,WR
2025,4,2025_04_NYJ_MIA,NYJ,00-0034521,WR
2025,4,2025_04_NYJ_MIA,NYJ,00-0034959,RB
2025,4,2025_04_NYJ_MIA,NYJ,00-0036945,QB
2025,4,2025_04_NYJ_MIA,NYJ,00-0037475,TE
2025,4,2025_04_NYJ_MIA,NYJ,00-0037740,WR
2025,4,2025_04_NYJ_MIA,NYJ,00-0037805,TE
2025,4,2025_04_NYJ_MIA,NYJ,00-0038120,RB
2025,4,2025_04_NYJ_MIA,NYJ,00-0039451,WR
2025,4,2025_04_NYJ_MIA,NYJ,00-0039794,RB
2025,4,2025_04_NYJ_MIA,NYJ,00-0039798,RB
2025,4,2025_04_NYJ_MIA,NYJ,00-0040582,WR
2025,4,2025_04_NYJ_MIA,NYJ,00-0040736,TE
2025,4,2025_04_PHI_TB,PHI,00-0034351,TE
2025,4,2025_04_PHI_TB,PHI,00-0034844,RB
2025,4,2025_04_PHI_TB,PHI,00-0035676,WR
2025,4,2025_04_PHI_TB,PHI,00-0036265,RB
2025,4,2025_04_PHI_TB,PHI,00-0036389,QB
2025,4,2025_04_PHI_TB,PHI,00-0036876,TE
2025,4,2025_04_PHI_TB,PHI,00-0036912,WR
2025,4,2025_04_PHI_TB,PHI,00-0037086,TE
2025,4,2025_04_PHI_TB,PHI,00-0037614,WR
2025,4,2025_04_PHI_TB,PHI,00-0037741,WR
2025,4,2025_04_PHI_TB,PHI,00-0038564,TE
2025,4,2025_04_PHI_TB,PHI,00-0039746,RB
2025,4,2025_04_PHI_TB,TB,00-0032385,WR
2025,4,2025_04_PHI_TB,TB,00-0033921,WR
2025,4,2025_04_PHI_TB,TB,00-0034855,QB
2025,4,2025_04_PHI_TB,TB,00-0037256,RB
2025,4,2025_04_PHI_TB,TB,00-0038129,TE
2025,4,2025_04_PHI_TB,TB,00-0038824,WR
2025,4,2025_04_PHI_TB,TB,00-0039050,TE
2025,4,2025_04_PHI_TB,TB,00-0039361,RB
2025,4,2025_04_PHI_TB,TB,00-0039589,WR
2025,4,2025_04_PHI_TB,TB,00-0040129,WR
2025,4,2025_04_PHI_TB,TB,00-0040237,WR
2025,4,2025_04_SEA_ARI,ARI,00-0035228,QB
2025,4,2025_04_SEA_ARI,ARI,00-0035500,WR
2025,4,2025_04_SEA_ARI,ARI,00-0036924,RB
2025,4,2025_04_SEA_ARI,ARI,00-0037744,TE
2025,4,2025_04_SEA_ARI,ARI,00-0038559,WR
2025,4,2025_04_SEA_ARI,ARI,00-0038705,RB
2025,4,2025_04_SEA_ARI,ARI,00-0039041,TE
2025,4,2025_04_SEA_ARI,ARI,00-0039521,WR
2025,4,2025_04_SEA_ARI,ARI,00-0039737,TE
2025,4,2025_04_SEA_ARI,ARI,00-0039849,WR
2025,4,2025_04_SEA_ARI,ARI,00-0039921,RB
2025,4,2025_04_SEA_ARI,SEA,00-0033576,TE
2025,4,2025_04_SEA_ARI,SEA,00-0033908,WR
2025,4,2025_04_SEA_ARI,SEA,00-0034869,QB
2025,4,2025_04_SEA_ARI,SEA,00-0037093,WR
2025,4,2025_04_SEA_ARI,SEA,00-0038134,RB
2025,4,2025_04_SEA_ARI,SEA,00-0038488,RB
2025,4,2025_04_SEA_ARI,SEA,00-0038543,WR
2025,4,2025_04_SEA_ARI,SEA,00-0038752,WR
2025,4,2025_04_SEA_ARI,SEA,00-0039165,RB
2025,4,2025_04_SEA_ARI,SEA,00-0039793,TE
2025,4,2025_04_SEA_ARI,SEA,00-0040648,WR
2025,4,2025_04_SEA_ARI,SEA,00-0040739,TE
2025,4,2025_04_TEN_HOU,HOU,00-0033854,RB
2025,4,2025_04_TEN_HOU,HOU,00-0034383,TE
2025,4,2025_04_TEN_HOU,HOU,00-0034775,WR
2025,4,2025_04_TEN_HOU,HOU,00-0034791,RB
2025,4,2025_04_TEN_HOU,HOU,00-0036232,TE
2025,4,2025_04_TEN_HOU,HOU,00-0036554,WR
2025,4,2025_04_TEN_HOU,HOU,00-0038618,WR
2025,4,2025_04_TEN_HOU,HOU,00-0039163,QB
2025,4,2025_04_TEN_HOU,HOU,00-0039458,TE
2025,4,2025_04_TEN_HOU,HOU,00-0039603,RB
2025,4,2025_04_TEN_HOU,HOU,00-0040130,WR
2025,4,2025_04_TEN_HOU,HOU,00-0040138,WR
2025,4,2025_04_TEN_HOU,HOU,00-0040583,RB
2025,4,2025_04_TEN_HOU,TEN,00-0032211,WR
2025,4,2025_04_TEN_HOU,TEN,00-0034837,WR
2025,4,2025_04_TEN_HOU,TEN,00-0035261,RB
2025,4,2025_04_TEN_HOU,TEN,00-0036415,WR
2025,4,2025_04_TEN_HOU,TEN,00-0037594,RB
2025,4,2025_04_TEN_HOU,TEN,00-0037809,TE
2025,4,2025_04_TEN_HOU,TEN,00-0040170,WR
2025,4,2025_04_TEN_HOU,TEN,00-0040584,TE
2025,4,2025_04_TEN_HOU,TEN,00-0040676,QB
2025,4,2025_04_TEN_HOU,TEN,00-0040705,WR
2025,4,2025_04_WAS_ATL,ATL,00-0034407,WR
2025,4,2025_04_WAS_ATL,ATL,00-0035359,WR
2025,4,2025_04_WAS_ATL,ATL,00-0036309,WR
2025,4,2025_04_WAS_ATL,ATL,00-0036429,TE
2025,4,2025_04_WAS_ATL,ATL,00-0036825,TE
2025,4,2025_04_WAS_ATL,ATL,00-0036970,TE
2025,4,2025_04_WAS_ATL,ATL,00-0037238,WR
2025,4,2025_04_WAS_ATL,ATL,00-0037263,RB
2025,4,2025_04_WAS_ATL,ATL,00-0037277,TE
2025,4,2025_04_WAS_ATL,ATL,00-0038542,RB
2025,4,2025_04_WAS_ATL,ATL,00-0039394,WR
2025,4,2025_04_WAS_ATL,ATL,00-0039917,QB
2025,4,2025_04_WAS_ATL,WAS,00-0030061,TE
2025,4,2025_04_WAS_ATL,WAS,00-0032268,QB
2025,4,2025_04_WAS_ATL,WAS,00-0032398,WR
2025,4,2025_04_WAS_ATL,WAS,00-0033955,RB
2025,4,2025_04_WAS_ATL,WAS,00-0035719,WR
2025,4,2025_04_WAS_ATL,WAS,00-0037524,WR
2025,4,2025_04_WAS_ATL,WAS,00-0038611,RB
2025,4,2025_04_WAS_ATL,WAS,00-0039355,WR
2025,4,2025_04_WAS_ATL,WAS,00-0039686,TE
2025,4,2025_04_WAS_ATL,WAS,00-0039912,TE
2025,4,2025_04_WAS_ATL,WAS,00-0040164,WR
2025,4,2025_04_WAS_ATL,WAS,00-0040242,RB
2025,5,2025_05_DAL_NYJ,DAL,00-0033077,QB
2025,5,2025_05_DAL_NYJ,DAL,00-0036997,RB
2025,5,2025_05_DAL_NYJ,DAL,00-0037247,WR
2025,5,2025_05_DAL_NYJ,DAL,00-0037666,WR
2025,5,2025_05_DAL_NYJ,DAL,00-0038041,TE
2025,5,2025_05_DAL_NYJ,DAL,00-0038547,TE
2025,5,2025_05_DAL_NYJ,DAL,00-0038640,WR
2025,5,2025_05_DAL_NYJ,DAL,00-0038738,RB
2025,5,2025_05_DAL_NYJ,DAL,00-0038740,WR
2025,5,2025_05_DAL_NYJ,DAL,00-0039410,WR
2025,5,2025_05_DAL_NYJ,DAL,00-0039530,TE
2025,5,2025_05_DAL_NYJ,DAL,00-0040586,RB
2025,5,2025_05_DAL_NYJ,NYJ,00-0033943,WR
2025,5,2025_05_DAL_NYJ,NYJ,00-0034521,WR
2025,5,2025_05_DAL_NYJ,NYJ,00-0034959,RB
2025,5,2025_05_DAL_NYJ,NYJ,00-0036427,WR
2025,5,2025_05_DAL_NYJ,NYJ,00-0036945,QB
2025,5,2025_05_DAL_NYJ,NYJ,00-0037740,WR
2025,5,2025_05_DAL_NYJ,NYJ,00-0037805,TE
2025,5,2025_05_DAL_NYJ,NYJ,00-0038120,RB
2025,5,2025_05_DAL_NYJ,NYJ,00-0039798,RB
2025,5,2025_05_DAL_NYJ,NYJ,00-0040582,WR
2025,5,2025_05_DAL_NYJ,NYJ,00-0040736,TE
2025,5,2025_05_DEN_PHI,DEN,00-0033881,TE
2025,5,2025_05_DEN_PHI,DEN,00-0034348,WR
2025,5,2025_05_DEN_PHI,DEN,00-0034487,WR
2025,5,2025_05_DEN_PHI,DEN,00-0036158,RB
2025,5,2025_05_DEN_PHI,DEN,00-0036422,TE
2025,5,2025_05_DEN_PHI,DEN,00-0036727,RB
2025,5,2025_05_DEN_PHI,DEN,00-0037085,RB
2025,5,2025_05_DEN_PHI,DEN,00-0038783,TE
2025,5,2025_05_DEN_PHI,DEN,00-0038976,WR
2025,5,2025_05_DEN_PHI,DEN,00-0039732,QB
2025,5,2025_05_DEN_PHI,DEN,00-0039868,WR
2025,5,2025_05_DEN_PHI,DEN,00-0040134,WR
2025,5,2025_05_DEN_PHI,DEN,00-0040730,RB
2025,5,2025_05_DEN_PHI,PHI,00-0034351,TE
2025,5,2025_05_DEN_PHI,PHI,00-0034844,RB
2025,5,2025_05_DEN_PHI,PHI,00-0035676,WR
2025,5,2025_05_DEN_PHI,PHI,00-0036265,RB
2025,5,2025_05_DEN_PHI,PHI,00-0036389,QB
2025,5,2025_05_DEN_PHI,PHI,00-0036876,TE
2025,5,2025_05_DEN_PHI,PHI,00-0036912,WR
2025,5,2025_05_DEN_PHI,PHI,00-0037086,TE
2025,5,2025_05_DEN_PHI,PHI,00-0037614,WR
2025,5,2025_05_DEN_PHI,PHI,00-0037741,WR
2025,5,2025_05_DEN_PHI,PHI,00-0038564,TE
2025,5,2025_05_DEN_PHI,PHI,00-0039746,RB
2025,5,2025_05_DET_CIN,CIN,00-0034613,TE
2025,5,2025_05_DET_CIN,CIN,00-0034829,TE
2025,5,2025_05_DET_CIN,CIN,00-0035100,QB
2025,5,2025_05_DET_CIN,CIN,00-0035631,TE
2025,5,2025_05_DET_CIN,CIN,00-0035644,TE
2025,5,2025_05_DET_CIN,CIN,00-0036410,WR
2025,5,2025_05_DET_CIN,CIN,00-0036900,WR
2025,5,2025_05_DET_CIN,CIN,00-0038619,WR
2025,5,2025_05_DET_CIN,CIN,00-0038839,WR
2025,5,2025_05_DET_CIN,DET,00-0032464,WR
2025,5,2025_05_DET_CIN,DET,00-0033106,QB
2025,5,2025_05_DET_CIN,DET,00-0034073,TE
2025,5,2025_05_DET_CIN,DET,00-0035685,RB
2025,5,2025_05_DET_CIN,DET,00-0036754,TE
2025,5,2025_05_DET_CIN,DET,00-0036963,WR
2025,5,2025_05_DET_CIN,DET,00-0037240,WR
2025,5,2025_05_DET_CIN,DET,00-0039065,TE
2025,5,2025_05_DET_CIN,DET,00-0039139,RB
2025,5,2025_05_DET_CIN,DET,00-0040241,WR
2025,5,2025_05_DET_CIN,DET,00-0040669,WR
2025,5,2025_05_HOU_BAL,BAL,00-0030564,WR
2025,5,2025_05_HOU_BAL,BAL,00-0032764,RB
2025,5,2025_05_HOU_BAL,BAL,00-0033662,QB
2025,5,2025_05_HOU_BAL,BAL,00-0034753,TE
2025,5,2025_05_HOU_BAL,BAL,00-0034975,RB
2025,5,2025_05_HOU_BAL,BAL,00-0036550,WR
2025,5,2025_05_HOU_BAL,BAL,00-0036630,WR
2025,5,2025_05_HOU_BAL,BAL,00-0037340,TE
2025,5,2025_05_HOU_BAL,BAL,00-0037838,TE
2025,5,2025_05_HOU_BAL,BAL,00-0038046,TE
2025,5,2025_05_HOU_BAL,BAL,00-0038454,RB
2025,5,2025_05_HOU_BAL,BAL,00-0039064,WR
2025,5,2025_05_HOU_BAL,BAL,00-0040075,WR
2025,5,2025_05_HOU_BAL,HOU,00-0033854,RB
2025,5,2025_05_HOU_BAL,HOU,00-0034383,TE
2025,5,2025_05_HOU_BAL,HOU,00-0034775,WR
2025,5,2025_05_HOU_BAL,HOU,00-0034791,RB
2025,5,2025_05_HOU_BAL,HOU,00-0036232,TE
2025,5,2025_05_HOU_BAL,HOU,00-0036554,WR
2025,5,2025_05_HOU_BAL,HOU,00-0036898,QB
2025,5,2025_05_HOU_BAL,HOU,00-0037258,RB
2025,5,2025_05_HOU_BAL,HOU,00-0038618,WR
2025,5,2025_05_HOU_BAL,HOU,00-0039163,QB
2025,5,2025_05_HOU_BAL,HOU,00-0039458,TE
2025,5,2025_05_HOU_BAL,HOU,00-0039603,RB
2025,5,2025_05_HOU_BAL,HOU,00-0040130,WR
2025,5,2025_05_HOU_BAL,HOU,00-0040138,WR
2025,5,2025_05_HOU_BAL,HOU,00-0040583,RB
2025,5,2025_05_KC_JAX,JAX,00-0033246,TE
2025,5,2025_05_KC_JAX,JAX,00-0033375,WR
2025,5,2025_05_KC_JAX,JAX,00-0036590,TE
2025,5,2025_05_KC_JAX,JAX,00-0036626,WR
2025,5,2025_05_KC_JAX,JAX,00-0036971,QB
2025,5,2025_05_KC_JAX,JAX,00-0036973,RB
2025,5,2025_05_KC_JAX,JAX,00-0037004,TE
2025,5,2025_05_KC_JAX,JAX,00-0038606,WR
2025,5,2025_05_KC_JAX,JAX,00-0038935,TE
2025,5,2025_05_KC_JAX,JAX,00-0039893,WR
2025,5,2025_05_KC_JAX,JAX,00-0040238,RB
2025,5,2025_05_KC_JAX,JAX,00-0040718,WR
2025,5,2025_05_KC_JAX,JAX,00-0040719,RB
2025,5,2025_05_KC_JAX,KC,00-0030506,TE
2025,5,2025_05_KC_JAX,KC,00-0033757,TE
2025,5,2025_05_KC_JAX,KC,00-0033857,WR
2025,5,2025_05_KC_JAX,KC,00-0033873,QB
2025,5,2025_05_KC_JAX,KC,00-0033923,RB
2025,5,2025_05_KC_JAX,KC,00-0035662,WR
2025,5,2025_05_KC_JAX,KC,00-0036637,TE
2025,5,2025_05_KC_JAX,KC,00-0037197,RB
2025,5,2025_05_KC_JAX,KC,00-0038104,WR
2025,5,2025_05_KC_JAX,KC,00-0039894,WR
2025,5,2025_05_KC_JAX,KC,00-0040078,RB
2025,5,2025_05_KC_JAX,KC,00-0040646,WR
2025,5,2025_05_LV_IND,IND,00-0032104,RB
2025,5,2025_05_LV_IND,IND,00-0033217,TE
2025,5,2025_05_LV_IND,IND,00-0035021,WR
2025,5,2025_05_LV_IND,IND,00-0035710,QB
2025,5,2025_05_LV_IND,IND,00-0036223,RB
2025,5,2025_05_LV_IND,IND,00-0036252,WR
2025,5,2025_05_LV_IND,IND,00-0037292,TE
2025,5,2025_05_LV_IND,IND,00-0038394,TE
2025,5,2025_05_LV_IND,IND,00-0038997,WR
2025,5,2025_05_LV_IND,IND,00-0039164,QB
2025,5,2025_05_LV_IND,IND,00-0039816,WR
2025,5,2025_05_LV_IND,IND,00-0039890,WR
2025,5,2025_05_LV_IND,IND,00-0040128,TE
2025,5,2025_05_LV_IND,IND,00-0040179,RB
2025,5,2025_05_LV_IND,LV,00-0030565,QB
2025,5,2025_05_LV_IND,LV,00-0031687,RB
2025,5,2025_05_LV_IND,LV,00-0034365,TE
2025,5,2025_05_LV_IND,LV,00-0034960,WR
2025,5,2025_05_LV_IND,LV,00-0035602,WR
2025,5,2025_05_LV_IND,LV,00-0036423,TE
2025,5,2025_05_LV_IND,LV,00-0038563,WR
2025,5,2025_05_LV_IND,LV,00-0040122,RB
2025,5,2025_05_LV_IND,LV,00-0040488,TE
2025,5,2025_05_LV_IND,LV,00-0040581,WR
2025,5,2025_05_LV_IND,LV,00-0040729,WR
2025,5,2025_05_MIA_CAR,CAR,00-0034983,WR
2025,5,2025_05_MIA_CAR,CAR,00-0036139,RB
2025,5,2025_05_MIA_CAR,CAR,00-0036425,RB
2025,5,2025_05_MIA_CAR,CAR,00-0037005,TE
2025,5,2025_05_MIA_CAR,CAR,00-0037282,TE
2025,5,2025_05_MIA_CAR,CAR,00-0038840,WR
2025,5,2025_05_MIA_CAR,CAR,00-0039150,QB
2025,5,2025_05_MIA_CAR,CAR,00-0039342,WR
2025,5,2025_05_MIA_CAR,CAR,00-0040124,WR
2025,5,2025_05_MIA_CAR,CAR,00-0040187,TE
2025,5,2025_05_MIA_CAR,CAR,00-0040218,WR
2025,5,2025_05_MIA_CAR,CAR,00-0040644,RB
2025,5,2025_05_MIA_CAR,MIA,00-0031610,TE
2025,5,2025_05_MIA_CAR,MIA,00-0035125,RB
2025,5,2025_05_MIA_CAR,MIA,00-0036182,WR
2025,5,2025_05_MIA_CAR,MIA,00-0036212,QB
2025,5,2025_05_MIA_CAR,MIA,00-0036613,WR
2025,5,2025_05_MIA_CAR,MIA,00-0036620,WR
2025,5,2025_05_MIA_CAR,MIA,00-0037348,TE
2025,5,2025_05_MIA_CAR,MIA,00-0038720,TE
2025,5,2025_05_MIA_CAR,MIA,00-0039040,RB
2025,5,2025_05_MIA_CAR,MIA,00-0039880,WR
2025,5,2025_05_MIA_CAR,MIA,00-0039884,WR
2025,5,2025_05_MIA_CAR,MIA,00-0040198,RB
2025,5,2025_05_MIN_CLE,CLE,00-0033885,TE
2025,5,2025_05_MIN_CLE,CLE,00-0036407,WR
2025,5,2025_05_MIN_CLE,CLE,00-0037267,RB
2025,5,2025_05_MIN_CLE,CLE,00-0038710,TE
2025,5,2025_05_MIN_CLE,CLE,00-0039379,WR
2025,5,2025_05_MIN_CLE,CLE,00-0039920,WR
2025,5,2025_05_MIN_CLE,CLE,00-0040162,RB
2025,5,2025_05_MIN_CLE,CLE,00-0040259,WR
2025,5,2025_05_MIN_CLE,CLE,00-0040663,TE
2025,5,2025_05_MIN_CLE,CLE,00-0040704,QB
2025,5,2025_05_MIN_CLE,CLE,00-0040782,WR
2025,5,2025_05_MIN_CLE,CLE,00-0040784,RB
2025,5,2025_05_MIN_CLE,MIN,00-0030035,WR
2025,5,2025_05_MIN_CLE,MIN,00-0032394,TE
2025,5,2025_05_MIN_CLE,MIN,00-0032918,RB
2025,5,2025_05_MIN_CLE,MIN,00-0032950,QB
2025,5,2025_05_MIN_CLE,MIN,00-0035229,TE
2025,5,2025_05_MIN_CLE,MIN,00-0035249,TE
2025,5,2025_05_MIN_CLE,MIN,00-0036322,WR
2025,5,2025_05_MIN_CLE,MIN,00-0036414,RB
2025,5,2025_05_MIN_CLE,MIN,00-0037291,WR
2025,5,2025_05_MIN_CLE,MIN,00-0037525,RB
2025,5,2025_05_MIN_CLE,MIN,00-0038440,RB
2025,5,2025_05_MIN_CLE,MIN,00-0038994,WR
2025,5,2025_05_MIN_CLE,MIN,00-0040494,QB
2025,5,2025_05_NE_BUF,BUF,00-0033282,WR
2025,5,2025_05_NE_BUF,BUF,00-0034857,QB
2025,5,2025_05_NE_BUF,BUF,00-0035537,RB
2025,5,2025_05_NE_BUF,BUF,00-0035689,TE
2025,5,2025_05_NE_BUF,BUF,00-0036187,RB
2025,5,2025_05_NE_BUF,BUF,00-0036988,WR
2025,5,2025_05_NE_BUF,BUF,00-0037248,RB
2025,5,2025_05_NE_BUF,BUF,00-0037261,WR
2025,5,2025_05_NE_BUF,BUF,00-0038679,WR
2025,5,2025_05_NE_BUF,BUF,00-0038933,TE
2025,5,2025_05_NE_BUF,BUF,00-0039875,RB
2025,5,2025_05_NE_BUF,BUF,00-0039901,WR
2025,5,2025_05_NE_BUF,BUF,00-0040194,TE
2025,5,2025_05_NE_BUF,NE,00-0031588,WR
2025,5,2025_05_NE_BUF,NE,00-0032392,TE
2025,5,2025_05_NE_BUF,NE,00-0033090,TE
2025,5,2025_05_NE_BUF,NE,00-0033555,WR
2025,5,2025_05_NE_BUF,NE,00-0036328,RB
2025,5,2025_05_NE_BUF,NE,00-0036875,RB
2025,5,2025_05_NE_BUF,NE,00-0038608,WR
2025,5,2025_05_NE_BUF,NE,00-0038621,WR
2025,5,2025_05_NE_BUF,NE,00-0039305,RB
2025,5,2025_05_NE_BUF,NE,00-0039851,QB
2025,5,2025_05_NE_BUF,NE,00-0040131,WR
2025,5,2025_05_NE_BUF,NE,00-0040734,RB
2025,5,2025_05_NYG_NO,NO,00-0031236,WR
2025,5,2025_05_NYG_NO,NO,00-0033357,QB
2025,5,2025_05_NYG_NO,NO,00-0033906,RB
2025,5,2025_05_NYG_NO,NO,00-0034981,TE
2025,5,2025_05_NYG_NO,NO,00-0036040,TE
2025,5,2025_05_NYG_NO,NO,00-0036741,TE
2025,5,2025_05_NYG_NO,NO,00-0037239,WR
2025,5,2025_05_NYG_NO,NO,00-0037545,WR
2025,5,2025_05_NYG_NO,NO,00-0037745,RB
2025,5,2025_05_NYG_NO,NO,00-0038551,RB
2025,5,2025_05_NYG_NO,NO,00-0039376,QB
2025,5,2025_05_NYG_NO,NO,00-0039424,WR
2025,5,2025_05_NYG_NO,NO,00-0039623,WR
2025,5,2025_05_NYG_NO,NYG,00-0031484,TE
2025,5,2025_05_NYG_NO,NYG,00-0035250,RB
2025,5,2025_05_NYG_NO,NYG,00-0035535,WR
2025,5,2025_05_NYG_NO,NYG,00-0038115,TE
2025,5,2025_05_NYG_NO,NYG,00-0038117,WR
2025,5,2025_05_NYG_NO,NYG,00-0038938,WR
2025,5,2025_05_NYG_NO,NYG,00-0039847,TE
2025,5,2025_05_NYG_NO,NYG,00-0040432,WR
2025,5,2025_05_NYG_NO,NYG,00-0040691,QB
2025,5,2025_05_NYG_NO,NYG,00-0040715,RB
2025,5,2025_05_SF_LA,LA,00-0026498,QB
2025,5,2025_05_SF_LA,LA,00-0031381,WR
2025,5,2025_05_SF_LA,LA,00-0036244,TE
2025,5,2025_05_SF_LA,LA,00-0036849,WR
2025,5,2025_05_SF_LA,LA,00-0037840,RB
2025,5,2025_05_SF_LA,LA,00-0039074,TE
2025,5,2025_05_SF_LA,LA,00-0039075,WR
2025,5,2025_05_SF_LA,LA,00-0039738,RB
2025,5,2025_05_SF_LA,LA,00-0039751,WR
2025,5,2025_05_SF_LA,LA,00-0040590,WR
2025,5,2025_05_SF_LA,LA,00-0040737,TE
2025,5,2025_05_SF_LA,SF,00-0029892,RB
2025,5,2025_05_SF_LA,SF,00-0032775,WR
2025,5,2025_05_SF_LA,SF,00-0033280,RB
2025,5,2025_05_SF_LA,SF,00-0033307,WR
2025,5,2025_05_SF_LA,SF,00-0034272,WR
2025,5,2025_05_SF_LA,SF,00-0034867,WR
2025,5,2025_05_SF_LA,SF,00-0036887,TE
2025,5,2025_05_SF_LA,SF,00-0036972,QB
2025,5,2025_05_SF_LA,SF,00-0037112,TE
2025,5,2025_05_SF_LA,SF,00-0037746,RB
2025,5,2025_05_SF_LA,SF,00-0038090,WR
2025,5,2025_05_SF_LA,SF,00-0038643,TE
2025,5,2025_05_TB_SEA,SEA,00-0033576,TE
2025,5,2025_05_TB_SEA,SEA,00-0033908,WR
2025,5,2025_05_TB_SEA,SEA,00-0034869,QB
2025,5,2025_05_TB_SEA,SEA,00-0037093,WR
2025,5,2025_05_TB_SEA,SEA,00-0038134,RB
2025,5,2025_05_TB_SEA,SEA,00-0038488,RB
2025,5,2025_05_TB_SEA,SEA,00-0038543,WR
2025,5,2025_05_TB_SEA,SEA,00-0038752,WR
2025,5,2025_05_TB_SEA,SEA,00-0039165,RB
2025,5,2025_05_TB_SEA,SEA,00-0039793,TE
2025,5,2025_05_TB_SEA,SEA,00-0040648,WR
2025,5,2025_05_TB_SEA,SEA,00-0040673,QB
2025,5,2025_05_TB_SEA,SEA,00-0040739,TE
2025,5,2025_05_TB_SEA,TB,00-0032385,WR
2025,5,2025_05_TB_SEA,TB,00-0033921,WR
2025,5,2025_05_TB_SEA,TB,00-0034855,QB
2025,5,2025_05_TB_SEA,TB,00-0037256,RB
2025,5,2025_05_TB_SEA,TB,00-0038129,TE
2025,5,2025_05_TB_SEA,TB,00-0038824,WR
2025,5,2025_05_TB_SEA,TB,00-0038951,RB
2025,5,2025_05_TB_SEA,TB,00-0039050,TE
2025,5,2025_05_TB_SEA,TB,00-0039589,WR
2025,5,2025_05_TB_SEA,TB,00-0039754,TE
2025,5,2025_05_TB_SEA,TB,00-0040129,WR
2025,5,2025_05_TB_SEA,TB,00-0040237,WR
2025,5,2025_05_TB_SEA,TB,00-0040429,RB
2025,5,2025_05_TEN_ARI,ARI,00-0033119,QB
2025,5,2025_05_TEN_ARI,ARI,00-0033891,WR
2025,5,2025_05_TEN_ARI,ARI,00-0035228,QB
2025,5,2025_05_TEN_ARI,ARI,00-0035500,WR
2025,5,2025_05_TEN_ARI,ARI,00-0036646,WR
2025,5,2025_05_TEN_ARI,ARI,00-0036924,RB
2025,5,2025_05_TEN_ARI,ARI,00-0037157,RB
2025,5,2025_05_TEN_ARI,ARI,00-0037744,TE
2025,5,2025_05_TEN_ARI,ARI,00-0038456,TE
2025,5,2025_05_TEN_ARI,ARI,00-0038559,WR
2025,5,2025_05_TEN_ARI,ARI,00-0038705,RB
2025,5,2025_05_TEN_ARI,ARI,00-0039041,TE
2025,5,2025_05_TEN_ARI,ARI,00-0039737,TE
2025,5,2025_05_TEN_ARI,ARI,00-0039849,WR
2025,5,2025_05_TEN_ARI,TEN,00-0032211,WR
2025,5,2025_05_TEN_ARI,TEN,00-0034837,WR
2025,5,2025_05_TEN_ARI,TEN,00-0035261,RB
2025,5,2025_05_TEN_ARI,TEN,00-0036415,WR
2025,5,2025_05_TEN_ARI,TEN,00-0037594,RB
2025,5,2025_05_TEN_ARI,TEN,00-0037809,TE
2025,5,2025_05_TEN_ARI,TEN,00-0039032,RB
2025,5,2025_05_TEN_ARI,TEN,00-0039648,TE
2025,5,2025_05_TEN_ARI,TEN,00-0040170,WR
2025,5,2025_05_TEN_ARI,TEN,00-0040584,TE
2025,5,2025_05_TEN_ARI,TEN,00-0040676,QB
2025,5,2025_05_TEN_ARI,TEN,00-0040705,WR
2025,5,2025_05_WAS_LAC,LAC,00-0030279,WR
2025,5,2025_05_WAS_LAC,LAC,00-0034270,TE
2025,5,2025_05_WAS_LAC,LAC,00-0036355,QB
2025,5,2025_05_WAS_LAC,LAC,00-0037012,QB
2025,5,2025_05_WAS_LAC,LAC,00-0037617,RB
2025,5,2025_05_WAS_LAC,LAC,00-0037654,TE
2025,5,2025_05_WAS_LAC,LAC,00-0038544,WR
2025,5,2025_05_WAS_LAC,LAC,00-0038614,RB
2025,5,2025_05_WAS_LAC,LAC,00-0039391,RB
2025,5,2025_05_WAS_LAC,LAC,00-0039915,WR
2025,5,2025_05_WAS_LAC,LAC,00-0040184,WR
2025,5,2025_05_WAS_LAC,LAC,00-0040189,TE
2025,5,2025_05_WAS_LAC,LAC,00-0040666,RB
2025,5,2025_05_WAS_LAC,LAC,00-0040727,WR
2025,5,2025_05_WAS_LAC,WAS,00-0030061,TE
2025,5,2025_05_WAS_LAC,WAS,00-0032398,WR
2025,5,2025_05_WAS_LAC,WAS,00-0033955,RB
2025,5,2025_05_WAS_LAC,WAS,00-0035719,WR
2025,5,2025_05_WAS_LAC,WAS,00-0036628,TE
2025,5,2025_05_WAS_LAC,WAS,00-0037524,WR
2025,5,2025_05_WAS_LAC,WAS,00-0038611,RB
2025,5,2025_05_WAS_LAC,WAS,00-0039355,WR
2025,5,2025_05_WAS_LAC,WAS,00-0039686,TE
2025,5,2025_05_WAS_LAC,WAS,00-0039910,QB
2025,5,2025_05_WAS_LAC,WAS,00-0039912,TE
2025,5,2025_05_WAS_LAC,WAS,00-0040164,WR
2025,5,2025_05_WAS_LAC,WAS,00-0040242,RB
2025,6,2025_06_ARI_IND,ARI,00-0033119,QB
2025,6,2025_06_ARI_IND,ARI,00-0033891,WR
2025,6,2025_06_ARI_IND,ARI,00-0035500,WR
2025,6,2025_06_ARI_IND,ARI,00-0036646,WR
2025,6,2025_06_ARI_IND,ARI,00-0036924,RB
2025,6,2025_06_ARI_IND,ARI,00-0037157,RB
2025,6,2025_06_ARI_IND,ARI,00-0037744,TE
2025,6,2025_06_ARI_IND,ARI,00-0038559,WR
2025,6,2025_06_ARI_IND,ARI,00-0038705,RB
2025,6,2025_06_ARI_IND,ARI,00-0039041,TE
2025,6,2025_06_ARI_IND,ARI,00-0039849,WR
2025,6,2025_06_ARI_IND,IND,00-0032104,RB
2025,6,2025_06_ARI_IND,IND,00-0033217,TE
2025,6,2025_06_ARI_IND,IND,00-0035021,WR
2025,6,2025_06_ARI_IND,IND,00-0035710,QB
2025,6,2025_06_ARI_IND,IND,00-0036223,RB
2025,6,2025_06_ARI_IND,IND,00-0036252,WR
2025,6,2025_06_ARI_IND,IND,00-0037292,TE
2025,6,2025_06_ARI_IND,IND,00-0037664,WR
2025,6,2025_06_ARI_IND,IND,00-0038997,WR
2025,6,2025_06_ARI_IND,IND,00-0039816,WR
2025,6,2025_06_ARI_IND,IND,00-0040128,TE
2025,6,2025_06_ARI_IND,IND,00-0040179,RB
2025,6,2025_06_BUF_ATL,ATL,00-0034854,WR
2025,6,2025_06_BUF_ATL,ATL,00-0035359,WR
2025,6,2025_06_BUF_ATL,ATL,00-0036429,TE
2025,6,2025_06_BUF_ATL,ATL,00-0036825,TE
2025,6,2025_06_BUF_ATL,ATL,00-0036970,TE
2025,6,2025_06_BUF_ATL,ATL,00-0037238,WR
2025,6,2025_06_BUF_ATL,ATL,00-0037263,RB
2025,6,2025_06_BUF_ATL,ATL,00-0037277,TE
2025,6,2025_06_BUF_ATL,ATL,00-0038542,RB
2025,6,2025_06_BUF_ATL,ATL,00-0039394,WR
2025,6,2025_06_BUF_ATL,ATL,00-0039917,QB
2025,6,2025_06_BUF_ATL,BUF,00-0034857,QB
2025,6,2025_06_BUF_ATL,BUF,00-0035537,RB
2025,6,2025_06_BUF_ATL,BUF,00-0035689,TE
2025,6,2025_06_BUF_ATL,BUF,00-0036187,RB
2025,6,2025_06_BUF_ATL,BUF,00-0036980,WR
2025,6,2025_06_BUF_ATL,BUF,00-0036988,WR
2025,6,2025_06_BUF_ATL,BUF,00-0037248,RB
2025,6,2025_06_BUF_ATL,BUF,00-0037261,WR
2025,6,2025_06_BUF_ATL,BUF,00-0038679,WR
2025,6,2025_06_BUF_ATL,BUF,00-0039875,RB
2025,6,2025_06_BUF_ATL,BUF,00-0039901,WR
2025,6,2025_06_BUF_ATL,BUF,00-0040194,TE
2025,6,2025_06_CHI_WAS,CHI,00-0034798,TE
2025,6,2025_06_CHI_WAS,CHI,00-0034827,WR
2025,6,2025_06_CHI_WAS,CHI,00-0035208,WR
2025,6,2025_06_CHI_WAS,CHI,00-0036275,RB
2025,6,2025_06_CHI_WAS,CHI,00-0036290,TE
2025,6,2025_06_CHI_WAS,CHI,00-0039021,RB
2025,6,2025_06_CHI_WAS,CHI,00-0039918,QB
2025,6,2025_06_CHI_WAS,CHI,00-0039919,WR
2025,6,2025_06_CHI_WAS,CHI,00-0040126,TE
2025,6,2025_06_CHI_WAS,CHI,00-0040236,RB
2025,6,2025_06_CHI_WAS,CHI,00-0040735,WR
2025,6,2025_06_CHI_WAS,WAS,00-0030061,TE
2025,6,2025_06_CHI_WAS,WAS,00-0032398,WR
2025,6,2025_06_CHI_WAS,WAS,00-0033955,RB
2025,6,2025_06_CHI_WAS,WAS,00-0035719,WR
2025,6,2025_06_CHI_WAS,WAS,00-0036628,TE
2025,6,2025_06_CHI_WAS,WAS,00-0037524,WR
2025,6,2025_06_CHI_WAS,WAS,00-0038611,RB
2025,6,2025_06_CHI_WAS,WAS,00-0039355,WR
2025,6,2025_06_CHI_WAS,WAS,00-0039686,TE
2025,6,2025_06_CHI_WAS,WAS,00-0039910,QB
2025,6,2025_06_CHI_WAS,WAS,00-0039912,TE
2025,6,2025_06_CHI_WAS,WAS,00-0040164,WR
2025,6,2025_06_CHI_WAS,WAS,00-0040242,RB
2025,6,2025_06_CHI_WAS,WAS,00-0040315,WR
2025,6,2025_06_CIN_GB,CIN,00-0026158,QB
2025,6,2025_06_CIN_GB,CIN,00-0034613,TE
2025,6,2025_06_CIN_GB,CIN,00-0034829,TE
2025,6,2025_06_CIN_GB,CIN,00-0035631,TE
2025,6,2025_06_CIN_GB,CIN,00-0035644,TE
2025,6,2025_06_CIN_GB,CIN,00-0036410,WR
2025,6,2025_06_CIN_GB,CIN,00-0036900,WR
2025,6,2025_06_CIN_GB,CIN,00-0038619,WR
2025,6,2025_06_CIN_GB,CIN,00-0038839,WR
2025,6,2025_06_CIN_GB,GB,00-0035700,RB
2025,6,2025_06_CIN_GB,GB,00-0036264,QB
2025,6,2025_06_CIN_GB,GB,00-0037306,TE
2025,6,2025_06_CIN_GB,GB,00-0037816,WR
2025,6,2025_06_CIN_GB,GB,00-0038393,WR
2025,6,2025_06_CIN_GB,GB,00-0038465,WR
2025,6,2025_06_CIN_GB,GB,00-0038685,RB
2025,6,2025_06_CIN_GB,GB,00-0038797,RB
2025,6,2025_06_CIN_GB,GB,00-0038809,TE
2025,6,2025_06_CIN_GB,GB,00-0038996,TE
2025,6,2025_06_CIN_GB,GB,00-0039144,TE
2025,6,2025_06_CIN_GB,GB,00-0040009,WR
2025,6,2025_06_CIN_GB,GB,00-0040667,WR
2025,6,2025_06_CLE_PIT,CLE,00-0033885,TE
2025,6,2025_06_CLE_PIT,CLE,00-0036407,WR
2025,6,2025_06_CLE_PIT,CLE,00-0037267,RB
2025,6,2025_06_CLE_PIT,CLE,00-0038710,TE
2025,6,2025_06_CLE_PIT,CLE,00-0039379,WR
2025,6,2025_06_CLE_PIT,CLE,00-0039920,WR
2025,6,2025_06_CLE_PIT,CLE,00-0040162,RB
2025,6,2025_06_CLE_PIT,CLE,00-0040259,WR
2025,6,2025_06_CLE_PIT,CLE,00-0040663,TE
2025,6,2025_06_CLE_PIT,CLE,00-0040704,QB
2025,6,2025_06_CLE_PIT,CLE,00-0040782,WR
2025,6,2025_06_CLE_PIT,CLE,00-0040784,RB
2025,6,2025_06_CLE_PIT,PIT,00-0023459,QB
2025,6,2025_06_CLE_PIT,PIT,00-0033858,TE
2025,6,2025_06_CLE_PIT,PIT,00-0034771,QB
2025,6,2025_06_CLE_PIT,PIT,00-0035298,WR
2025,6,2025_06_CLE_PIT,PIT,00-0035640,WR
2025,6,2025_06_CLE_PIT,PIT,00-0036862,WR
2025,6,2025_06_CLE_PIT,PIT,00-0036894,TE
2025,6,2025_06_CLE_PIT,PIT,00-0036919,RB
2025,6,2025_06_CLE_PIT,PIT,00-0037228,RB
2025,6,2025_06_CLE_PIT,PIT,00-0037304,TE
2025,6,2025_06_CLE_PIT,PIT,00-0038558,TE
2025,6,2025_06_CLE_PIT,PIT,00-0039739,WR
2025,6,2025_06_CLE_PIT,PIT,00-0040142,RB
2025,6,2025_06_CLE_PIT,PIT,00-0040534,WR
2025,6,2025_06_DAL_CAR,CAR,00-0034983,WR
2025,6,2025_06_DAL_CAR,CAR,00-0036139,RB
2025,6,2025_06_DAL_CAR,CAR,00-0036425,RB
2025,6,2025_06_DAL_CAR,CAR,00-0037005,TE
2025,6,2025_06_DAL_CAR,CAR,00-0037282,TE
2025,6,2025_06_DAL_CAR,CAR,00-0038840,WR
2025,6,2025_06_DAL_CAR,CAR,00-0039150,QB
2025,6,2025_06_DAL_CAR,CAR,00-0039342,WR
2025,6,2025_06_DAL_CAR,CAR,00-0040124,WR
2025,6,2025_06_DAL_CAR,CAR,00-0040187,TE
2025,6,2025_06_DAL_CAR,CAR,00-0040218,WR
2025,6,2025_06_DAL_CAR,CAR,00-0040644,RB
2025,6,2025_06_DAL_CAR,DAL,00-0033077,QB
2025,6,2025_06_DAL_CAR,DAL,00-0035639,WR
2025,6,2025_06_DAL_CAR,DAL,00-0036997,RB
2025,6,2025_06_DAL_CAR,DAL,00-0037247,WR
2025,6,2025_06_DAL_CAR,DAL,00-0037666,WR
2025,6,2025_06_DAL_CAR,DAL,00-0038041,TE
2025,6,2025_06_DAL_CAR,DAL,00-0038547,TE
2025,6,2025_06_DAL_CAR,DAL,00-0038738,RB
2025,6,2025_06_DAL_CAR,DAL,00-0038740,WR
2025,6,2025_06_DAL_CAR,DAL,00-0039410,WR
2025,6,2025_06_DAL_CAR,DAL,00-0039530,TE
2025,6,2025_06_DAL_CAR,DAL,00-0040586,RB
2025,6,2025_06_DEN_NYJ,DEN,00-0033881,TE
2025,6,2025_06_DEN_NYJ,DEN,00-0034348,WR
2025,6,2025_06_DEN_NYJ,DEN,00-0034487,WR
2025,6,2025_06_DEN_NYJ,DEN,00-0036158,RB
2025,6,2025_06_DEN_NYJ,DEN,00-0036422,TE
2025,6,2025_06_DEN_NYJ,DEN,00-0036727,RB
2025,6,2025_06_DEN_NYJ,DEN,00-0038783,TE
2025,6,2025_06_DEN_NYJ,DEN,00-0038794,RB
2025,6,2025_06_DEN_NYJ,DEN,00-0038976,WR
2025,6,2025_06_DEN_NYJ,DEN,00-0039732,QB
2025,6,2025_06_DEN_NYJ,DEN,00-0039868,WR
2025,6,2025_06_DEN_NYJ,DEN,00-0040134,WR
2025,6,2025_06_DEN_NYJ,DEN,00-0040730,RB
2025,6,2025_06_DEN_NYJ,NYJ,00-0033943,WR
2025,6,2025_06_DEN_NYJ,NYJ,00-0034959,RB
2025,6,2025_06_DEN_NYJ,NYJ,00-0036427,WR
2025,6,2025_06_DEN_NYJ,NYJ,00-0036945,QB
2025,6,2025_06_DEN_NYJ,NYJ,00-0037740,WR
2025,6,2025_06_DEN_NYJ,NYJ,00-0037805,TE
2025,6,2025_06_DEN_NYJ,NYJ,00-0038120,RB
2025,6,2025_06_DEN_NYJ,NYJ,00-0039798,RB
2025,6,2025_06_DEN_NYJ,NYJ,00-0040582,WR
2025,6,2025_06_DEN_NYJ,NYJ,00-0040736,TE
2025,6,2025_06_DET_KC,DET,00-0032464,WR
2025,6,2025_06_DET_KC,DET,00-0033106,QB
2025,6,2025_06_DET_KC,DET,00-0034073,TE
2025,6,2025_06_DET_KC,DET,00-0035685,RB
2025,6,2025_06_DET_KC,DET,00-0036754,TE
2025,6,2025_06_DET_KC,DET,00-0036963,WR
2025,6,2025_06_DET_KC,DET,00-0037240,WR
2025,6,2025_06_DET_KC,DET,00-0039065,TE
2025,6,2025_06_DET_KC,DET,00-0039139,RB
2025,6,2025_06_DET_KC,DET,00-0040669,WR
2025,6,2025_06_DET_KC,KC,00-0030506,TE
2025,6,2025_06_DET_KC,KC,00-0033757,TE
2025,6,2025_06_DET_KC,KC,00-0033857,WR
2025,6,2025_06_DET_KC,KC,00-0033873,QB
2025,6,2025_06_DET_KC,KC,00-0033923,RB
2025,6,2025_06_DET_KC,KC,00-0035662,WR
2025,6,2025_06_DET_KC,KC,00-0036637,TE
2025,6,2025_06_DET_KC,KC,00-0037197,RB
2025,6,2025_06_DET_KC,KC,00-0038104,WR
2025,6,2025_06_DET_KC,KC,00-0038519,WR
2025,6,2025_06_DET_KC,KC,00-0039894,WR
2025,6,2025_06_DET_KC,KC,00-0040078,RB
2025,6,2025_06_DET_KC,KC,00-0040646,WR
2025,6,2025_06_LAC_MIA,LAC,00-0030279,WR
2025,6,2025_06_LAC_MIA,LAC,00-0034159,TE
2025,6,2025_06_LAC_MIA,LAC,00-0034270,TE
2025,6,2025_06_LAC_MIA,LAC,00-0036355,QB
2025,6,2025_06_LAC_MIA,LAC,00-0037617,RB
2025,6,2025_06_LAC_MIA,LAC,00-0037654,TE
2025,6,2025_06_LAC_MIA,LAC,00-0039391,RB
2025,6,2025_06_LAC_MIA,LAC,00-0039915,WR
2025,6,2025_06_LAC_MIA,LAC,00-0040184,WR
2025,6,2025_06_LAC_MIA,LAC,00-0040189,TE
2025,6,2025_06_LAC_MIA,LAC,00-0040727,WR
2025,6,2025_06_LAC_MIA,MIA,00-0031610,TE
2025,6,2025_06_LAC_MIA,MIA,00-0035125,RB
2025,6,2025_06_LAC_MIA,MIA,00-0036182,WR
2025,6,2025_06_LAC_MIA,MIA,00-0036212,QB
2025,6,2025_06_LAC_MIA,MIA,00-0036613,WR
2025,6,2025_06_LAC_MIA,MIA,00-0036620,WR
2025,6,2025_06_LAC_MIA,MIA,00-0037348,TE
2025,6,2025_06_LAC_MIA,MIA,00-0038720,TE
2025,6,2025_06_LAC_MIA,MIA,00-0039040,RB
2025,6,2025_06_LAC_MIA,MIA,00-0039880,WR
2025,6,2025_06_LAC_MIA,MIA,00-0040198,RB
2025,6,2025_06_LA_BAL,BAL,00-0030564,WR
2025,6,2025_06_LA_BAL,BAL,00-0032764,RB
2025,6,2025_06_LA_BAL,BAL,00-0033662,QB
2025,6,2025_06_LA_BAL,BAL,00-0034753,TE
2025,6,2025_06_LA_BAL,BAL,00-0034975,RB
2025,6,2025_06_LA_BAL,BAL,00-0035993,QB
2025,6,2025_06_LA_BAL,BAL,00-0036550,WR
2025,6,2025_06_LA_BAL,BAL,00-0036630,WR
2025,6,2025_06_LA_BAL,BAL,00-0037340,TE
2025,6,2025_06_LA_BAL,BAL,00-0037838,TE
2025,6,2025_06_LA_BAL,BAL,00-0038046,TE
2025,6,2025_06_LA_BAL,BAL,00-0038454,RB
2025,6,2025_06_LA_BAL,BAL,00-0039064,WR
2025,6,2025_06_LA_BAL,BAL,00-0039796,RB
2025,6,2025_06_LA_BAL,BAL,00-0040075,WR
2025,6,2025_06_LA_BAL,LA,00-0026498,QB
2025,6,2025_06_LA_BAL,LA,00-0031381,WR
2025,6,2025_06_LA_BAL,LA,00-0033110,TE
2025,6,2025_06_LA_BAL,LA,00-0037840,RB
2025,6,2025_06_LA_BAL,LA,00-0038359,WR
2025,6,2025_06_LA_BAL,LA,00-0039074,TE
2025,6,2025_06_LA_BAL,LA,00-0039075,WR
2025,6,2025_06_LA_BAL,LA,00-0039738,RB
2025,6,2025_06_LA_BAL,LA,00-0039751,WR
2025,6,2025_06_LA_BAL,LA,00-0040590,WR
2025,6,2025_06_LA_BAL,LA,00-0040737,TE
2025,6,2025_06_NE_NO,NE,00-0031588,WR
2025,6,2025_06_NE_NO,NE,00-0032392,TE
2025,6,2025_06_NE_NO,NE,00-0033090,TE
2025,6,2025_06_NE_NO,NE,00-0033555,WR
2025,6,2025_06_NE_NO,NE,00-0036875,RB
2025,6,2025_06_NE_NO,NE,00-0038608,WR
2025,6,2025_06_NE_NO,NE,00-0038621,WR
2025,6,2025_06_NE_NO,NE,00-0039305,RB
2025,6,2025_06_NE_NO,NE,00-0039851,QB
2025,6,2025_06_NE_NO,NE,00-0040131,WR
2025,6,2025_06_NE_NO,NE,00-0040563,WR
2025,6,2025_06_NE_NO,NE,00-0040734,RB
2025,6,2025_06_NE_NO,NO,00-0031236,WR
2025,6,2025_06_NE_NO,NO,00-0033357,QB
2025,6,2025_06_NE_NO,NO,00-0033906,RB
2025,6,2025_06_NE_NO,NO,00-0034981,TE
2025,6,2025_06_NE_NO,NO,00-0036040,TE
2025,6,2025_06_NE_NO,NO,00-0036741,TE
2025,6,2025_06_NE_NO,NO,00-0037239,WR
2025,6,2025_06_NE_NO,NO,00-0037545,WR
2025,6,2025_06_NE_NO,NO,00-0038551,RB
2025,6,2025_06_NE_NO,NO,00-0039376,QB
2025,6,2025_06_NE_NO,NO,00-0039424,WR
2025,6,2025_06_NE_NO,NO,00-0039623,WR
2025,6,2025_06_PHI_NYG,NYG,00-0029263,QB
2025,6,2025_06_PHI_NYG,NYG,00-0031484,TE
2025,6,2025_06_PHI_NYG,NYG,00-0035250,RB
2025,6,2025_06_PHI_NYG,NYG,00-0035406,WR
2025,6,2025_06_PHI_NYG,NYG,00-0035645,WR
2025,6,2025_06_PHI_NYG,NYG,00-0038115,TE
2025,6,2025_06_PHI_NYG,NYG,00-0038117,WR
2025,6,2025_06_PHI_NYG,NYG,00-0038938,WR
2025,6,2025_06_PHI_NYG,NYG,00-0039384,RB
2025,6,2025_06_PHI_NYG,NYG,00-0039847,TE
2025,6,2025_06_PHI_NYG,NYG,00-0040432,WR
2025,6,2025_06_PHI_NYG,NYG,00-0040691,QB
2025,6,2025_06_PHI_NYG,NYG,00-0040715,RB
2025,6,2025_06_PHI_NYG,PHI,00-0034351,TE
2025,6,2025_06_PHI_NYG,PHI,00-0034844,RB
2025,6,2025_06_PHI_NYG,PHI,00-0035676,WR
2025,6,2025_06_PHI_NYG,PHI,00-0036265,RB
2025,6,2025_06_PHI_NYG,PHI,00-0036389,QB
2025,6,2025_06_PHI_NYG,PHI,00-0036876,TE
2025,6,2025_06_PHI_NYG,PHI,00-0036912,WR
2025,6,2025_06_PHI_NYG,PHI,00-0037614,WR
2025,6,2025_06_PHI_NYG,PHI,00-0037741,WR
2025,6,2025_06_PHI_NYG,PHI,00-0038564,TE
2025,6,2025_06_PHI_NYG,PHI,00-0039746,RB
2025,6,2025_06_SEA_JAX,JAX,00-0033246,TE
2025,6,2025_06_SEA_JAX,JAX,00-0033375,WR
2025,6,2025_06_SEA_JAX,JAX,00-0036590,TE
2025,6,2025_06_SEA_JAX,JAX,00-0036626,WR
2025,6,2025_06_SEA_JAX,JAX,00-0036971,QB
2025,6,2025_06_SEA_JAX,JAX,00-0036973,RB
2025,6,2025_06_SEA_JAX,JAX,00-0037004,TE
2025,6,2025_06_SEA_JAX,JAX,00-0038606,WR
2025,6,2025_06_SEA_JAX,JAX,00-0039893,WR
2025,6,2025_06_SEA_JAX,JAX,00-0040238,RB
2025,6,2025_06_SEA_JAX,JAX,00-0040718,WR
2025,6,2025_06_SEA_JAX,JAX,00-0040719,RB
2025,6,2025_06_SEA_JAX,SEA,00-0033576,TE
2025,6,2025_06_SEA_JAX,SEA,00-0033908,WR
2025,6,2025_06_SEA_JAX,SEA,00-0034869,QB
2025,6,2025_06_SEA_JAX,SEA,00-0037093,WR
2025,6,2025_06_SEA_JAX,SEA,00-0038134,RB
2025,6,2025_06_SEA_JAX,SEA,00-0038488,RB
2025,6,2025_06_SEA_JAX,SEA,00-0038543,WR
2025,6,2025_06_SEA_JAX,SEA,00-0038752,WR
2025,6,2025_06_SEA_JAX,SEA,00-0039165,RB
2025,6,2025_06_SEA_JAX,SEA,00-0039793,TE
2025,6,2025_06_SEA_JAX,SEA,00-0040648,WR
2025,6,2025_06_SEA_JAX,SEA,00-0040739,TE
2025,6,2025_06_SF_TB,SF,00-0029892,RB
2025,6,2025_06_SF_TB,SF,00-0032775,WR
2025,6,2025_06_SF_TB,SF,00-0033280,RB
2025,6,2025_06_SF_TB,SF,00-0033307,WR
2025,6,2025_06_SF_TB,SF,00-0034272,WR
2025,6,2025_06_SF_TB,SF,00-0036259,WR
2025,6,2025_06_SF_TB,SF,00-0036887,TE
2025,6,2025_06_SF_TB,SF,00-0036972,QB
2025,6,2025_06_SF_TB,SF,00-0037112,TE
2025,6,2025_06_SF_TB,SF,00-0037746,RB
2025,6,2025_06_SF_TB,SF,00-0038090,WR
2025,6,2025_06_SF_TB,SF,00-0038643,TE
2025,6,2025_06_SF_TB,TB,00-0032385,WR
2025,6,2025_06_SF_TB,TB,00-0034855,QB
2025,6,2025_06_SF_TB,TB,00-0037256,RB
2025,6,2025_06_SF_TB,TB,00-0038129,TE
2025,6,2025_06_SF_TB,TB,00-0038458,RB
2025,6,2025_06_SF_TB,TB,00-0038824,WR
2025,6,2025_06_SF_TB,TB,00-0038951,RB
2025,6,2025_06_SF_TB,TB,00-0039050,TE
2025,6,2025_06_SF_TB,TB,00-0039589,WR
2025,6,2025_06_SF_TB,TB,00-0039754,TE
2025,6,2025_06_SF_TB,TB,00-0040129,WR
2025,6,2025_06_SF_TB,TB,00-0040237,WR
2025,6,2025_06_TEN_LV,LV,00-0030565,QB
2025,6,2025_06_TEN_LV,LV,00-0031687,RB
2025,6,2025_06_TEN_LV,LV,00-0034365,TE
2025,6,2025_06_TEN_LV,LV,00-0034960,WR
2025,6,2025_06_TEN_LV,LV,00-0035602,WR
2025,6,2025_06_TEN_LV,LV,00-0038563,WR
2025,6,2025_06_TEN_LV,LV,00-0038590,WR
2025,6,2025_06_TEN_LV,LV,00-0039066,TE
2025,6,2025_06_TEN_LV,LV,00-0040122,RB
2025,6,2025_06_TEN_LV,LV,00-0040488,TE
2025,6,2025_06_TEN_LV,LV,00-0040581,WR
2025,6,2025_06_TEN_LV,LV,00-0040729,WR
2025,6,2025_06_TEN_LV,TEN,00-0032211,WR
2025,6,2025_06_TEN_LV,TEN,00-0034837,WR
2025,6,2025_06_TEN_LV,TEN,00-0035261,RB
2025,6,2025_06_TEN_LV,TEN,00-0036415,WR
2025,6,2025_06_TEN_LV,TEN,00-0037594,RB
2025,6,2025_06_TEN_LV,TEN,00-0037809,TE
2025,6,2025_06_TEN_LV,TEN,00-0039032,RB
2025,6,2025_06_TEN_LV,TEN,00-0039648,TE
2025,6,2025_06_TEN_LV,TEN,00-0040170,WR
2025,6,2025_06_TEN_LV,TEN,00-0040584,TE
2025,6,2025_06_TEN_LV,TEN,00-0040676,QB
2025,6,2025_06_TEN_LV,TEN,00-0040705,WR
2025,7,2025_07_ATL_SF,ATL,00-0034854,WR
2025,7,2025_07_ATL_SF,ATL,00-0035359,WR
2025,7,2025_07_ATL_SF,ATL,00-0036309,WR
2025,7,2025_07_ATL_SF,ATL,00-0036429,TE
2025,7,2025_07_ATL_SF,ATL,00-0036970,TE
2025,7,2025_07_ATL_SF,ATL,00-0037238,WR
2025,7,2025_07_ATL_SF,ATL,00-0037263,RB
2025,7,2025_07_ATL_SF,ATL,00-0038542,RB
2025,7,2025_07_ATL_SF,ATL,00-0039394,WR
2025,7,2025_07_ATL_SF,ATL,00-0039917,QB
2025,7,2025_07_ATL_SF,SF,00-0029892,RB
2025,7,2025_07_ATL_SF,SF,00-0032775,WR
2025,7,2025_07_ATL_SF,SF,00-0033280,RB
2025,7,2025_07_ATL_SF,SF,00-0033288,TE
2025,7,2025_07_ATL_SF,SF,00-0033307,WR
2025,7,2025_07_ATL_SF,SF,00-0034867,WR
2025,7,2025_07_ATL_SF,SF,00-0036259,WR
2025,7,2025_07_ATL_SF,SF,00-0036887,TE
2025,7,2025_07_ATL_SF,SF,00-0036972,QB
2025,7,2025_07_ATL_SF,SF,00-0037112,TE
2025,7,2025_07_ATL_SF,SF,00-0037746,RB
2025,7,2025_07_ATL_SF,SF,00-0038090,WR
2025,7,2025_07_CAR_NYJ,CAR,00-0027973,QB
2025,7,2025_07_CAR_NYJ,CAR,00-0036139,RB
2025,7,2025_07_CAR_NYJ,CAR,00-0036555,RB
2025,7,2025_07_CAR_NYJ,CAR,00-0037005,TE
2025,7,2025_07_CAR_NYJ,CAR,00-0038840,WR
2025,7,2025_07_CAR_NYJ,CAR,00-0039150,QB
2025,7,2025_07_CAR_NYJ,CAR,00-0039342,WR
2025,7,2025_07_CAR_NYJ,CAR,00-0039356,TE
2025,7,2025_07_CAR_NYJ,CAR,00-0039491,WR
2025,7,2025_07_CAR_NYJ,CAR,00-0040124,WR
2025,7,2025_07_CAR_NYJ,CAR,00-0040187,TE
2025,7,2025_07_CAR_NYJ,CAR,00-0040218,WR
2025,7,2025_07_CAR_NYJ,CAR,00-0040644,RB
2025,7,2025_07_CAR_NYJ,NYJ,00-0028118,QB
2025,7,2025_07_CAR_NYJ,NYJ,00-0033943,WR
2025,7,2025_07_CAR_NYJ,NYJ,00-0034521,WR
2025,7,2025_07_CAR_NYJ,NYJ,00-0034959,RB
2025,7,2025_07_CAR_NYJ,NYJ,00-0036427,WR
2025,7,2025_07_CAR_NYJ,NYJ,00-0036842,RB
2025,7,2025_07_CAR_NYJ,NYJ,00-0036945,QB
2025,7,2025_07_CAR_NYJ,NYJ,00-0037805,TE
2025,7,2025_07_CAR_NYJ,NYJ,00-0038120,RB
2025,7,2025_07_CAR_NYJ,NYJ,00-0039798,RB
2025,7,2025_07_CAR_NYJ,NYJ,00-0040582,WR
2025,7,2025_07_CAR_NYJ,NYJ,00-0040736,TE
2025,7,2025_07_GB_ARI,ARI,00-0033119,QB
2025,7,2025_07_GB_ARI,ARI,00-0033891,WR
2025,7,2025_07_GB_ARI,ARI,00-0035500,WR
2025,7,2025_07_GB_ARI,ARI,00-0035628,RB
2025,7,2025_07_GB_ARI,ARI,00-0036332,TE
2025,7,2025_07_GB_ARI,ARI,00-0036646,WR
2025,7,2025_07_GB_ARI,ARI,00-0036924,RB
2025,7,2025_07_GB_ARI,ARI,00-0037157,RB
2025,7,2025_07_GB_ARI,ARI,00-0037744,TE
2025,7,2025_07_GB_ARI,ARI,00-0038559,WR
2025,7,2025_07_GB_ARI,ARI,00-0039041,TE
2025,7,2025_07_GB_ARI,ARI,00-0039521,WR
2025,7,2025_07_GB_ARI,ARI,00-0039849,WR
2025,7,2025_07_GB_ARI,GB,00-0035700,RB
2025,7,2025_07_GB_ARI,GB,00-0036264,QB
2025,7,2025_07_GB_ARI,GB,00-0037306,TE
2025,7,2025_07_GB_ARI,GB,00-0037816,WR
2025,7,2025_07_GB_ARI,GB,00-0038393,WR
2025,7,2025_07_GB_ARI,GB,00-0038465,WR
2025,7,2025_07_GB_ARI,GB,00-0038685,RB
2025,7,2025_07_GB_ARI,GB,00-0038797,RB
2025,7,2025_07_GB_ARI,GB,00-0038996,TE
2025,7,2025_07_GB_ARI,GB,00-0039144,TE
2025,7,2025_07_GB_ARI,GB,00-0040009,WR
2025,7,2025_07_GB_ARI,GB,00-0040667,WR
2025,7,2025_07_HOU_SEA,HOU,00-0033854,RB
2025,7,2025_07_HOU_SEA,HOU,00-0034383,TE
2025,7,2025_07_HOU_SEA,HOU,00-0034419,WR
2025,7,2025_07_HOU_SEA,HOU,00-0034791,RB
2025,7,2025_07_HOU_SEA,HOU,00-0036232,TE
2025,7,2025_07_HOU_SEA,HOU,00-0036554,WR
2025,7,2025_07_HOU_SEA,HOU,00-0038618,WR
2025,7,2025_07_HOU_SEA,HOU,00-0039163,QB
2025,7,2025_07_HOU_SEA,HOU,00-0039458,TE
2025,7,2025_07_HOU_SEA,HOU,00-0039603,RB
2025,7,2025_07_HOU_SEA,HOU,00-0040130,WR
2025,7,2025_07_HOU_SEA,HOU,00-0040138,WR
2025,7,2025_07_HOU_SEA,HOU,00-0040583,RB
2025,7,2025_07_HOU_SEA,SEA,00-0033576,TE
2025,7,2025_07_HOU_SEA,SEA,00-0033908,WR
2025,7,2025_07_HOU_SEA,SEA,00-0034869,QB
2025,7,2025_07_HOU_SEA,SEA,00-0037093,WR
2025,7,2025_07_HOU_SEA,SEA,00-0038134,RB
2025,7,2025_07_HOU_SEA,SEA,00-0038488,RB
2025,7,2025_07_HOU_SEA,SEA,00-0038543,WR
2025,7,2025_07_HOU_SEA,SEA,00-0038752,WR
2025,7,2025_07_HOU_SEA,SEA,00-0039165,RB
2025,7,2025_07_HOU_SEA,SEA,00-0039793,TE
2025,7,2025_07_HOU_SEA,SEA,00-0040648,WR
2025,7,2025_07_HOU_SEA,SEA,00-0040739,TE
2025,7,2025_07_IND_LAC,IND,00-0032104,RB
2025,7,2025_07_IND_LAC,IND,00-0033217,TE
2025,7,2025_07_IND_LAC,IND,00-0035710,QB
2025,7,2025_07_IND_LAC,IND,00-0036223,RB
2025,7,2025_07_IND_LAC,IND,00-0036252,WR
2025,7,2025_07_IND_LAC,IND,00-0037292,TE
2025,7,2025_07_IND_LAC,IND,00-0037664,WR
2025,7,2025_07_IND_LAC,IND,00-0039816,WR
2025,7,2025_07_IND_LAC,IND,00-0039890,WR
2025,7,2025_07_IND_LAC,IND,00-0040128,TE
2025,7,2025_07_IND_LAC,IND,00-0040179,RB
2025,7,2025_07_IND_LAC,LAC,00-0030279,WR
2025,7,2025_07_IND_LAC,LAC,00-0034159,TE
2025,7,2025_07_IND_LAC,LAC,00-0036355,QB
2025,7,2025_07_IND_LAC,LAC,00-0037617,RB
2025,7,2025_07_IND_LAC,LAC,00-0037654,TE
2025,7,2025_07_IND_LAC,LAC,00-0038544,WR
2025,7,2025_07_IND_LAC,LAC,00-0038573,WR
2025,7,2025_07_IND_LAC,LAC,00-0038614,RB
2025,7,2025_07_IND_LAC,LAC,00-0039391,RB
2025,7,2025_07_IND_LAC,LAC,00-0039915,WR
2025,7,2025_07_IND_LAC,LAC,00-0040189,TE
2025,7,2025_07_IND_LAC,LAC,00-0040727,WR
2025,7,2025_07_LA_JAX,JAX,00-0033246,TE
2025,7,2025_07_LA_JAX,JAX,00-0033375,WR
2025,7,2025_07_LA_JAX,JAX,00-0036626,WR
2025,7,2025_07_LA_JAX,JAX,00-0036971,QB
2025,7,2025_07_LA_JAX,JAX,00-0036973,RB
2025,7,2025_07_LA_JAX,JAX,00-0037004,TE
2025,7,2025_07_LA_JAX,JAX,00-0038606,WR
2025,7,2025_07_LA_JAX,JAX,00-0039893,WR
2025,7,2025_07_LA_JAX,JAX,00-0040238,RB
2025,7,2025_07_LA_JAX,JAX,00-0040718,WR
2025,7,2025_07_LA_JAX,JAX,00-0040719,RB
2025,7,2025_07_LA_JAX,LA,00-0026498,QB
2025,7,2025_07_LA_JAX,LA,00-0031345,QB
2025,7,2025_07_LA_JAX,LA,00-0031381,WR
2025,7,2025_07_LA_JAX,LA,00-0033110,TE
2025,7,2025_07_LA_JAX,LA,00-0036244,TE
2025,7,2025_07_LA_JAX,LA,00-0036849,WR
2025,7,2025_07_LA_JAX,LA,00-0037557,RB
2025,7,2025_07_LA_JAX,LA,00-0037840,RB
2025,7,2025_07_LA_JAX,LA,00-0038359,WR
2025,7,2025_07_LA_JAX,LA,00-0039074,TE
2025,7,2025_07_LA_JAX,LA,00-0039738,RB
2025,7,2025_07_LA_JAX,LA,00-0039751,WR
2025,7,2025_07_LA_JAX,LA,00-0040590,WR
2025,7,2025_07_LA_JAX,LA,00-0040737,TE
2025,7,2025_07_LV_KC,KC,00-0030506,TE
2025,7,2025_07_LV_KC,KC,00-0033757,TE
2025,7,2025_07_LV_KC,KC,00-0033857,WR
2025,7,2025_07_LV_KC,KC,00-0033873,QB
2025,7,2025_07_LV_KC,KC,00-0033923,RB
2025,7,2025_07_LV_KC,KC,00-0035289,QB
2025,7,2025_07_LV_KC,KC,00-0035662,WR
2025,7,2025_07_LV_KC,KC,00-0036637,TE
2025,7,2025_07_LV_KC,KC,00-0037197,RB
2025,7,2025_07_LV_KC,KC,00-0038104,WR
2025,7,2025_07_LV_KC,KC,00-0038519,WR
2025,7,2025_07_LV_KC,KC,00-0039067,WR
2025,7,2025_07_LV_KC,KC,00-0039894,WR
2025,7,2025_07_LV_KC,KC,00-0040078,RB
2025,7,2025_07_LV_KC,KC,00-0040646,WR
2025,7,2025_07_LV_KC,LV,00-0030565,QB
2025,7,2025_07_LV_KC,LV,00-0031687,RB
2025,7,2025_07_LV_KC,LV,00-0034365,TE
2025,7,2025_07_LV_KC,LV,00-0035602,WR
2025,7,2025_07_LV_KC,LV,00-0038102,QB
2025,7,2025_07_LV_KC,LV,00-0038563,WR
2025,7,2025_07_LV_KC,LV,00-0038590,WR
2025,7,2025_07_LV_KC,LV,00-0038891,WR
2025,7,2025_07_LV_KC,LV,00-0039066,TE
2025,7,2025_07_LV_KC,LV,00-0039407,RB
2025,7,2025_07_LV_KC,LV,00-0040122,RB
2025,7,2025_07_LV_KC,LV,00-0040488,TE
2025,7,2025_07_LV_KC,LV,00-0040581,WR
2025,7,2025_07_LV_KC,LV,00-0040729,WR
2025,7,2025_07_MIA_CLE,CLE,00-0036407,WR
2025,7,2025_07_MIA_CLE,CLE,00-0037267,RB
2025,7,2025_07_MIA_CLE,CLE,00-0038710,TE
2025,7,2025_07_MIA_CLE,CLE,00-0039379,WR
2025,7,2025_07_MIA_CLE,CLE,00-0039920,WR
2025,7,2025_07_MIA_CLE,CLE,00-0040162,RB
2025,7,2025_07_MIA_CLE,CLE,00-0040259,WR
2025,7,2025_07_MIA_CLE,CLE,00-0040663,TE
2025,7,2025_07_MIA_CLE,CLE,00-0040704,QB
2025,7,2025_07_MIA_CLE,CLE,00-0040782,WR
2025,7,2025_07_MIA_CLE,CLE,00-0040784,RB
2025,7,2025_07_MIA_CLE,MIA,00-0031610,TE
2025,7,2025_07_MIA_CLE,MIA,00-0035125,RB
2025,7,2025_07_MIA_CLE,MIA,00-0036182,WR
2025,7,2025_07_MIA_CLE,MIA,00-0036212,QB
2025,7,2025_07_MIA_CLE,MIA,00-0036613,WR
2025,7,2025_07_MIA_CLE,MIA,00-0036620,WR
2025,7,2025_07_MIA_CLE,MIA,00-0037348,TE
2025,7,2025_07_MIA_CLE,MIA,00-0038720,TE
2025,7,2025_07_MIA_CLE,MIA,00-0039040,RB
2025,7,2025_07_MIA_CLE,MIA,00-0039874,RB
2025,7,2025_07_MIA_CLE,MIA,00-0039880,WR
2025,7,2025_07_MIA_CLE,MIA,00-0040198,RB
2025,7,2025_07_MIA_CLE,MIA,00-0040234,QB
2025,7,2025_07_NE_TEN,NE,00-0031588,WR
2025,7,2025_07_NE_TEN,NE,00-0032392,TE
2025,7,2025_07_NE_TEN,NE,00-0033090,TE
2025,7,2025_07_NE_TEN,NE,00-0033555,WR
2025,7,2025_07_NE_TEN,NE,00-0033949,QB
2025,7,2025_07_NE_TEN,NE,00-0036875,RB
2025,7,2025_07_NE_TEN,NE,00-0038608,WR
2025,7,2025_07_NE_TEN,NE,00-0038621,WR
2025,7,2025_07_NE_TEN,NE,00-0039305,RB
2025,7,2025_07_NE_TEN,NE,00-0039757,RB
2025,7,2025_07_NE_TEN,NE,00-0039851,QB
2025,7,2025_07_NE_TEN,NE,00-0040131,WR
2025,7,2025_07_NE_TEN,NE,00-0040563,WR
2025,7,2025_07_NE_TEN,NE,00-0040734,RB
2025,7,2025_07_NE_TEN,TEN,00-0032211,WR
2025,7,2025_07_NE_TEN,TEN,00-0035261,RB
2025,7,2025_07_NE_TEN,TEN,00-0036176,WR
2025,7,2025_07_NE_TEN,TEN,00-0036415,WR
2025,7,2025_07_NE_TEN,TEN,00-0037809,TE
2025,7,2025_07_NE_TEN,TEN,00-0039032,RB
2025,7,2025_07_NE_TEN,TEN,00-0039648,TE
2025,7,2025_07_NE_TEN,TEN,00-0040170,WR
2025,7,2025_07_NE_TEN,TEN,00-0040584,TE
2025,7,2025_07_NE_TEN,TEN,00-0040676,QB
2025,7,2025_07_NE_TEN,TEN,00-0040705,WR
2025,7,2025_07_NO_CHI,CHI,00-0034798,TE
2025,7,2025_07_NO_CHI,CHI,00-0034827,WR
2025,7,2025_07_NO_CHI,CHI,00-0035208,WR
2025,7,2025_07_NO_CHI,CHI,00-0036275,RB
2025,7,2025_07_NO_CHI,CHI,00-0036290,TE
2025,7,2025_07_NO_CHI,CHI,00-0039021,RB
2025,7,2025_07_NO_CHI,CHI,00-0039918,QB
2025,7,2025_07_NO_CHI,CHI,00-0039919,WR
2025,7,2025_07_NO_CHI,CHI,00-0040126,TE
2025,7,2025_07_NO_CHI,CHI,00-0040236,RB
2025,7,2025_07_NO_CHI,CHI,00-0040735,WR
2025,7,2025_07_NO_CHI,NO,00-0031236,WR
2025,7,2025_07_NO_CHI,NO,00-0033357,QB
2025,7,2025_07_NO_CHI,NO,00-0033906,RB
2025,7,2025_07_NO_CHI,NO,00-0034981,TE
2025,7,2025_07_NO_CHI,NO,00-0036040,TE
2025,7,2025_07_NO_CHI,NO,00-0036741,TE
2025,7,2025_07_NO_CHI,NO,00-0037239,WR
2025,7,2025_07_NO_CHI,NO,00-0037545,WR
2025,7,2025_07_NO_CHI,NO,00-0038551,RB
2025,7,2025_07_NO_CHI,NO,00-0039376,QB
2025,7,2025_07_NO_CHI,NO,00-0039424,WR
2025,7,2025_07_NO_CHI,NO,00-0039623,WR
2025,7,2025_07_NO_CHI,NO,00-0040202,RB
2025,7,2025_07_NYG_DEN,DEN,00-0033881,TE
2025,7,2025_07_NYG_DEN,DEN,00-0034348,WR
2025,7,2025_07_NYG_DEN,DEN,00-0034487,WR
2025,7,2025_07_NYG_DEN,DEN,00-0036158,RB
2025,7,2025_07_NYG_DEN,DEN,00-0036422,TE
2025,7,2025_07_NYG_DEN,DEN,00-0036727,RB
2025,7,2025_07_NYG_DEN,DEN,00-0037085,RB
2025,7,2025_07_NYG_DEN,DEN,00-0038783,TE
2025,7,2025_07_NYG_DEN,DEN,00-0038976,WR
2025,7,2025_07_NYG_DEN,DEN,00-0039732,QB
2025,7,2025_07_NYG_DEN,DEN,00-0039868,WR
2025,7,2025_07_NYG_DEN,DEN,00-0040134,WR
2025,7,2025_07_NYG_DEN,DEN,00-0040730,RB
2025,7,2025_07_NYG_DEN,NYG,00-0031484,TE
2025,7,2025_07_NYG_DEN,NYG,00-0035250,RB
2025,7,2025_07_NYG_DEN,NYG,00-0035406,WR
2025,7,2025_07_NYG_DEN,NYG,00-0035645,WR
2025,7,2025_07_NYG_DEN,NYG,00-0038115,TE
2025,7,2025_07_NYG_DEN,NYG,00-0038117,WR
2025,7,2025_07_NYG_DEN,NYG,00-0038938,WR
2025,7,2025_07_NYG_DEN,NYG,00-0039384,RB
2025,7,2025_07_NYG_DEN,NYG,00-0039847,TE
2025,7,2025_07_NYG_DEN,NYG,00-0040225,TE
2025,7,2025_07_NYG_DEN,NYG,00-0040432,WR
2025,7,2025_07_NYG_DEN,NYG,00-0040691,QB
2025,7,2025_07_NYG_DEN,NYG,00-0040715,RB
2025,7,2025_07_PHI_MIN,MIN,00-0030035,WR
2025,7,2025_07_PHI_MIN,MIN,00-0032918,RB
2025,7,2025_07_PHI_MIN,MIN,00-0032950,QB
2025,7,2025_07_PHI_MIN,MIN,00-0035229,TE
2025,7,2025_07_PHI_MIN,MIN,00-0035249,TE
2025,7,2025_07_PHI_MIN,MIN,00-0036322,WR
2025,7,2025_07_PHI_MIN,MIN,00-0037291,WR
2025,7,2025_07_PHI_MIN,MIN,00-0037525,RB
2025,7,2025_07_PHI_MIN,MIN,00-0038440,RB
2025,7,2025_07_PHI_MIN,MIN,00-0038994,WR
2025,7,2025_07_PHI_MIN,MIN,00-0040509,TE
2025,7,2025_07_PHI_MIN,PHI,00-0034351,TE
2025,7,2025_07_PHI_MIN,PHI,00-0034844,RB
2025,7,2025_07_PHI_MIN,PHI,00-0035676,WR
2025,7,2025_07_PHI_MIN,PHI,00-0036389,QB
2025,7,2025_07_PHI_MIN,PHI,00-0036876,TE
2025,7,2025_07_PHI_MIN,PHI,00-0036912,WR
2025,7,2025_07_PHI_MIN,PHI,00-0037741,WR
2025,7,2025_07_PHI_MIN,PHI,00-0038498,TE
2025,7,2025_07_PHI_MIN,PHI,00-0038555,RB
2025,7,2025_07_PHI_MIN,PHI,00-0038564,TE
2025,7,2025_07_PHI_MIN,PHI,00-0039746,RB
2025,7,2025_07_PIT_CIN,CIN,00-0026158,QB
2025,7,2025_07_PIT_CIN,CIN,00-0035631,TE
2025,7,2025_07_PIT_CIN,CIN,00-0035644,TE
2025,7,2025_07_PIT_CIN,CIN,00-0036410,WR
2025,7,2025_07_PIT_CIN,CIN,00-0036900,WR
2025,7,2025_07_PIT_CIN,CIN,00-0038619,WR
2025,7,2025_07_PIT_CIN,CIN,00-0038839,WR
2025,7,2025_07_PIT_CIN,CIN,00-0039631,TE
2025,7,2025_07_PIT_CIN,PIT,00-0023459,QB
2025,7,2025_07_PIT_CIN,PIT,00-0033858,TE
2025,7,2025_07_PIT_CIN,PIT,00-0035298,WR
2025,7,2025_07_PIT_CIN,PIT,00-0035640,WR
2025,7,2025_07_PIT_CIN,PIT,00-0036862,WR
2025,7,2025_07_PIT_CIN,PIT,00-0036894,TE
2025,7,2025_07_PIT_CIN,PIT,00-0036919,RB
2025,7,2025_07_PIT_CIN,PIT,00-0037228,RB
2025,7,2025_07_PIT_CIN,PIT,00-0037304,TE
2025,7,2025_07_PIT_CIN,PIT,00-0038558,TE
2025,7,2025_07_PIT_CIN,PIT,00-0039739,WR
2025,7,2025_07_TB_DET,DET,00-0032464,WR
2025,7,2025_07_TB_DET,DET,00-0033106,QB
2025,7,2025_07_TB_DET,DET,00-0034073,TE
2025,7,2025_07_TB_DET,DET,00-0035685,RB
2025,7,2025_07_TB_DET,DET,00-0036754,TE
2025,7,2025_07_TB_DET,DET,00-0036963,WR
2025,7,2025_07_TB_DET,DET,00-0037240,WR
2025,7,2025_07_TB_DET,DET,00-0039065,TE
2025,7,2025_07_TB_DET,DET,00-0039139,RB
2025,7,2025_07_TB_DET,DET,00-0040669,WR
2025,7,2025_07_TB_DET,TB,00-0031237,QB
2025,7,2025_07_TB_DET,TB,00-0031408,WR
2025,7,2025_07_TB_DET,TB,00-0032385,WR
2025,7,2025_07_TB_DET,TB,00-0034855,QB
2025,7,2025_07_TB_DET,TB,00-0037256,RB
2025,7,2025_07_TB_DET,TB,00-0038129,TE
2025,7,2025_07_TB_DET,TB,00-0038824,WR
2025,7,2025_07_TB_DET,TB,00-0038951,RB
2025,7,2025_07_TB_DET,TB,00-0039050,TE
2025,7,2025_07_TB_DET,TB,00-0039589,WR
2025,7,2025_07_TB_DET,TB,00-0039754,TE
2025,7,2025_07_TB_DET,TB,00-0040129,WR
2025,7,2025_07_TB_DET,TB,00-0040237,WR
2025,7,2025_07_WAS_DAL,DAL,00-0033077,QB
2025,7,2025_07_WAS_DAL,DAL,00-0036358,WR
2025,7,2025_07_WAS_DAL,DAL,00-0036997,RB
2025,7,2025_07_WAS_DAL,DAL,00-0037247,WR
2025,7,2025_07_WAS_DAL,DAL,00-0037563,RB
2025,7,2025_07_WAS_DAL,DAL,00-0037666,WR
2025,7,2025_07_WAS_DAL,DAL,00-0037801,WR
2025,7,2025_07_WAS_DAL,DAL,00-0038041,TE
2025,7,2025_07_WAS_DAL,DAL,00-0038547,TE
2025,7,2025_07_WAS_DAL,DAL,00-0038738,RB
2025,7,2025_07_WAS_DAL,DAL,00-0039410,WR
2025,7,2025_07_WAS_DAL,DAL,00-0039530,TE
2025,7,2025_07_WAS_DAL,DAL,00-0040586,RB
2025,7,2025_07_WAS_DAL,WAS,00-0030061,TE
2025,7,2025_07_WAS_DAL,WAS,00-0032268,QB
2025,7,2025_07_WAS_DAL,WAS,00-0032398,WR
2025,7,2025_07_WAS_DAL,WAS,00-0032688,WR
2025,7,2025_07_WAS_DAL,WAS,00-0033955,RB
2025,7,2025_07_WAS_DAL,WAS,00-0036628,TE
2025,7,2025_07_WAS_DAL,WAS,00-0038611,RB
2025,7,2025_07_WAS_DAL,WAS,00-0039355,WR
2025,7,2025_07_WAS_DAL,WAS,00-0039686,TE
2025,7,2025_07_WAS_DAL,WAS,00-0039910,QB
2025,7,2025_07_WAS_DAL,WAS,00-0039912,TE
2025,7,2025_07_WAS_DAL,WAS,00-0040164,WR
2025,7,2025_07_WAS_DAL,WAS,00-0040242,RB
2025,8,2025_08_BUF_CAR,BUF,00-0033282,WR
2025,8,2025_08_BUF_CAR,BUF,00-0033869,QB
2025,8,2025_08_BUF_CAR,BUF,00-0034857,QB
2025,8,2025_08_BUF_CAR,BUF,00-0035537,RB
2025,8,2025_08_BUF_CAR,BUF,00-0035689,TE
2025,8,2025_08_BUF_CAR,BUF,00-0036187,RB
2025,8,2025_08_BUF_CAR,BUF,00-0036980,WR
2025,8,2025_08_BUF_CAR,BUF,00-0037248,RB
2025,8,2025_08_BUF_CAR,BUF,00-0037261,WR
2025,8,2025_08_BUF_CAR,BUF,00-0038679,WR
2025,8,2025_08_BUF_CAR,BUF,00-0038933,TE
2025,8,2025_08_BUF_CAR,BUF,00-0039875,RB
2025,8,2025_08_BUF_CAR,BUF,00-0039901,WR
2025,8,2025_08_BUF_CAR,BUF,00-0040194,TE
2025,8,2025_08_BUF_CAR,CAR,00-0027973,QB
2025,8,2025_08_BUF_CAR,CAR,00-0036139,RB
2025,8,2025_08_BUF_CAR,CAR,00-0036555,RB
2025,8,2025_08_BUF_CAR,CAR,00-0037005,TE
2025,8,2025_08_BUF_CAR,CAR,00-0038840,WR
2025,8,2025_08_BUF_CAR,CAR,00-0039342,WR
2025,8,2025_08_BUF_CAR,CAR,00-0039356,TE
2025,8,2025_08_BUF_CAR,CAR,00-0039491,WR
2025,8,2025_08_BUF_CAR,CAR,00-0040124,WR
2025,8,2025_08_BUF_CAR,CAR,00-0040187,TE
2025,8,2025_08_BUF_CAR,CAR,00-0040218,WR
2025,8,2025_08_BUF_CAR,CAR,00-0040644,RB
2025,8,2025_08_CHI_BAL,BAL,00-0030564,WR
2025,8,2025_08_CHI_BAL,BAL,00-0032764,RB
2025,8,2025_08_CHI_BAL,BAL,00-0033376,RB
2025,8,2025_08_CHI_BAL,BAL,00-0034753,TE
2025,8,2025_08_CHI_BAL,BAL,00-0034975,RB
2025,8,2025_08_CHI_BAL,BAL,00-0035993,QB
2025,8,2025_08_CHI_BAL,BAL,00-0036550,WR
2025,8,2025_08_CHI_BAL,BAL,00-0036630,WR
2025,8,2025_08_CHI_BAL,BAL,00-0037838,TE
2025,8,2025_08_CHI_BAL,BAL,00-0038046,TE
2025,8,2025_08_CHI_BAL,BAL,00-0038454,RB
2025,8,2025_08_CHI_BAL,BAL,00-0039064,WR
2025,8,2025_08_CHI_BAL,CHI,00-0034798,TE
2025,8,2025_08_CHI_BAL,CHI,00-0034827,WR
2025,8,2025_08_CHI_BAL,CHI,00-0035039,TE
2025,8,2025_08_CHI_BAL,CHI,00-0035208,WR
2025,8,2025_08_CHI_BAL,CHI,00-0036275,RB
2025,8,2025_08_CHI_BAL,CHI,00-0036331,WR
2025,8,2025_08_CHI_BAL,CHI,00-0039918,QB
2025,8,2025_08_CHI_BAL,CHI,00-0039919,WR
2025,8,2025_08_CHI_BAL,CHI,00-0040126,TE
2025,8,2025_08_CHI_BAL,CHI,00-0040236,RB
2025,8,2025_08_CHI_BAL,CHI,00-0040277,WR
2025,8,2025_08_CHI_BAL,CHI,00-0040735,WR
2025,8,2025_08_CLE_NE,CLE,00-0033885,TE
2025,8,2025_08_CLE_NE,CLE,00-0036407,WR
2025,8,2025_08_CLE_NE,CLE,00-0037267,RB
2025,8,2025_08_CLE_NE,CLE,00-0038710,TE
2025,8,2025_08_CLE_NE,CLE,00-0039379,WR
2025,8,2025_08_CLE_NE,CLE,00-0039920,WR
2025,8,2025_08_CLE_NE,CLE,00-0040162,RB
2025,8,2025_08_CLE_NE,CLE,00-0040259,WR
2025,8,2025_08_CLE_NE,CLE,00-0040663,TE
2025,8,2025_08_CLE_NE,CLE,00-0040704,QB
2025,8,2025_08_CLE_NE,CLE,00-0040782,WR
2025,8,2025_08_CLE_NE,CLE,00-0040784,RB
2025,8,2025_08_CLE_NE,NE,00-0031588,WR
2025,8,2025_08_CLE_NE,NE,00-0032392,TE
2025,8,2025_08_CLE_NE,NE,00-0033090,TE
2025,8,2025_08_CLE_NE,NE,00-0033555,WR
2025,8,2025_08_CLE_NE,NE,00-0036875,RB
2025,8,2025_08_CLE_NE,NE,00-0038608,WR
2025,8,2025_08_CLE_NE,NE,00-0038621,WR
2025,8,2025_08_CLE_NE,NE,00-0039305,RB
2025,8,2025_08_CLE_NE,NE,00-0039757,RB
2025,8,2025_08_CLE_NE,NE,00-0039851,QB
2025,8,2025_08_CLE_NE,NE,00-0040131,WR
2025,8,2025_08_CLE_NE,NE,00-0040734,RB
2025,8,2025_08_DAL_DEN,DAL,00-0033077,QB
2025,8,2025_08_DAL_DEN,DAL,00-0036358,WR
2025,8,2025_08_DAL_DEN,DAL,00-0036997,RB
2025,8,2025_08_DAL_DEN,DAL,00-0037247,WR
2025,8,2025_08_DAL_DEN,DAL,00-0037563,RB
2025,8,2025_08_DAL_DEN,DAL,00-0037666,WR
2025,8,2025_08_DAL_DEN,DAL,00-0037801,WR
2025,8,2025_08_DAL_DEN,DAL,00-0038041,TE
2025,8,2025_08_DAL_DEN,DAL,00-0038547,TE
2025,8,2025_08_DAL_DEN,DAL,00-0038738,RB
2025,8,2025_08_DAL_DEN,DAL,00-0039398,QB
2025,8,2025_08_DAL_DEN,DAL,00-0039410,WR
2025,8,2025_08_DAL_DEN,DAL,00-0039530,TE
2025,8,2025_08_DAL_DEN,DAL,00-0040586,RB
2025,8,2025_08_DAL_DEN,DEN,00-0033881,TE
2025,8,2025_08_DAL_DEN,DEN,00-0034348,WR
2025,8,2025_08_DAL_DEN,DEN,00-0034487,WR
2025,8,2025_08_DAL_DEN,DEN,00-0035264,QB
2025,8,2025_08_DAL_DEN,DEN,00-0036158,RB
2025,8,2025_08_DAL_DEN,DEN,00-0036422,TE
2025,8,2025_08_DAL_DEN,DEN,00-0036727,RB
2025,8,2025_08_DAL_DEN,DEN,00-0037085,RB
2025,8,2025_08_DAL_DEN,DEN,00-0038783,TE
2025,8,2025_08_DAL_DEN,DEN,00-0038976,WR
2025,8,2025_08_DAL_DEN,DEN,00-0039732,QB
2025,8,2025_08_DAL_DEN,DEN,00-0039868,WR
2025,8,2025_08_DAL_DEN,DEN,00-0040134,WR
2025,8,2025_08_DAL_DEN,DEN,00-0040730,RB
2025,8,2025_08_GB_PIT,GB,00-0035700,RB
2025,8,2025_08_GB_PIT,GB,00-0036264,QB
2025,8,2025_08_GB_PIT,GB,00-0037306,TE
2025,8,2025_08_GB_PIT,GB,00-0037816,WR
2025,8,2025_08_GB_PIT,GB,00-0038124,WR
2025,8,2025_08_GB_PIT,GB,00-0038465,WR
2025,8,2025_08_GB_PIT,GB,00-0038685,RB
2025,8,2025_08_GB_PIT,GB,00-0038797,RB
2025,8,2025_08_GB_PIT,GB,00-0038996,TE
2025,8,2025_08_GB_PIT,GB,00-0039144,TE
2025,8,2025_08_GB_PIT,GB,00-0040009,WR
2025,8,2025_08_GB_PIT,GB,00-0040667,WR
2025,8,2025_08_GB_PIT,PIT,00-0023459,QB
2025,8,2025_08_GB_PIT,PIT,00-0033858,TE
2025,8,2025_08_GB_PIT,PIT,00-0035640,WR
2025,8,2025_08_GB_PIT,PIT,00-0036862,WR
2025,8,2025_08_GB_PIT,PIT,00-0036894,TE
2025,8,2025_08_GB_PIT,PIT,00-0036919,RB
2025,8,2025_08_GB_PIT,PIT,00-0037228,RB
2025,8,2025_08_GB_PIT,PIT,00-0037304,TE
2025,8,2025_08_GB_PIT,PIT,00-0037837,WR
2025,8,2025_08_GB_PIT,PIT,00-0038558,TE
2025,8,2025_08_GB_PIT,PIT,00-0039739,WR
2025,8,2025_08_GB_PIT,PIT,00-0040534,WR
2025,8,2025_08_MIA_ATL,ATL,00-0029604,QB
2025,8,2025_08_MIA_ATL,ATL,00-0033572,WR
2025,8,2025_08_MIA_ATL,ATL,00-0034854,WR
2025,8,2025_08_MIA_ATL,ATL,00-0035359,WR
2025,8,2025_08_MIA_ATL,ATL,00-0036309,WR
2025,8,2025_08_MIA_ATL,ATL,00-0036429,TE
2025,8,2025_08_MIA_ATL,ATL,00-0036970,TE
2025,8,2025_08_MIA_ATL,ATL,00-0037263,RB
2025,8,2025_08_MIA_ATL,ATL,00-0037277,TE
2025,8,2025_08_MIA_ATL,ATL,00-0038542,RB
2025,8,2025_08_MIA_ATL,ATL,00-0038953,WR
2025,8,2025_08_MIA_ATL,ATL,00-0039394,WR
2025,8,2025_08_MIA_ATL,MIA,00-0034418,WR
2025,8,2025_08_MIA_ATL,MIA,00-0035125,RB
2025,8,2025_08_MIA_ATL,MIA,00-0036182,WR
2025,8,2025_08_MIA_ATL,MIA,00-0036212,QB
2025,8,2025_08_MIA_ATL,MIA,00-0036613,WR
2025,8,2025_08_MIA_ATL,MIA,00-0036620,WR
2025,8,2025_08_MIA_ATL,MIA,00-0037013,QB
2025,8,2025_08_MIA_ATL,MIA,00-0037252,TE
2025,8,2025_08_MIA_ATL,MIA,00-0037348,TE
2025,8,2025_08_MIA_ATL,MIA,00-0039040,RB
2025,8,2025_08_MIA_ATL,MIA,00-0039489,TE
2025,8,2025_08_MIA_ATL,MIA,00-0039874,RB
2025,8,2025_08_MIA_ATL,MIA,00-0039880,WR
2025,8,2025_08_MIA_ATL,MIA,00-0040198,RB
2025,8,2025_08_MIN_LAC,LAC,00-0030279,WR
2025,8,2025_08_MIN_LAC,LAC,00-0034270,TE
2025,8,2025_08_MIN_LAC,LAC,00-0034367,RB
2025,8,2025_08_MIN_LAC,LAC,00-0036355,QB
2025,8,2025_08_MIN_LAC,LAC,00-0036755,RB
2025,8,2025_08_MIN_LAC,LAC,00-0037654,TE
2025,8,2025_08_MIN_LAC,LAC,00-0038544,WR
2025,8,2025_08_MIN_LAC,LAC,00-0038573,WR
2025,8,2025_08_MIN_LAC,LAC,00-0038614,RB
2025,8,2025_08_MIN_LAC,LAC,00-0039391,RB
2025,8,2025_08_MIN_LAC,LAC,00-0039915,WR
2025,8,2025_08_MIN_LAC,LAC,00-0040189,TE
2025,8,2025_08_MIN_LAC,LAC,00-0040727,WR
2025,8,2025_08_MIN_LAC,MIN,00-0030035,WR
2025,8,2025_08_MIN_LAC,MIN,00-0032950,QB
2025,8,2025_08_MIN_LAC,MIN,00-0033293,RB
2025,8,2025_08_MIN_LAC,MIN,00-0035229,TE
2025,8,2025_08_MIN_LAC,MIN,00-0035249,TE
2025,8,2025_08_MIN_LAC,MIN,00-0036322,WR
2025,8,2025_08_MIN_LAC,MIN,00-0037291,WR
2025,8,2025_08_MIN_LAC,MIN,00-0037525,RB
2025,8,2025_08_MIN_LAC,MIN,00-0038440,RB
2025,8,2025_08_MIN_LAC,MIN,00-0038994,WR
2025,8,2025_08_MIN_LAC,MIN,00-0040154,WR
2025,8,2025_08_MIN_LAC,MIN,00-0040494,QB
2025,8,2025_08_MIN_LAC,MIN,00-0040509,TE
2025,8,2025_08_NYG_PHI,NYG,00-0031484,TE
2025,8,2025_08_NYG_PHI,NYG,00-0035250,RB
2025,8,2025_08_NYG_PHI,NYG,00-0035406,WR
2025,8,2025_08_NYG_PHI,NYG,00-0035535,WR
2025,8,2025_08_NYG_PHI,NYG,00-0038115,TE
2025,8,2025_08_NYG_PHI,NYG,00-0038117,WR
2025,8,2025_08_NYG_PHI,NYG,00-0039384,RB
2025,8,2025_08_NYG_PHI,NYG,00-0039847,TE
2025,8,2025_08_NYG_PHI,NYG,00-0040432,WR
2025,8,2025_08_NYG_PHI,NYG,00-0040691,QB
2025,8,2025_08_NYG_PHI,NYG,00-0040715,RB
2025,8,2025_08_NYG_PHI,PHI,00-0034351,TE
2025,8,2025_08_NYG_PHI,PHI,00-0034844,RB
2025,8,2025_08_NYG_PHI,PHI,00-0036389,QB
2025,8,2025_08_NYG_PHI,PHI,00-0036876,TE
2025,8,2025_08_NYG_PHI,PHI,00-0036912,WR
2025,8,2025_08_NYG_PHI,PHI,00-0037086,TE
2025,8,2025_08_NYG_PHI,PHI,00-0037614,WR
2025,8,2025_08_NYG_PHI,PHI,00-0037741,WR
2025,8,2025_08_NYG_PHI,PHI,00-0038400,QB
2025,8,2025_08_NYG_PHI,PHI,00-0038496,WR
2025,8,2025_08_NYG_PHI,PHI,00-0038555,RB
2025,8,2025_08_NYG_PHI,PHI,00-0038564,TE
2025,8,2025_08_NYG_PHI,PHI,00-0039746,RB
2025,8,2025_08_NYG_PHI,PHI,00-0040024,WR
2025,8,2025_08_NYJ_CIN,CIN,00-0026158,QB
2025,8,2025_08_NYJ_CIN,CIN,00-0034613,TE
2025,8,2025_08_NYJ_CIN,CIN,00-0035631,TE
2025,8,2025_08_NYJ_CIN,CIN,00-0035644,TE
2025,8,2025_08_NYJ_CIN,CIN,00-0036410,WR
2025,8,2025_08_NYJ_CIN,CIN,00-0036900,WR
2025,8,2025_08_NYJ_CIN,CIN,00-0038619,WR
2025,8,2025_08_NYJ_CIN,CIN,00-0038839,WR
2025,8,2025_08_NYJ_CIN,NYJ,00-0034521,WR
2025,8,2025_08_NYJ_CIN,NYJ,00-0034959,RB
2025,8,2025_08_NYJ_CIN,NYJ,00-0036427,WR
2025,8,2025_08_NYJ_CIN,NYJ,00-0036775,WR
2025,8,2025_08_NYJ_CIN,NYJ,00-0036945,QB
2025,8,2025_08_NYJ_CIN,NYJ,00-0037755,TE
2025,8,2025_08_NYJ_CIN,NYJ,00-0037805,TE
2025,8,2025_08_NYJ_CIN,NYJ,00-0038120,RB
2025,8,2025_08_NYJ_CIN,NYJ,00-0039451,WR
2025,8,2025_08_NYJ_CIN,NYJ,00-0039798,RB
2025,8,2025_08_NYJ_CIN,NYJ,00-0040582,WR
2025,8,2025_08_NYJ_CIN,NYJ,00-0040736,TE
2025,8,2025_08_SF_HOU,HOU,00-0033854,RB
2025,8,2025_08_SF_HOU,HOU,00-0034383,TE
2025,8,2025_08_SF_HOU,HOU,00-0034419,WR
2025,8,2025_08_SF_HOU,HOU,00-0034791,RB
2025,8,2025_08_SF_HOU,HOU,00-0036232,TE
2025,8,2025_08_SF_HOU,HOU,00-0038618,WR
2025,8,2025_08_SF_HOU,HOU,00-0038728,WR
2025,8,2025_08_SF_HOU,HOU,00-0039163,QB
2025,8,2025_08_SF_HOU,HOU,00-0039603,RB
2025,8,2025_08_SF_HOU,HOU,00-0040130,WR
2025,8,2025_08_SF_HOU,HOU,00-0040138,WR
2025,8,2025_08_SF_HOU,HOU,00-0040583,RB
2025,8,2025_08_SF_HOU,SF,00-0029892,RB
2025,8,2025_08_SF_HOU,SF,00-0032775,WR
2025,8,2025_08_SF_HOU,SF,00-0033280,RB
2025,8,2025_08_SF_HOU,SF,00-0033288,TE
2025,8,2025_08_SF_HOU,SF,00-0033307,WR
2025,8,2025_08_SF_HOU,SF,00-0036259,WR
2025,8,2025_08_SF_HOU,SF,00-0036887,TE
2025,8,2025_08_SF_HOU,SF,00-0036972,QB
2025,8,2025_08_SF_HOU,SF,00-0037112,TE
2025,8,2025_08_SF_HOU,SF,00-0037746,RB
2025,8,2025_08_SF_HOU,SF,00-0038090,WR
2025,8,2025_08_SF_HOU,SF,00-0040172,WR
2025,8,2025_08_TB_NO,NO,00-0031236,WR
2025,8,2025_08_TB_NO,NO,00-0033357,QB
2025,8,2025_08_TB_NO,NO,00-0033906,RB
2025,8,2025_08_TB_NO,NO,00-0034981,TE
2025,8,2025_08_TB_NO,NO,00-0036040,TE
2025,8,2025_08_TB_NO,NO,00-0036741,TE
2025,8,2025_08_TB_NO,NO,00-0037239,WR
2025,8,2025_08_TB_NO,NO,00-0037545,WR
2025,8,2025_08_TB_NO,NO,00-0039376,QB
2025,8,2025_08_TB_NO,NO,00-0039424,WR
2025,8,2025_08_TB_NO,NO,00-0039623,WR
2025,8,2025_08_TB_NO,NO,00-0040202,RB
2025,8,2025_08_TB_NO,NO,00-0040743,QB
2025,8,2025_08_TB_NO,TB,00-0031237,QB
2025,8,2025_08_TB_NO,TB,00-0032385,WR
2025,8,2025_08_TB_NO,TB,00-0034855,QB
2025,8,2025_08_TB_NO,TB,00-0037256,RB
2025,8,2025_08_TB_NO,TB,00-0038129,TE
2025,8,2025_08_TB_NO,TB,00-0038824,WR
2025,8,2025_08_TB_NO,TB,00-0038951,RB
2025,8,2025_08_TB_NO,TB,00-0039050,TE
2025,8,2025_08_TB_NO,TB,00-0039589,WR
2025,8,2025_08_TB_NO,TB,00-0039754,TE
2025,8,2025_08_TB_NO,TB,00-0040129,WR
2025,8,2025_08_TB_NO,TB,00-0040237,WR
2025,8,2025_08_TB_NO,TB,00-0040429,RB
2025,8,2025_08_TEN_IND,IND,00-0032104,RB
2025,8,2025_08_TEN_IND,IND,00-0033217,TE
2025,8,2025_08_TEN_IND,IND,00-0035021,WR
2025,8,2025_08_TEN_IND,IND,00-0035710,QB
2025,8,2025_08_TEN_IND,IND,00-0036223,RB
2025,8,2025_08_TEN_IND,IND,00-0036252,WR
2025,8,2025_08_TEN_IND,IND,00-0037120,RB
2025,8,2025_08_TEN_IND,IND,00-0037292,TE
2025,8,2025_08_TEN_IND,IND,00-0037664,WR
2025,8,2025_08_TEN_IND,IND,00-0038997,WR
2025,8,2025_08_TEN_IND,IND,00-0039816,WR
2025,8,2025_08_TEN_IND,IND,00-0039890,WR
2025,8,2025_08_TEN_IND,IND,00-0040128,TE
2025,8,2025_08_TEN_IND,IND,00-0040206,QB
2025,8,2025_08_TEN_IND,TEN,00-0035261,RB
2025,8,2025_08_TEN_IND,TEN,00-0036133,WR
2025,8,2025_08_TEN_IND,TEN,00-0036176,WR
2025,8,2025_08_TEN_IND,TEN,00-0036415,WR
2025,8,2025_08_TEN_IND,TEN,00-0037594,RB
2025,8,2025_08_TEN_IND,TEN,00-0037809,TE
2025,8,2025_08_TEN_IND,TEN,00-0039032,RB
2025,8,2025_08_TEN_IND,TEN,00-0039648,TE
2025,8,2025_08_TEN_IND,TEN,00-0040170,WR
2025,8,2025_08_TEN_IND,TEN,00-0040584,TE
2025,8,2025_08_TEN_IND,TEN,00-0040676,QB
2025,8,2025_08_TEN_IND,TEN,00-0040705,WR
2025,8,2025_08_WAS_KC,KC,00-0030506,TE
2025,8,2025_08_WAS_KC,KC,00-0033757,TE
2025,8,2025_08_WAS_KC,KC,00-0033857,WR
2025,8,2025_08_WAS_KC,KC,00-0033873,QB
2025,8,2025_08_WAS_KC,KC,00-0033923,RB
2025,8,2025_08_WAS_KC,KC,00-0035662,WR
2025,8,2025_08_WAS_KC,KC,00-0036637,TE
2025,8,2025_08_WAS_KC,KC,00-0037197,RB
2025,8,2025_08_WAS_KC,KC,00-0038104,WR
2025,8,2025_08_WAS_KC,KC,00-0038519,WR
2025,8,2025_08_WAS_KC,KC,00-0039067,WR
2025,8,2025_08_WAS_KC,KC,00-0039894,WR
2025,8,2025_08_WAS_KC,KC,00-0040078,RB
2025,8,2025_08_WAS_KC,WAS,00-0030061,TE
2025,8,2025_08_WAS_KC,WAS,00-0032268,QB
2025,8,2025_08_WAS_KC,WAS,00-0032398,WR
2025,8,2025_08_WAS_KC,WAS,00-0033955,RB
2025,8,2025_08_WAS_KC,WAS,00-0035659,WR
2025,8,2025_08_WAS_KC,WAS,00-0035719,WR
2025,8,2025_08_WAS_KC,WAS,00-0036628,TE
2025,8,2025_08_WAS_KC,WAS,00-0038611,RB
2025,8,2025_08_WAS_KC,WAS,00-0039355,WR
2025,8,2025_08_WAS_KC,WAS,00-0039912,TE
2025,8,2025_08_WAS_KC,WAS,00-0040164,WR
2025,8,2025_08_WAS_KC,WAS,00-0040242,RB
2025,9,2025_09_ARI_DAL,ARI,00-0033119,QB
2025,9,2025_09_ARI_DAL,ARI,00-0033891,WR
2025,9,2025_09_ARI_DAL,ARI,00-0035500,WR
2025,9,2025_09_ARI_DAL,ARI,00-0036332,TE
2025,9,2025_09_ARI_DAL,ARI,00-0036646,WR
2025,9,2025_09_ARI_DAL,ARI,00-0037157,RB
2025,9,2025_09_ARI_DAL,ARI,00-0037744,TE
2025,9,2025_09_ARI_DAL,ARI,00-0038559,WR
2025,9,2025_09_ARI_DAL,ARI,00-0038705,RB
2025,9,2025_09_ARI_DAL,ARI,00-0039041,TE
2025,9,2025_09_ARI_DAL,ARI,00-0039521,WR
2025,9,2025_09_ARI_DAL,ARI,00-0039849,WR
2025,9,2025_09_ARI_DAL,DAL,00-0033077,QB
2025,9,2025_09_ARI_DAL,DAL,00-0036358,WR
2025,9,2025_09_ARI_DAL,DAL,00-0036997,RB
2025,9,2025_09_ARI_DAL,DAL,00-0037247,WR
2025,9,2025_09_ARI_DAL,DAL,00-0037563,RB
2025,9,2025_09_ARI_DAL,DAL,00-0037666,WR
2025,9,2025_09_ARI_DAL,DAL,00-0037801,WR
2025,9,2025_09_ARI_DAL,DAL,00-0038041,TE
2025,9,2025_09_ARI_DAL,DAL,00-0038547,TE
2025,9,2025_09_ARI_DAL,DAL,00-0038738,RB
2025,9,2025_09_ARI_DAL,DAL,00-0039410,WR
2025,9,2025_09_ARI_DAL,DAL,00-0039530,TE
2025,9,2025_09_ATL_NE,ATL,00-0034854,WR
2025,9,2025_09_ATL_NE,ATL,00-0035359,WR
2025,9,2025_09_ATL_NE,ATL,00-0036309,WR
2025,9,2025_09_ATL_NE,ATL,00-0036429,TE
2025,9,2025_09_ATL_NE,ATL,00-0036970,TE
2025,9,2025_09_ATL_NE,ATL,00-0037238,WR
2025,9,2025_09_ATL_NE,ATL,00-0037263,RB
2025,9,2025_09_ATL_NE,ATL,00-0038542,RB
2025,9,2025_09_ATL_NE,ATL,00-0038953,WR
2025,9,2025_09_ATL_NE,ATL,00-0039917,QB
2025,9,2025_09_ATL_NE,NE,00-0031588,WR
2025,9,2025_09_ATL_NE,NE,00-0032392,TE
2025,9,2025_09_ATL_NE,NE,00-0033090,TE
2025,9,2025_09_ATL_NE,NE,00-0033555,WR
2025,9,2025_09_ATL_NE,NE,00-0038608,WR
2025,9,2025_09_ATL_NE,NE,00-0038621,WR
2025,9,2025_09_ATL_NE,NE,00-0039305,RB
2025,9,2025_09_ATL_NE,NE,00-0039757,RB
2025,9,2025_09_ATL_NE,NE,00-0039851,QB
2025,9,2025_09_ATL_NE,NE,00-0040131,WR
2025,9,2025_09_ATL_NE,NE,00-0040563,WR
2025,9,2025_09_ATL_NE,NE,00-0040734,RB
2025,9,2025_09_BAL_MIA,BAL,00-0030564,WR
2025,9,2025_09_BAL_MIA,BAL,00-0032764,RB
2025,9,2025_09_BAL_MIA,BAL,00-0033376,RB
2025,9,2025_09_BAL_MIA,BAL,00-0034753,TE
2025,9,2025_09_BAL_MIA,BAL,00-0034796,QB
2025,9,2025_09_BAL_MIA,BAL,00-0034975,RB
2025,9,2025_09_BAL_MIA,BAL,00-0036550,WR
2025,9,2025_09_BAL_MIA,BAL,00-0036630,WR
2025,9,2025_09_BAL_MIA,BAL,00-0037838,TE
2025,9,2025_09_BAL_MIA,BAL,00-0038046,TE
2025,9,2025_09_BAL_MIA,BAL,00-0038454,RB
2025,9,2025_09_BAL_MIA,BAL,00-0039064,WR
2025,9,2025_09_BAL_MIA,BAL,00-0040075,WR
2025,9,2025_09_BAL_MIA,MIA,00-0034418,WR
2025,9,2025_09_BAL_MIA,MIA,00-0035125,RB
2025,9,2025_09_BAL_MIA,MIA,00-0036182,WR
2025,9,2025_09_BAL_MIA,MIA,00-0036212,QB
2025,9,2025_09_BAL_MIA,MIA,00-0036613,WR
2025,9,2025_09_BAL_MIA,MIA,00-0036620,WR
2025,9,2025_09_BAL_MIA,MIA,00-0037252,TE
2025,9,2025_09_BAL_MIA,MIA,00-0037348,TE
2025,9,2025_09_BAL_MIA,MIA,00-0039040,RB
2025,9,2025_09_BAL_MIA,MIA,00-0039489,TE
2025,9,2025_09_BAL_MIA,MIA,00-0039880,WR
2025,9,2025_09_BAL_MIA,MIA,00-0039884,WR
2025,9,2025_09_BAL_MIA,MIA,00-0040198,RB
2025,9,2025_09_CAR_GB,CAR,00-0036139,RB
2025,9,2025_09_CAR_GB,CAR,00-0036555,RB
2025,9,2025_09_CAR_GB,CAR,00-0037005,TE
2025,9,2025_09_CAR_GB,CAR,00-0038840,WR
2025,9,2025_09_CAR_GB,CAR,00-0039150,QB
2025,9,2025_09_CAR_GB,CAR,00-0039342,WR
2025,9,2025_09_CAR_GB,CAR,00-0039356,TE
2025,9,2025_09_CAR_GB,CAR,00-0039491,WR
2025,9,2025_09_CAR_GB,CAR,00-0040124,WR
2025,9,2025_09_CAR_GB,CAR,00-0040187,TE
2025,9,2025_09_CAR_GB,CAR,00-0040218,WR
2025,9,2025_09_CAR_GB,CAR,00-0040644,RB
2025,9,2025_09_CAR_GB,GB,00-0035700,RB
2025,9,2025_09_CAR_GB,GB,00-0036264,QB
2025,9,2025_09_CAR_GB,GB,00-0037306,TE
2025,9,2025_09_CAR_GB,GB,00-0037816,WR
2025,9,2025_09_CAR_GB,GB,00-0038124,WR
2025,9,2025_09_CAR_GB,GB,00-0038465,WR
2025,9,2025_09_CAR_GB,GB,00-0038685,RB
2025,9,2025_09_CAR_GB,GB,00-0038797,RB
2025,9,2025_09_CAR_GB,GB,00-0038996,TE
2025,9,2025_09_CAR_GB,GB,00-0039144,TE
2025,9,2025_09_CAR_GB,GB,00-0040009,WR
2025,9,2025_09_CAR_GB,GB,00-0040667,WR
2025,9,2025_09_CHI_CIN,CHI,00-0034798,TE
2025,9,2025_09_CHI_CIN,CHI,00-0034827,WR
2025,9,2025_09_CHI_CIN,CHI,00-0035208,WR
2025,9,2025_09_CHI_CIN,CHI,00-0035594,RB
2025,9,2025_09_CHI_CIN,CHI,00-0036290,TE
2025,9,2025_09_CHI_CIN,CHI,00-0036331,WR
2025,9,2025_09_CHI_CIN,CHI,00-0037329,RB
2025,9,2025_09_CHI_CIN,CHI,00-0038416,QB
2025,9,2025_09_CHI_CIN,CHI,00-0039918,QB
2025,9,2025_09_CHI_CIN,CHI,00-0039919,WR
2025,9,2025_09_CHI_CIN,CHI,00-0040126,TE
2025,9,2025_09_CHI_CIN,CHI,00-0040236,RB
2025,9,2025_09_CHI_CIN,CHI,00-0040277,WR
2025,9,2025_09_CHI_CIN,CIN,00-0026158,QB
2025,9,2025_09_CHI_CIN,CIN,00-0034613,TE
2025,9,2025_09_CHI_CIN,CIN,00-0035631,TE
2025,9,2025_09_CHI_CIN,CIN,00-0035644,TE
2025,9,2025_09_CHI_CIN,CIN,00-0036410,WR
2025,9,2025_09_CHI_CIN,CIN,00-0036900,WR
2025,9,2025_09_CHI_CIN,CIN,00-0038619,WR
2025,9,2025_09_CHI_CIN,CIN,00-0038839,WR
2025,9,2025_09_DEN_HOU,DEN,00-0024243,TE
2025,9,2025_09_DEN_HOU,DEN,00-0033881,TE
2025,9,2025_09_DEN_HOU,DEN,00-0034348,WR
2025,9,2025_09_DEN_HOU,DEN,00-0034487,WR
2025,9,2025_09_DEN_HOU,DEN,00-0036158,RB
2025,9,2025_09_DEN_HOU,DEN,00-0036422,TE
2025,9,2025_09_DEN_HOU,DEN,00-0036727,RB
2025,9,2025_09_DEN_HOU,DEN,00-0036959,WR
2025,9,2025_09_DEN_HOU,DEN,00-0037085,RB
2025,9,2025_09_DEN_HOU,DEN,00-0039732,QB
2025,9,2025_09_DEN_HOU,DEN,00-0039868,WR
2025,9,2025_09_DEN_HOU,DEN,00-0040134,WR
2025,9,2025_09_DEN_HOU,DEN,00-0040730,RB
2025,9,2025_09_DEN_HOU,HOU,00-0033854,RB
2025,9,2025_09_DEN_HOU,HOU,00-0034383,TE
2025,9,2025_09_DEN_HOU,HOU,00-0034775,WR
2025,9,2025_09_DEN_HOU,HOU,00-0034791,RB
2025,9,2025_09_DEN_HOU,HOU,00-0036232,TE
2025,9,2025_09_DEN_HOU,HOU,00-0036554,WR
2025,9,2025_09_DEN_HOU,HOU,00-0036898,QB
2025,9,2025_09_DEN_HOU,HOU,00-0038618,WR
2025,9,2025_09_DEN_HOU,HOU,00-0039163,QB
2025,9,2025_09_DEN_HOU,HOU,00-0039603,RB
2025,9,2025_09_DEN_HOU,HOU,00-0040130,WR
2025,9,2025_09_DEN_HOU,HOU,00-0040138,WR
2025,9,2025_09_DEN_HOU,HOU,00-0040583,RB
2025,9,2025_09_IND_PIT,IND,00-0032104,RB
2025,9,2025_09_IND_PIT,IND,00-0033217,TE
2025,9,2025_09_IND_PIT,IND,00-0035021,WR
2025,9,2025_09_IND_PIT,IND,00-0035710,QB
2025,9,2025_09_IND_PIT,IND,00-0036223,RB
2025,9,2025_09_IND_PIT,IND,00-0036252,WR
2025,9,2025_09_IND_PIT,IND,00-0037120,RB
2025,9,2025_09_IND_PIT,IND,00-0037292,TE
2025,9,2025_09_IND_PIT,IND,00-0037664,WR
2025,9,2025_09_IND_PIT,IND,00-0038997,WR
2025,9,2025_09_IND_PIT,IND,00-0039890,WR
2025,9,2025_09_IND_PIT,IND,00-0040128,TE
2025,9,2025_09_IND_PIT,PIT,00-0023459,QB
2025,9,2025_09_IND_PIT,PIT,00-0033858,TE
2025,9,2025_09_IND_PIT,PIT,00-0035640,WR
2025,9,2025_09_IND_PIT,PIT,00-0036862,WR
2025,9,2025_09_IND_PIT,PIT,00-0036894,TE
2025,9,2025_09_IND_PIT,PIT,00-0036919,RB
2025,9,2025_09_IND_PIT,PIT,00-0036984,RB
2025,9,2025_09_IND_PIT,PIT,00-0037228,RB
2025,9,2025_09_IND_PIT,PIT,00-0037304,TE
2025,9,2025_09_IND_PIT,PIT,00-0037837,WR
2025,9,2025_09_IND_PIT,PIT,00-0038558,TE
2025,9,2025_09_IND_PIT,PIT,00-0039739,WR
2025,9,2025_09_IND_PIT,PIT,00-0040142,RB
2025,9,2025_09_IND_PIT,PIT,00-0040534,WR
2025,9,2025_09_JAX_LV,JAX,00-0033246,TE
2025,9,2025_09_JAX_LV,JAX,00-0036497,WR
2025,9,2025_09_JAX_LV,JAX,00-0036626,WR
2025,9,2025_09_JAX_LV,JAX,00-0036841,WR
2025,9,2025_09_JAX_LV,JAX,00-0036971,QB
2025,9,2025_09_JAX_LV,JAX,00-0036973,RB
2025,9,2025_09_JAX_LV,JAX,00-0037004,TE
2025,9,2025_09_JAX_LV,JAX,00-0038606,WR
2025,9,2025_09_JAX_LV,JAX,00-0039893,WR
2025,9,2025_09_JAX_LV,JAX,00-0040238,RB
2025,9,2025_09_JAX_LV,JAX,00-0040719,RB
2025,9,2025_09_JAX_LV,LV,00-0030565,QB
2025,9,2025_09_JAX_LV,LV,00-0031687,RB
2025,9,2025_09_JAX_LV,LV,00-0032211,WR
2025,9,2025_09_JAX_LV,LV,00-0034365,TE
2025,9,2025_09_JAX_LV,LV,00-0034960,WR
2025,9,2025_09_JAX_LV,LV,00-0038563,WR
2025,9,2025_09_JAX_LV,LV,00-0039066,TE
2025,9,2025_09_JAX_LV,LV,00-0039338,TE
2025,9,2025_09_JAX_LV,LV,00-0040122,RB
2025,9,2025_09_KC_BUF,BUF,00-0033282,WR
2025,9,2025_09_KC_BUF,BUF,00-0034857,QB
2025,9,2025_09_KC_BUF,BUF,00-0035537,RB
2025,9,2025_09_KC_BUF,BUF,00-0035689,TE
2025,9,2025_09_KC_BUF,BUF,00-0036187,RB
2025,9,2025_09_KC_BUF,BUF,00-0036980,WR
2025,9,2025_09_KC_BUF,BUF,00-0037248,RB
2025,9,2025_09_KC_BUF,BUF,00-0037261,WR
2025,9,2025_09_KC_BUF,BUF,00-0038679,WR
2025,9,2025_09_KC_BUF,BUF,00-0038933,TE
2025,9,2025_09_KC_BUF,BUF,00-0039875,RB
2025,9,2025_09_KC_BUF,BUF,00-0039901,WR
2025,9,2025_09_KC_BUF,BUF,00-0040194,TE
2025,9,2025_09_KC_BUF,KC,00-0030506,TE
2025,9,2025_09_KC_BUF,KC,00-0033757,TE
2025,9,2025_09_KC_BUF,KC,00-0033857,WR
2025,9,2025_09_KC_BUF,KC,00-0033873,QB
2025,9,2025_09_KC_BUF,KC,00-0033923,RB
2025,9,2025_09_KC_BUF,KC,00-0035662,WR
2025,9,2025_09_KC_BUF,KC,00-0036360,RB
2025,9,2025_09_KC_BUF,KC,00-0036637,TE
2025,9,2025_09_KC_BUF,KC,00-0038104,WR
2025,9,2025_09_KC_BUF,KC,00-0039067,WR
2025,9,2025_09_KC_BUF,KC,00-0039894,WR
2025,9,2025_09_KC_BUF,KC,00-0040078,RB
2025,9,2025_09_LAC_TEN,LAC,00-0030279,WR
2025,9,2025_09_LAC_TEN,LAC,00-0036355,QB
2025,9,2025_09_LAC_TEN,LAC,00-0036755,RB
2025,9,2025_09_LAC_TEN,LAC,00-0037654,TE
2025,9,2025_09_LAC_TEN,LAC,00-0038544,WR
2025,9,2025_09_LAC_TEN,LAC,00-0038573,WR
2025,9,2025_09_LAC_TEN,LAC,00-0038614,RB
2025,9,2025_09_LAC_TEN,LAC,00-0039391,RB
2025,9,2025_09_LAC_TEN,LAC,00-0039915,WR
2025,9,2025_09_LAC_TEN,LAC,00-0040184,WR
2025,9,2025_09_LAC_TEN,LAC,00-0040189,TE
2025,9,2025_09_LAC_TEN,LAC,00-0040727,WR
2025,9,2025_09_LAC_TEN,TEN,00-0035261,RB
2025,9,2025_09_LAC_TEN,TEN,00-0036133,WR
2025,9,2025_09_LAC_TEN,TEN,00-0036176,WR
2025,9,2025_09_LAC_TEN,TEN,00-0036415,WR
2025,9,2025_09_LAC_TEN,TEN,00-0037809,TE
2025,9,2025_09_LAC_TEN,TEN,00-0039032,RB
2025,9,2025_09_LAC_TEN,TEN,00-0039648,TE
2025,9,2025_09_LAC_TEN,TEN,00-0040170,WR
2025,9,2025_09_LAC_TEN,TEN,00-0040584,TE
2025,9,2025_09_LAC_TEN,TEN,00-0040676,QB
2025,9,2025_09_LAC_TEN,TEN,00-0040705,WR
2025,9,2025_09_MIN_DET,DET,00-0032464,WR
2025,9,2025_09_MIN_DET,DET,00-0033106,QB
2025,9,2025_09_MIN_DET,DET,00-0035685,RB
2025,9,2025_09_MIN_DET,DET,00-0036754,TE
2025,9,2025_09_MIN_DET,DET,00-0036963,WR
2025,9,2025_09_MIN_DET,DET,00-0037240,WR
2025,9,2025_09_MIN_DET,DET,00-0039065,TE
2025,9,2025_09_MIN_DET,DET,00-0039139,RB
2025,9,2025_09_MIN_DET,DET,00-0040669,WR
2025,9,2025_09_MIN_DET,MIN,00-0030035,WR
2025,9,2025_09_MIN_DET,MIN,00-0032394,TE
2025,9,2025_09_MIN_DET,MIN,00-0033293,RB
2025,9,2025_09_MIN_DET,MIN,00-0035229,TE
2025,9,2025_09_MIN_DET,MIN,00-0036322,WR
2025,9,2025_09_MIN_DET,MIN,00-0037291,WR
2025,9,2025_09_MIN_DET,MIN,00-0037525,RB
2025,9,2025_09_MIN_DET,MIN,00-0038994,WR
2025,9,2025_09_MIN_DET,MIN,00-0039923,QB
2025,9,2025_09_MIN_DET,MIN,00-0040509,TE
2025,9,2025_09_NO_LA,LA,00-0026498,QB
2025,9,2025_09_NO_LA,LA,00-0031381,WR
2025,9,2025_09_NO_LA,LA,00-0033110,TE
2025,9,2025_09_NO_LA,LA,00-0036244,TE
2025,9,2025_09_NO_LA,LA,00-0037840,RB
2025,9,2025_09_NO_LA,LA,00-0038359,WR
2025,9,2025_09_NO_LA,LA,00-0039074,TE
2025,9,2025_09_NO_LA,LA,00-0039075,WR
2025,9,2025_09_NO_LA,LA,00-0039738,RB
2025,9,2025_09_NO_LA,LA,00-0039751,WR
2025,9,2025_09_NO_LA,LA,00-0040590,WR
2025,9,2025_09_NO_LA,LA,00-0040737,TE
2025,9,2025_09_NO_LA,NO,00-0031236,WR
2025,9,2025_09_NO_LA,NO,00-0033357,QB
2025,9,2025_09_NO_LA,NO,00-0033906,RB
2025,9,2025_09_NO_LA,NO,00-0034981,TE
2025,9,2025_09_NO_LA,NO,00-0036040,TE
2025,9,2025_09_NO_LA,NO,00-0036741,TE
2025,9,2025_09_NO_LA,NO,00-0037239,WR
2025,9,2025_09_NO_LA,NO,00-0037545,WR
2025,9,2025_09_NO_LA,NO,00-0039424,WR
2025,9,2025_09_NO_LA,NO,00-0039623,WR
2025,9,2025_09_NO_LA,NO,00-0040202,RB
2025,9,2025_09_NO_LA,NO,00-0040743,QB
2025,9,2025_09_SEA_WAS,SEA,00-0034869,QB
2025,9,2025_09_SEA_WAS,SEA,00-0035704,QB
2025,9,2025_09_SEA_WAS,SEA,00-0038134,RB
2025,9,2025_09_SEA_WAS,SEA,00-0038488,RB
2025,9,2025_09_SEA_WAS,SEA,00-0038543,WR
2025,9,2025_09_SEA_WAS,SEA,00-0039165,RB
2025,9,2025_09_SEA_WAS,SEA,00-0039299,RB
2025,9,2025_09_SEA_WAS,SEA,00-0039793,TE
2025,9,2025_09_SEA_WAS,SEA,00-0040058,TE
2025,9,2025_09_SEA_WAS,SEA,00-0040648,WR
2025,9,2025_09_SEA_WAS,SEA,00-0040649,RB
2025,9,2025_09_SEA_WAS,SEA,00-0040653,WR
2025,9,2025_09_SEA_WAS,SEA,00-0040739,TE
2025,9,2025_09_SEA_WAS,WAS,00-0030061,TE
2025,9,2025_09_SEA_WAS,WAS,00-0032268,QB
2025,9,2025_09_SEA_WAS,WAS,00-0032398,WR
2025,9,2025_09_SEA_WAS,WAS,00-0033955,RB
2025,9,2025_09_SEA_WAS,WAS,00-0035719,WR
2025,9,2025_09_SEA_WAS,WAS,00-0036628,TE
2025,9,2025_09_SEA_WAS,WAS,00-0037742,WR
2025,9,2025_09_SEA_WAS,WAS,00-0038611,RB
2025,9,2025_09_SEA_WAS,WAS,00-0039910,QB
2025,9,2025_09_SEA_WAS,WAS,00-0039912,TE
2025,9,2025_09_SEA_WAS,WAS,00-0040164,WR
2025,9,2025_09_SEA_WAS,WAS,00-0040242,RB
2025,9,2025_09_SF_NYG,NYG,00-0031484,TE
2025,9,2025_09_SF_NYG,NYG,00-0034407,WR
2025,9,2025_09_SF_NYG,NYG,00-0035250,RB
2025,9,2025_09_SF_NYG,NYG,00-0035535,WR
2025,9,2025_09_SF_NYG,NYG,00-0035645,WR
2025,9,2025_09_SF_NYG,NYG,00-0038117,WR
2025,9,2025_09_SF_NYG,NYG,00-0039384,RB
2025,9,2025_09_SF_NYG,NYG,00-0039847,TE
2025,9,2025_09_SF_NYG,NYG,00-0040225,TE
2025,9,2025_09_SF_NYG,NYG,00-0040432,WR
2025,9,2025_09_SF_NYG,NYG,00-0040691,QB
2025,9,2025_09_SF_NYG,SF,00-0029892,RB
2025,9,2025_09_SF_NYG,SF,00-0032775,WR
2025,9,2025_09_SF_NYG,SF,00-0033280,RB
2025,9,2025_09_SF_NYG,SF,00-0033288,TE
2025,9,2025_09_SF_NYG,SF,00-0033307,WR
2025,9,2025_09_SF_NYG,SF,00-0036259,WR
2025,9,2025_09_SF_NYG,SF,00-0036887,TE
2025,9,2025_09_SF_NYG,SF,00-0036972,QB
2025,9,2025_09_SF_NYG,SF,00-0037112,TE
2025,9,2025_09_SF_NYG,SF,00-0037746,RB
2025,9,2025_09_SF_NYG,SF,00-0038090,WR
2025,9,2025_09_SF_NYG,SF,00-0038658,QB
2025,9,2025_09_SF_NYG,SF,00-0040172,WR
2025,10,2025_10_ARI_SEA,ARI,00-0033119,QB
2025,10,2025_10_ARI_SEA,ARI,00-0033891,WR
2025,10,2025_10_ARI_SEA,ARI,00-0035500,WR
2025,10,2025_10_ARI_SEA,ARI,00-0036332,TE
2025,10,2025_10_ARI_SEA,ARI,00-0036646,WR
2025,10,2025_10_ARI_SEA,ARI,00-0036924,RB
2025,10,2025_10_ARI_SEA,ARI,00-0037157,RB
2025,10,2025_10_ARI_SEA,ARI,00-0037744,TE
2025,10,2025_10_ARI_SEA,ARI,00-0038559,WR
2025,10,2025_10_ARI_SEA,ARI,00-0038705,RB
2025,10,2025_10_ARI_SEA,ARI,00-0039041,TE
2025,10,2025_10_ARI_SEA,ARI,00-0039577,QB
2025,10,2025_10_ARI_SEA,ARI,00-0039849,WR
2025,10,2025_10_ARI_SEA,SEA,00-0033908,WR
2025,10,2025_10_ARI_SEA,SEA,00-0034869,QB
2025,10,2025_10_ARI_SEA,SEA,00-0035704,QB
2025,10,2025_10_ARI_SEA,SEA,00-0037545,WR
2025,10,2025_10_ARI_SEA,SEA,00-0038134,RB
2025,10,2025_10_ARI_SEA,SEA,00-0038488,RB
2025,10,2025_10_ARI_SEA,SEA,00-0038543,WR
2025,10,2025_10_ARI_SEA,SEA,00-0039165,RB
2025,10,2025_10_ARI_SEA,SEA,00-0039299,RB
2025,10,2025_10_ARI_SEA,SEA,00-0039793,TE
2025,10,2025_10_ARI_SEA,SEA,00-0040058,TE
2025,10,2025_10_ARI_SEA,SEA,00-0040649,RB
2025,10,2025_10_ARI_SEA,SEA,00-0040653,WR
2025,10,2025_10_ARI_SEA,SEA,00-0040739,TE
2025,10,2025_10_ATL_IND,ATL,00-0034854,WR
2025,10,2025_10_ATL_IND,ATL,00-0035359,WR
2025,10,2025_10_ATL_IND,ATL,00-0036309,WR
2025,10,2025_10_ATL_IND,ATL,00-0036429,TE
2025,10,2025_10_ATL_IND,ATL,00-0036970,TE
2025,10,2025_10_ATL_IND,ATL,00-0037238,WR
2025,10,2025_10_ATL_IND,ATL,00-0037263,RB
2025,10,2025_10_ATL_IND,ATL,00-0037277,TE
2025,10,2025_10_ATL_IND,ATL,00-0038542,RB
2025,10,2025_10_ATL_IND,ATL,00-0039394,WR
2025,10,2025_10_ATL_IND,ATL,00-0039917,QB
2025,10,2025_10_ATL_IND,IND,00-0032104,RB
2025,10,2025_10_ATL_IND,IND,00-0033217,TE
2025,10,2025_10_ATL_IND,IND,00-0035021,WR
2025,10,2025_10_ATL_IND,IND,00-0035710,QB
2025,10,2025_10_ATL_IND,IND,00-0036223,RB
2025,10,2025_10_ATL_IND,IND,00-0036252,WR
2025,10,2025_10_ATL_IND,IND,00-0037120,RB
2025,10,2025_10_ATL_IND,IND,00-0037292,TE
2025,10,2025_10_ATL_IND,IND,00-0037664,WR
2025,10,2025_10_ATL_IND,IND,00-0038997,WR
2025,10,2025_10_ATL_IND,IND,00-0040128,TE
2025,10,2025_10_BAL_MIN,BAL,00-0030564,WR
2025,10,2025_10_BAL_MIN,BAL,00-0032764,RB
2025,10,2025_10_BAL_MIN,BAL,00-0033376,RB
2025,10,2025_10_BAL_MIN,BAL,00-0034753,TE
2025,10,2025_10_BAL_MIN,BAL,00-0034796,QB
2025,10,2025_10_BAL_MIN,BAL,00-0034975,RB
2025,10,2025_10_BAL_MIN,BAL,00-0036550,WR
2025,10,2025_10_BAL_MIN,BAL,00-0036630,WR
2025,10,2025_10_BAL_MIN,BAL,00-0037838,TE
2025,10,2025_10_BAL_MIN,BAL,00-0038046,TE
2025,10,2025_10_BAL_MIN,BAL,00-0038454,RB
2025,10,2025_10_BAL_MIN,BAL,00-0039064,WR
2025,10,2025_10_BAL_MIN,BAL,00-0040075,WR
2025,10,2025_10_BAL_MIN,MIN,00-0030035,WR
2025,10,2025_10_BAL_MIN,MIN,00-0032918,RB
2025,10,2025_10_BAL_MIN,MIN,00-0033293,RB
2025,10,2025_10_BAL_MIN,MIN,00-0035229,TE
2025,10,2025_10_BAL_MIN,MIN,00-0036322,WR
2025,10,2025_10_BAL_MIN,MIN,00-0037291,WR
2025,10,2025_10_BAL_MIN,MIN,00-0037525,RB
2025,10,2025_10_BAL_MIN,MIN,00-0038809,TE
2025,10,2025_10_BAL_MIN,MIN,00-0038994,WR
2025,10,2025_10_BAL_MIN,MIN,00-0039923,QB
2025,10,2025_10_BAL_MIN,MIN,00-0040509,TE
2025,10,2025_10_BUF_MIA,BUF,00-0033282,WR
2025,10,2025_10_BUF_MIA,BUF,00-0033869,QB
2025,10,2025_10_BUF_MIA,BUF,00-0034857,QB
2025,10,2025_10_BUF_MIA,BUF,00-0035537,RB
2025,10,2025_10_BUF_MIA,BUF,00-0035689,TE
2025,10,2025_10_BUF_MIA,BUF,00-0036187,RB
2025,10,2025_10_BUF_MIA,BUF,00-0036980,WR
2025,10,2025_10_BUF_MIA,BUF,00-0037248,RB
2025,10,2025_10_BUF_MIA,BUF,00-0037261,WR
2025,10,2025_10_BUF_MIA,BUF,00-0038679,WR
2025,10,2025_10_BUF_MIA,BUF,00-0038933,TE
2025,10,2025_10_BUF_MIA,BUF,00-0039875,RB
2025,10,2025_10_BUF_MIA,BUF,00-0039901,WR
2025,10,2025_10_BUF_MIA,BUF,00-0040194,TE
2025,10,2025_10_BUF_MIA,MIA,00-0034418,WR
2025,10,2025_10_BUF_MIA,MIA,00-0035125,RB
2025,10,2025_10_BUF_MIA,MIA,00-0036182,WR
2025,10,2025_10_BUF_MIA,MIA,00-0036212,QB
2025,10,2025_10_BUF_MIA,MIA,00-0036613,WR
2025,10,2025_10_BUF_MIA,MIA,00-0037252,TE
2025,10,2025_10_BUF_MIA,MIA,00-0039040,RB
2025,10,2025_10_BUF_MIA,MIA,00-0039489,TE
2025,10,2025_10_BUF_MIA,MIA,00-0039874,RB
2025,10,2025_10_BUF_MIA,MIA,00-0039880,WR
2025,10,2025_10_BUF_MIA,MIA,00-0039884,WR
2025,10,2025_10_BUF_MIA,MIA,00-0040198,RB
2025,10,2025_10_CLE_NYJ,CLE,00-0033885,TE
2025,10,2025_10_CLE_NYJ,CLE,00-0036407,WR
2025,10,2025_10_CLE_NYJ,CLE,00-0037267,RB
2025,10,2025_10_CLE_NYJ,CLE,00-0038710,TE
2025,10,2025_10_CLE_NYJ,CLE,00-0038979,WR
2025,10,2025_10_CLE_NYJ,CLE,00-0039379,WR
2025,10,2025_10_CLE_NYJ,CLE,00-0039920,WR
2025,10,2025_10_CLE_NYJ,CLE,00-0040162,RB
2025,10,2025_10_CLE_NYJ,CLE,00-0040259,WR
2025,10,2025_10_CLE_NYJ,CLE,00-0040663,TE
2025,10,2025_10_CLE_NYJ,CLE,00-0040704,QB
2025,10,2025_10_CLE_NYJ,CLE,00-0040784,RB
2025,10,2025_10_CLE_NYJ,NYJ,00-0034959,RB
2025,10,2025_10_CLE_NYJ,NYJ,00-0036427,WR
2025,10,2025_10_CLE_NYJ,NYJ,00-0036945,QB
2025,10,2025_10_CLE_NYJ,NYJ,00-0037475,TE
2025,10,2025_10_CLE_NYJ,NYJ,00-0037614,WR
2025,10,2025_10_CLE_NYJ,NYJ,00-0037740,WR
2025,10,2025_10_CLE_NYJ,NYJ,00-0037805,TE
2025,10,2025_10_CLE_NYJ,NYJ,00-0038120,RB
2025,10,2025_10_CLE_NYJ,NYJ,00-0039451,WR
2025,10,2025_10_CLE_NYJ,NYJ,00-0039798,RB
2025,10,2025_10_CLE_NYJ,NYJ,00-0040582,WR
2025,10,2025_10_CLE_NYJ,NYJ,00-0040736,TE
2025,10,2025_10_DET_WAS,DET,00-0032464,WR
2025,10,2025_10_DET_WAS,DET,00-0033106,QB
2025,10,2025_10_DET_WAS,DET,00-0034073,TE
2025,10,2025_10_DET_WAS,DET,00-0034577,QB
2025,10,2025_10_DET_WAS,DET,00-0035567,RB
2025,10,2025_10_DET_WAS,DET,00-0035685,RB
2025,10,2025_10_DET_WAS,DET,00-0036754,TE
2025,10,2025_10_DET_WAS,DET,00-0036963,WR
2025,10,2025_10_DET_WAS,DET,00-0037240,WR
2025,10,2025_10_DET_WAS,DET,00-0039065,TE
2025,10,2025_10_DET_WAS,DET,00-0039139,RB
2025,10,2025_10_DET_WAS,DET,00-0039364,RB
2025,10,2025_10_DET_WAS,DET,00-0040241,WR
2025,10,2025_10_DET_WAS,DET,00-0040669,WR
2025,10,2025_10_DET_WAS,WAS,00-0026300,QB
2025,10,2025_10_DET_WAS,WAS,00-0030061,TE
2025,10,2025_10_DET_WAS,WAS,00-0032268,QB
2025,10,2025_10_DET_WAS,WAS,00-0032398,WR
2025,10,2025_10_DET_WAS,WAS,00-0032688,WR
2025,10,2025_10_DET_WAS,WAS,00-0033955,RB
2025,10,2025_10_DET_WAS,WAS,00-0035719,WR
2025,10,2025_10_DET_WAS,WAS,00-0036628,TE
2025,10,2025_10_DET_WAS,WAS,00-0037742,WR
2025,10,2025_10_DET_WAS,WAS,00-0038611,RB
2025,10,2025_10_DET_WAS,WAS,00-0039686,TE
2025,10,2025_10_DET_WAS,WAS,00-0039912,TE
2025,10,2025_10_DET_WAS,WAS,00-0040164,WR
2025,10,2025_10_DET_WAS,WAS,00-0040242,RB
2025,10,2025_10_JAX_HOU,HOU,00-0033854,RB
2025,10,2025_10_JAX_HOU,HOU,00-0034383,TE
2025,10,2025_10_JAX_HOU,HOU,00-0034419,WR
2025,10,2025_10_JAX_HOU,HOU,00-0034775,WR
2025,10,2025_10_JAX_HOU,HOU,00-0034791,RB
2025,10,2025_10_JAX_HOU,HOU,00-0036232,TE
2025,10,2025_10_JAX_HOU,HOU,00-0036554,WR
2025,10,2025_10_JAX_HOU,HOU,00-0036898,QB
2025,10,2025_10_JAX_HOU,HOU,00-0038618,WR
2025,10,2025_10_JAX_HOU,HOU,00-0039603,RB
2025,10,2025_10_JAX_HOU,HOU,00-0040130,WR
2025,10,2025_10_JAX_HOU,HOU,00-0040138,WR
2025,10,2025_10_JAX_HOU,HOU,00-0040583,RB
2025,10,2025_10_JAX_HOU,JAX,00-0033246,TE
2025,10,2025_10_JAX_HOU,JAX,00-0033375,WR
2025,10,2025_10_JAX_HOU,JAX,00-0034960,WR
2025,10,2025_10_JAX_HOU,JAX,00-0036497,WR
2025,10,2025_10_JAX_HOU,JAX,00-0036590,TE
2025,10,2025_10_JAX_HOU,JAX,00-0036626,WR
2025,10,2025_10_JAX_HOU,JAX,00-0036841,WR
2025,10,2025_10_JAX_HOU,JAX,00-0036971,QB
2025,10,2025_10_JAX_HOU,JAX,00-0036973,RB
2025,10,2025_10_JAX_HOU,JAX,00-0038606,WR
2025,10,2025_10_JAX_HOU,JAX,00-0040238,RB
2025,10,2025_10_JAX_HOU,JAX,00-0040719,RB
2025,10,2025_10_LA_SF,LA,00-0026498,QB
2025,10,2025_10_LA_SF,LA,00-0031381,WR
2025,10,2025_10_LA_SF,LA,00-0033110,TE
2025,10,2025_10_LA_SF,LA,00-0036244,TE
2025,10,2025_10_LA_SF,LA,00-0037840,RB
2025,10,2025_10_LA_SF,LA,00-0038359,WR
2025,10,2025_10_LA_SF,LA,00-0039074,TE
2025,10,2025_10_LA_SF,LA,00-0039075,WR
2025,10,2025_10_LA_SF,LA,00-0039738,RB
2025,10,2025_10_LA_SF,LA,00-0039751,WR
2025,10,2025_10_LA_SF,LA,00-0040590,WR
2025,10,2025_10_LA_SF,LA,00-0040737,TE
2025,10,2025_10_LA_SF,SF,00-0029892,RB
2025,10,2025_10_LA_SF,SF,00-0032775,WR
2025,10,2025_10_LA_SF,SF,00-0033280,RB
2025,10,2025_10_LA_SF,SF,00-0033288,TE
2025,10,2025_10_LA_SF,SF,00-0033307,WR
2025,10,2025_10_LA_SF,SF,00-0036259,WR
2025,10,2025_10_LA_SF,SF,00-0036887,TE
2025,10,2025_10_LA_SF,SF,00-0036972,QB
2025,10,2025_10_LA_SF,SF,00-0037112,TE
2025,10,2025_10_LA_SF,SF,00-0037746,RB
2025,10,2025_10_LA_SF,SF,00-0038090,WR
2025,10,2025_10_LA_SF,SF,00-0040172,WR
2025,10,2025_10_LV_DEN,DEN,00-0024243,TE
2025,10,2025_10_LV_DEN,DEN,00-0033881,TE
2025,10,2025_10_LV_DEN,DEN,00-0034348,WR
2025,10,2025_10_LV_DEN,DEN,00-0034487,WR
2025,10,2025_10_LV_DEN,DEN,00-0036158,RB
2025,10,2025_10_LV_DEN,DEN,00-0036422,TE
2025,10,2025_10_LV_DEN,DEN,00-0036727,RB
2025,10,2025_10_LV_DEN,DEN,00-0036959,WR
2025,10,2025_10_LV_DEN,DEN,00-0037085,RB
2025,10,2025_10_LV_DEN,DEN,00-0039732,QB
2025,10,2025_10_LV_DEN,DEN,00-0039868,WR
2025,10,2025_10_LV_DEN,DEN,00-0040134,WR
2025,10,2025_10_LV_DEN,DEN,00-0040730,RB
2025,10,2025_10_LV_DEN,LV,00-0030565,QB
2025,10,2025_10_LV_DEN,LV,00-0031687,RB
2025,10,2025_10_LV_DEN,LV,00-0032211,WR
2025,10,2025_10_LV_DEN,LV,00-0034365,TE
2025,10,2025_10_LV_DEN,LV,00-0035602,WR
2025,10,2025_10_LV_DEN,LV,00-0038102,QB
2025,10,2025_10_LV_DEN,LV,00-0038563,WR
2025,10,2025_10_LV_DEN,LV,00-0039066,TE
2025,10,2025_10_LV_DEN,LV,00-0039338,TE
2025,10,2025_10_LV_DEN,LV,00-0040122,RB
2025,10,2025_10_LV_DEN,LV,00-0040581,WR
2025,10,2025_10_LV_DEN,LV,00-0040729,WR
2025,10,2025_10_NE_TB,NE,00-0031588,WR
2025,10,2025_10_NE_TB,NE,00-0032392,TE
2025,10,2025_10_NE_TB,NE,00-0033090,TE
2025,10,2025_10_NE_TB,NE,00-0033555,WR
2025,10,2025_10_NE_TB,NE,00-0035628,RB
2025,10,2025_10_NE_TB,NE,00-0038621,WR
2025,10,2025_10_NE_TB,NE,00-0039305,RB
2025,10,2025_10_NE_TB,NE,00-0039757,RB
2025,10,2025_10_NE_TB,NE,00-0039851,QB
2025,10,2025_10_NE_TB,NE,00-0040131,WR
2025,10,2025_10_NE_TB,NE,00-0040563,WR
2025,10,2025_10_NE_TB,NE,00-0040734,RB
2025,10,2025_10_NE_TB,TB,00-0032385,WR
2025,10,2025_10_NE_TB,TB,00-0034855,QB
2025,10,2025_10_NE_TB,TB,00-0037256,RB
2025,10,2025_10_NE_TB,TB,00-0038129,TE
2025,10,2025_10_NE_TB,TB,00-0038824,WR
2025,10,2025_10_NE_TB,TB,00-0038951,RB
2025,10,2025_10_NE_TB,TB,00-0039050,TE
2025,10,2025_10_NE_TB,TB,00-0039589,WR
2025,10,2025_10_NE_TB,TB,00-0039754,TE
2025,10,2025_10_NE_TB,TB,00-0040129,WR
2025,10,2025_10_NE_TB,TB,00-0040237,WR
2025,10,2025_10_NO_CAR,CAR,00-0035976,WR
2025,10,2025_10_NO_CAR,CAR,00-0036139,RB
2025,10,2025_10_NO_CAR,CAR,00-0036555,RB
2025,10,2025_10_NO_CAR,CAR,00-0037005,TE
2025,10,2025_10_NO_CAR,CAR,00-0039150,QB
2025,10,2025_10_NO_CAR,CAR,00-0039342,WR
2025,10,2025_10_NO_CAR,CAR,00-0039356,TE
2025,10,2025_10_NO_CAR,CAR,00-0039491,WR
2025,10,2025_10_NO_CAR,CAR,00-0040124,WR
2025,10,2025_10_NO_CAR,CAR,00-0040187,TE
2025,10,2025_10_NO_CAR,CAR,00-0040218,WR
2025,10,2025_10_NO_CAR,NO,00-0031236,WR
2025,10,2025_10_NO_CAR,NO,00-0033357,QB
2025,10,2025_10_NO_CAR,NO,00-0033906,RB
2025,10,2025_10_NO_CAR,NO,00-0034981,TE
2025,10,2025_10_NO_CAR,NO,00-0036040,TE
2025,10,2025_10_NO_CAR,NO,00-0037239,WR
2025,10,2025_10_NO_CAR,NO,00-0037340,TE
2025,10,2025_10_NO_CAR,NO,00-0039373,RB
2025,10,2025_10_NO_CAR,NO,00-0039424,WR
2025,10,2025_10_NO_CAR,NO,00-0039623,WR
2025,10,2025_10_NO_CAR,NO,00-0040202,RB
2025,10,2025_10_NO_CAR,NO,00-0040743,QB
2025,10,2025_10_NYG_CHI,CHI,00-0034798,TE
2025,10,2025_10_NYG_CHI,CHI,00-0034827,WR
2025,10,2025_10_NYG_CHI,CHI,00-0035208,WR
2025,10,2025_10_NYG_CHI,CHI,00-0036275,RB
2025,10,2025_10_NYG_CHI,CHI,00-0036290,TE
2025,10,2025_10_NYG_CHI,CHI,00-0039918,QB
2025,10,2025_10_NYG_CHI,CHI,00-0039919,WR
2025,10,2025_10_NYG_CHI,CHI,00-0040126,TE
2025,10,2025_10_NYG_CHI,CHI,00-0040236,RB
2025,10,2025_10_NYG_CHI,CHI,00-0040735,WR
2025,10,2025_10_NYG_CHI,NYG,00-0029263,QB
2025,10,2025_10_NYG_CHI,NYG,00-0031484,TE
2025,10,2025_10_NYG_CHI,NYG,00-0034407,WR
2025,10,2025_10_NYG_CHI,NYG,00-0035250,RB
2025,10,2025_10_NYG_CHI,NYG,00-0035535,WR
2025,10,2025_10_NYG_CHI,NYG,00-0035645,WR
2025,10,2025_10_NYG_CHI,NYG,00-0038115,TE
2025,10,2025_10_NYG_CHI,NYG,00-0038117,WR
2025,10,2025_10_NYG_CHI,NYG,00-0039384,RB
2025,10,2025_10_NYG_CHI,NYG,00-0039847,TE
2025,10,2025_10_NYG_CHI,NYG,00-0040691,QB
2025,10,2025_10_PHI_GB,GB,00-0035700,RB
2025,10,2025_10_PHI_GB,GB,00-0036264,QB
2025,10,2025_10_PHI_GB,GB,00-0037306,TE
2025,10,2025_10_PHI_GB,GB,00-0037816,WR
2025,10,2025_10_PHI_GB,GB,00-0038124,WR
2025,10,2025_10_PHI_GB,GB,00-0038393,WR
2025,10,2025_10_PHI_GB,GB,00-0038465,WR
2025,10,2025_10_PHI_GB,GB,00-0038589,TE
2025,10,2025_10_PHI_GB,GB,00-0038685,RB
2025,10,2025_10_PHI_GB,GB,00-0038797,RB
2025,10,2025_10_PHI_GB,GB,00-0039144,TE
2025,10,2025_10_PHI_GB,GB,00-0040009,WR
2025,10,2025_10_PHI_GB,PHI,00-0034351,TE
2025,10,2025_10_PHI_GB,PHI,00-0034844,RB
2025,10,2025_10_PHI_GB,PHI,00-0035676,WR
2025,10,2025_10_PHI_GB,PHI,00-0036389,QB
2025,10,2025_10_PHI_GB,PHI,00-0036876,TE
2025,10,2025_10_PHI_GB,PHI,00-0036912,WR
2025,10,2025_10_PHI_GB,PHI,00-0037086,TE
2025,10,2025_10_PHI_GB,PHI,00-0037741,WR
2025,10,2025_10_PHI_GB,PHI,00-0038496,WR
2025,10,2025_10_PHI_GB,PHI,00-0038555,RB
2025,10,2025_10_PHI_GB,PHI,00-0038564,TE
2025,10,2025_10_PHI_GB,PHI,00-0039746,RB
2025,10,2025_10_PHI_GB,PHI,00-0040024,WR
2025,10,2025_10_PIT_LAC,LAC,00-0030279,WR
2025,10,2025_10_PIT_LAC,LAC,00-0034270,TE
2025,10,2025_10_PIT_LAC,LAC,00-0036355,QB
2025,10,2025_10_PIT_LAC,LAC,00-0036755,RB
2025,10,2025_10_PIT_LAC,LAC,00-0037654,TE
2025,10,2025_10_PIT_LAC,LAC,00-0038544,WR
2025,10,2025_10_PIT_LAC,LAC,00-0038573,WR
2025,10,2025_10_PIT_LAC,LAC,00-0038614,RB
2025,10,2025_10_PIT_LAC,LAC,00-0039391,RB
2025,10,2025_10_PIT_LAC,LAC,00-0039915,WR
2025,10,2025_10_PIT_LAC,LAC,00-0040189,TE
2025,10,2025_10_PIT_LAC,LAC,00-0040727,WR
2025,10,2025_10_PIT_LAC,PIT,00-0023459,QB
2025,10,2025_10_PIT_LAC,PIT,00-0033858,TE
2025,10,2025_10_PIT_LAC,PIT,00-0035640,WR
2025,10,2025_10_PIT_LAC,PIT,00-0036862,WR
2025,10,2025_10_PIT_LAC,PIT,00-0036894,TE
2025,10,2025_10_PIT_LAC,PIT,00-0036919,RB
2025,10,2025_10_PIT_LAC,PIT,00-0037228,RB
2025,10,2025_10_PIT_LAC,PIT,00-0037304,TE
2025,10,2025_10_PIT_LAC,PIT,00-0037837,WR
2025,10,2025_10_PIT_LAC,PIT,00-0038558,TE
2025,10,2025_10_PIT_LAC,PIT,00-0039739,WR
2025,10,2025_10_PIT_LAC,PIT,00-0040142,RB
2025,11,2025_11_BAL_CLE,BAL,00-0030564,WR
2025,11,2025_11_BAL_CLE,BAL,00-0032764,RB
2025,11,2025_11_BAL_CLE,BAL,00-0033376,RB
2025,11,2025_11_BAL_CLE,BAL,00-0034753,TE
2025,11,2025_11_BAL_CLE,BAL,00-0034796,QB
2025,11,2025_11_BAL_CLE,BAL,00-0036630,WR
2025,11,2025_11_BAL_CLE,BAL,00-0037838,TE
2025,11,2025_11_BAL_CLE,BAL,00-0038046,TE
2025,11,2025_11_BAL_CLE,BAL,00-0038454,RB
2025,11,2025_11_BAL_CLE,BAL,00-0039064,WR
2025,11,2025_11_BAL_CLE,BAL,00-0039792,WR
2025,11,2025_11_BAL_CLE,BAL,00-0039796,RB
2025,11,2025_11_BAL_CLE,BAL,00-0040075,WR
2025,11,2025_11_BAL_CLE,CLE,00-0033885,TE
2025,11,2025_11_BAL_CLE,CLE,00-0036407,WR
2025,11,2025_11_BAL_CLE,CLE,00-0037267,RB
2025,11,2025_11_BAL_CLE,CLE,00-0037380,WR
2025,11,2025_11_BAL_CLE,CLE,00-0038979,WR
2025,11,2025_11_BAL_CLE,CLE,00-0039458,TE
2025,11,2025_11_BAL_CLE,CLE,00-0039920,WR
2025,11,2025_11_BAL_CLE,CLE,00-0040162,RB
2025,11,2025_11_BAL_CLE,CLE,00-0040259,WR
2025,11,2025_11_BAL_CLE,CLE,00-0040663,TE
2025,11,2025_11_BAL_CLE,CLE,00-0040668,QB
2025,11,2025_11_BAL_CLE,CLE,00-0040704,QB
2025,11,2025_11_BAL_CLE,CLE,00-0040782,WR
2025,11,2025_11_BAL_CLE,CLE,00-0040784,RB
2025,11,2025_11_CAR_ATL,ATL,00-0029604,QB
2025,11,2025_11_CAR_ATL,ATL,00-0034854,WR
2025,11,2025_11_CAR_ATL,ATL,00-0035359,WR
2025,11,2025_11_CAR_ATL,ATL,00-0036309,WR
2025,11,2025_11_CAR_ATL,ATL,00-0036429,TE
2025,11,2025_11_CAR_ATL,ATL,00-0036970,TE
2025,11,2025_11_CAR_ATL,ATL,00-0037238,WR
2025,11,2025_11_CAR_ATL,ATL,00-0037263,RB
2025,11,2025_11_CAR_ATL,ATL,00-0037277,TE
2025,11,2025_11_CAR_ATL,ATL,00-0038542,RB
2025,11,2025_11_CAR_ATL,ATL,00-0039394,WR
2025,11,2025_11_CAR_ATL,ATL,00-0039917,QB
2025,11,2025_11_CAR_ATL,CAR,00-0036139,RB
2025,11,2025_11_CAR_ATL,CAR,00-0036555,RB
2025,11,2025_11_CAR_ATL,CAR,00-0037005,TE
2025,11,2025_11_CAR_ATL,CAR,00-0038840,WR
2025,11,2025_11_CAR_ATL,CAR,00-0039150,QB
2025,11,2025_11_CAR_ATL,CAR,00-0039342,WR
2025,11,2025_11_CAR_ATL,CAR,00-0039356,TE
2025,11,2025_11_CAR_ATL,CAR,00-0039491,WR
2025,11,2025_11_CAR_ATL,CAR,00-0040124,WR
2025,11,2025_11_CAR_ATL,CAR,00-0040187,TE
2025,11,2025_11_CAR_ATL,CAR,00-0040218,WR
2025,11,2025_11_CAR_ATL,CAR,00-0040644,RB
2025,11,2025_11_CHI_MIN,CHI,00-0034798,TE
2025,11,2025_11_CHI_MIN,CHI,00-0034827,WR
2025,11,2025_11_CHI_MIN,CHI,00-0035208,WR
2025,11,2025_11_CHI_MIN,CHI,00-0035594,RB
2025,11,2025_11_CHI_MIN,CHI,00-0036275,RB
2025,11,2025_11_CHI_MIN,CHI,00-0036290,TE
2025,11,2025_11_CHI_MIN,CHI,00-0038416,QB
2025,11,2025_11_CHI_MIN,CHI,00-0039918,QB
2025,11,2025_11_CHI_MIN,CHI,00-0039919,WR
2025,11,2025_11_CHI_MIN,CHI,00-0040126,TE
2025,11,2025_11_CHI_MIN,CHI,00-0040236,RB
2025,11,2025_11_CHI_MIN,CHI,00-0040735,WR
2025,11,2025_11_CHI_MIN,MIN,00-0030035,WR
2025,11,2025_11_CHI_MIN,MIN,00-0032918,RB
2025,11,2025_11_CHI_MIN,MIN,00-0033293,RB
2025,11,2025_11_CHI_MIN,MIN,00-0035229,TE
2025,11,2025_11_CHI_MIN,MIN,00-0035249,TE
2025,11,2025_11_CHI_MIN,MIN,00-0036322,WR
2025,11,2025_11_CHI_MIN,MIN,00-0037291,WR
2025,11,2025_11_CHI_MIN,MIN,00-0037525,RB
2025,11,2025_11_CHI_MIN,MIN,00-0038994,WR
2025,11,2025_11_CHI_MIN,MIN,00-0039923,QB
2025,11,2025_11_CHI_MIN,MIN,00-0040509,TE
2025,11,2025_11_CIN_PIT,CIN,00-0026158,QB
2025,11,2025_11_CIN_PIT,CIN,00-0034613,TE
2025,11,2025_11_CIN_PIT,CIN,00-0035631,TE
2025,11,2025_11_CIN_PIT,CIN,00-0035644,TE
2025,11,2025_11_CIN_PIT,CIN,00-0036410,WR
2025,11,2025_11_CIN_PIT,CIN,00-0036900,WR
2025,11,2025_11_CIN_PIT,CIN,00-0038619,WR
2025,11,2025_11_CIN_PIT,CIN,00-0038839,WR
2025,11,2025_11_CIN_PIT,CIN,00-0039266,RB
2025,11,2025_11_CIN_PIT,PIT,00-0023459,QB
2025,11,2025_11_CIN_PIT,PIT,00-0033858,TE
2025,11,2025_11_CIN_PIT,PIT,00-0034771,QB
2025,11,2025_11_CIN_PIT,PIT,00-0035298,WR
2025,11,2025_11_CIN_PIT,PIT,00-0035640,WR
2025,11,2025_11_CIN_PIT,PIT,00-0036862,WR
2025,11,2025_11_CIN_PIT,PIT,00-0036894,TE
2025,11,2025_11_CIN_PIT,PIT,00-0036919,RB
2025,11,2025_11_CIN_PIT,PIT,00-0037228,RB
2025,11,2025_11_CIN_PIT,PIT,00-0037304,TE
2025,11,2025_11_CIN_PIT,PIT,00-0037837,WR
2025,11,2025_11_CIN_PIT,PIT,00-0038558,TE
2025,11,2025_11_CIN_PIT,PIT,00-0039739,WR
2025,11,2025_11_CIN_PIT,PIT,00-0040142,RB
2025,11,2025_11_DAL_LV,DAL,00-0033077,QB
2025,11,2025_11_DAL_LV,DAL,00-0036358,WR
2025,11,2025_11_DAL_LV,DAL,00-0036997,RB
2025,11,2025_11_DAL_LV,DAL,00-0037247,WR
2025,11,2025_11_DAL_LV,DAL,00-0037563,RB
2025,11,2025_11_DAL_LV,DAL,00-0037666,WR
2025,11,2025_11_DAL_LV,DAL,00-0037801,WR
2025,11,2025_11_DAL_LV,DAL,00-0038041,TE
2025,11,2025_11_DAL_LV,DAL,00-0038547,TE
2025,11,2025_11_DAL_LV,DAL,00-0038738,RB
2025,11,2025_11_DAL_LV,DAL,00-0039410,WR
2025,11,2025_11_DAL_LV,DAL,00-0039530,TE
2025,11,2025_11_DAL_LV,LV,00-0030565,QB
2025,11,2025_11_DAL_LV,LV,00-0031687,RB
2025,11,2025_11_DAL_LV,LV,00-0032211,WR
2025,11,2025_11_DAL_LV,LV,00-0034365,TE
2025,11,2025_11_DAL_LV,LV,00-0038563,WR
2025,11,2025_11_DAL_LV,LV,00-0039066,TE
2025,11,2025_11_DAL_LV,LV,00-0039338,TE
2025,11,2025_11_DAL_LV,LV,00-0039407,RB
2025,11,2025_11_DAL_LV,LV,00-0040122,RB
2025,11,2025_11_DAL_LV,LV,00-0040488,TE
2025,11,2025_11_DAL_LV,LV,00-0040581,WR
2025,11,2025_11_DAL_LV,LV,00-0040729,WR
2025,11,2025_11_DET_PHI,DET,00-0032464,WR
2025,11,2025_11_DET_PHI,DET,00-0033106,QB
2025,11,2025_11_DET_PHI,DET,00-0034073,TE
2025,11,2025_11_DET_PHI,DET,00-0035685,RB
2025,11,2025_11_DET_PHI,DET,00-0036754,TE
2025,11,2025_11_DET_PHI,DET,00-0036963,WR
2025,11,2025_11_DET_PHI,DET,00-0037240,WR
2025,11,2025_11_DET_PHI,DET,00-0038896,RB
2025,11,2025_11_DET_PHI,DET,00-0039139,RB
2025,11,2025_11_DET_PHI,DET,00-0040241,WR
2025,11,2025_11_DET_PHI,DET,00-0040390,WR
2025,11,2025_11_DET_PHI,DET,00-0040669,WR
2025,11,2025_11_DET_PHI,PHI,00-0034351,TE
2025,11,2025_11_DET_PHI,PHI,00-0034844,RB
2025,11,2025_11_DET_PHI,PHI,00-0035676,WR
2025,11,2025_11_DET_PHI,PHI,00-0036389,QB
2025,11,2025_11_DET_PHI,PHI,00-0036876,TE
2025,11,2025_11_DET_PHI,PHI,00-0036912,WR
2025,11,2025_11_DET_PHI,PHI,00-0037086,TE
2025,11,2025_11_DET_PHI,PHI,00-0037741,WR
2025,11,2025_11_DET_PHI,PHI,00-0038555,RB
2025,11,2025_11_DET_PHI,PHI,00-0038564,TE
2025,11,2025_11_DET_PHI,PHI,00-0039746,RB
2025,11,2025_11_DET_PHI,PHI,00-0040024,WR
2025,11,2025_11_GB_NYG,GB,00-0035700,RB
2025,11,2025_11_GB_NYG,GB,00-0036264,QB
2025,11,2025_11_GB_NYG,GB,00-0037306,TE
2025,11,2025_11_GB_NYG,GB,00-0037816,WR
2025,11,2025_11_GB_NYG,GB,00-0038124,WR
2025,11,2025_11_GB_NYG,GB,00-0038128,QB
2025,11,2025_11_GB_NYG,GB,00-0038393,WR
2025,11,2025_11_GB_NYG,GB,00-0038589,TE
2025,11,2025_11_GB_NYG,GB,00-0038685,RB
2025,11,2025_11_GB_NYG,GB,00-0038797,RB
2025,11,2025_11_GB_NYG,GB,00-0039144,TE
2025,11,2025_11_GB_NYG,GB,00-0040009,WR
2025,11,2025_11_GB_NYG,GB,00-0040667,WR
2025,11,2025_11_GB_NYG,NYG,00-0031484,TE
2025,11,2025_11_GB_NYG,NYG,00-0031503,QB
2025,11,2025_11_GB_NYG,NYG,00-0035250,RB
2025,11,2025_11_GB_NYG,NYG,00-0036165,WR
2025,11,2025_11_GB_NYG,NYG,00-0038115,TE
2025,11,2025_11_GB_NYG,NYG,00-0038117,WR
2025,11,2025_11_GB_NYG,NYG,00-0038938,WR
2025,11,2025_11_GB_NYG,NYG,00-0039384,RB
2025,11,2025_11_GB_NYG,NYG,00-0039847,TE
2025,11,2025_11_HOU_TEN,HOU,00-0033854,RB
2025,11,2025_11_HOU_TEN,HOU,00-0034383,TE
2025,11,2025_11_HOU_TEN,HOU,00-0034775,WR
2025,11,2025_11_HOU_TEN,HOU,00-0034791,RB
2025,11,2025_11_HOU_TEN,HOU,00-0035726,RB
2025,11,2025_11_HOU_TEN,HOU,00-0036554,WR
2025,11,2025_11_HOU_TEN,HOU,00-0036898,QB
2025,11,2025_11_HOU_TEN,HOU,00-0038618,WR
2025,11,2025_11_HOU_TEN,HOU,00-0039359,TE
2025,11,2025_11_HOU_TEN,HOU,00-0040130,WR
2025,11,2025_11_HOU_TEN,HOU,00-0040138,WR
2025,11,2025_11_HOU_TEN,HOU,00-0040583,RB
2025,11,2025_11_HOU_TEN,TEN,00-0034837,WR
2025,11,2025_11_HOU_TEN,TEN,00-0035261,RB
2025,11,2025_11_HOU_TEN,TEN,00-0036176,WR
2025,11,2025_11_HOU_TEN,TEN,00-0036415,WR
2025,11,2025_11_HOU_TEN,TEN,00-0037809,TE
2025,11,2025_11_HOU_TEN,TEN,00-0039032,RB
2025,11,2025_11_HOU_TEN,TEN,00-0039648,TE
2025,11,2025_11_HOU_TEN,TEN,00-0040170,WR
2025,11,2025_11_HOU_TEN,TEN,00-0040584,TE
2025,11,2025_11_HOU_TEN,TEN,00-0040676,QB
2025,11,2025_11_HOU_TEN,TEN,00-0040705,WR
2025,11,2025_11_KC_DEN,DEN,00-0024243,TE
2025,11,2025_11_KC_DEN,DEN,00-0033881,TE
2025,11,2025_11_KC_DEN,DEN,00-0034348,WR
2025,11,2025_11_KC_DEN,DEN,00-0035406,WR
2025,11,2025_11_KC_DEN,DEN,00-0036422,TE
2025,11,2025_11_KC_DEN,DEN,00-0036727,RB
2025,11,2025_11_KC_DEN,DEN,00-0037085,RB
2025,11,2025_11_KC_DEN,DEN,00-0038794,RB
2025,11,2025_11_KC_DEN,DEN,00-0038976,WR
2025,11,2025_11_KC_DEN,DEN,00-0039732,QB
2025,11,2025_11_KC_DEN,DEN,00-0039868,WR
2025,11,2025_11_KC_DEN,DEN,00-0040134,WR
2025,11,2025_11_KC_DEN,DEN,00-0040730,RB
2025,11,2025_11_KC_DEN,KC,00-0030506,TE
2025,11,2025_11_KC_DEN,KC,00-0033757,TE
2025,11,2025_11_KC_DEN,KC,00-0033857,WR
2025,11,2025_11_KC_DEN,KC,00-0033873,QB
2025,11,2025_11_KC_DEN,KC,00-0033923,RB
2025,11,2025_11_KC_DEN,KC,00-0035662,WR
2025,11,2025_11_KC_DEN,KC,00-0036567,RB
2025,11,2025_11_KC_DEN,KC,00-0036637,TE
2025,11,2025_11_KC_DEN,KC,00-0038104,WR
2025,11,2025_11_KC_DEN,KC,00-0039067,WR
2025,11,2025_11_KC_DEN,KC,00-0039894,WR
2025,11,2025_11_KC_DEN,KC,00-0040078,RB
2025,11,2025_11_LAC_JAX,JAX,00-0033246,TE
2025,11,2025_11_LAC_JAX,JAX,00-0033319,QB
2025,11,2025_11_LAC_JAX,JAX,00-0033375,WR
2025,11,2025_11_LAC_JAX,JAX,00-0034960,WR
2025,11,2025_11_LAC_JAX,JAX,00-0036590,TE
2025,11,2025_11_LAC_JAX,JAX,00-0036626,WR
2025,11,2025_11_LAC_JAX,JAX,00-0036841,WR
2025,11,2025_11_LAC_JAX,JAX,00-0036971,QB
2025,11,2025_11_LAC_JAX,JAX,00-0036973,RB
2025,11,2025_11_LAC_JAX,JAX,00-0038606,WR
2025,11,2025_11_LAC_JAX,JAX,00-0040238,RB
2025,11,2025_11_LAC_JAX,JAX,00-0040719,RB
2025,11,2025_11_LAC_JAX,LAC,00-0030279,WR
2025,11,2025_11_LAC_JAX,LAC,00-0035291,RB
2025,11,2025_11_LAC_JAX,LAC,00-0036355,QB
2025,11,2025_11_LAC_JAX,LAC,00-0037012,QB
2025,11,2025_11_LAC_JAX,LAC,00-0037654,TE
2025,11,2025_11_LAC_JAX,LAC,00-0038544,WR
2025,11,2025_11_LAC_JAX,LAC,00-0038573,WR
2025,11,2025_11_LAC_JAX,LAC,00-0038614,RB
2025,11,2025_11_LAC_JAX,LAC,00-0039391,RB
2025,11,2025_11_LAC_JAX,LAC,00-0039915,WR
2025,11,2025_11_LAC_JAX,LAC,00-0040039,RB
2025,11,2025_11_LAC_JAX,LAC,00-0040189,TE
2025,11,2025_11_LAC_JAX,LAC,00-0040727,WR
2025,11,2025_11_NYJ_NE,NE,00-0031588,WR
2025,11,2025_11_NYJ_NE,NE,00-0033090,TE
2025,11,2025_11_NYJ_NE,NE,00-0033555,WR
2025,11,2025_11_NYJ_NE,NE,00-0035628,RB
2025,11,2025_11_NYJ_NE,NE,00-0038621,WR
2025,11,2025_11_NYJ_NE,NE,00-0039305,RB
2025,11,2025_11_NYJ_NE,NE,00-0039851,QB
2025,11,2025_11_NYJ_NE,NE,00-0040131,WR
2025,11,2025_11_NYJ_NE,NE,00-0040563,WR
2025,11,2025_11_NYJ_NE,NE,00-0040734,RB
2025,11,2025_11_NYJ_NE,NYJ,00-0034959,RB
2025,11,2025_11_NYJ_NE,NYJ,00-0036427,WR
2025,11,2025_11_NYJ_NE,NYJ,00-0036945,QB
2025,11,2025_11_NYJ_NE,NYJ,00-0037614,WR
2025,11,2025_11_NYJ_NE,NYJ,00-0037805,TE
2025,11,2025_11_NYJ_NE,NYJ,00-0038120,RB
2025,11,2025_11_NYJ_NE,NYJ,00-0039451,WR
2025,11,2025_11_NYJ_NE,NYJ,00-0039798,RB
2025,11,2025_11_NYJ_NE,NYJ,00-0039890,WR
2025,11,2025_11_NYJ_NE,NYJ,00-0040582,WR
2025,11,2025_11_NYJ_NE,NYJ,00-0040736,TE
2025,11,2025_11_SEA_LA,LA,00-0026498,QB
2025,11,2025_11_SEA_LA,LA,00-0031381,WR
2025,11,2025_11_SEA_LA,LA,00-0033110,TE
2025,11,2025_11_SEA_LA,LA,00-0036244,TE
2025,11,2025_11_SEA_LA,LA,00-0037840,RB
2025,11,2025_11_SEA_LA,LA,00-0038359,WR
2025,11,2025_11_SEA_LA,LA,00-0039074,TE
2025,11,2025_11_SEA_LA,LA,00-0039075,WR
2025,11,2025_11_SEA_LA,LA,00-0039738,RB
2025,11,2025_11_SEA_LA,LA,00-0039751,WR
2025,11,2025_11_SEA_LA,LA,00-0040590,WR
2025,11,2025_11_SEA_LA,LA,00-0040737,TE
2025,11,2025_11_SEA_LA,SEA,00-0033908,WR
2025,11,2025_11_SEA_LA,SEA,00-0034869,QB
2025,11,2025_11_SEA_LA,SEA,00-0037545,WR
2025,11,2025_11_SEA_LA,SEA,00-0038134,RB
2025,11,2025_11_SEA_LA,SEA,00-0038543,WR
2025,11,2025_11_SEA_LA,SEA,00-0039165,RB
2025,11,2025_11_SEA_LA,SEA,00-0039299,RB
2025,11,2025_11_SEA_LA,SEA,00-0039793,TE
2025,11,2025_11_SEA_LA,SEA,00-0040058,TE
2025,11,2025_11_SEA_LA,SEA,00-0040649,RB
2025,11,2025_11_SEA_LA,SEA,00-0040739,TE
2025,11,2025_11_SF_ARI,ARI,00-0033119,QB
2025,11,2025_11_SF_ARI,ARI,00-0033439,TE
2025,11,2025_11_SF_ARI,ARI,00-0035500,WR
2025,11,2025_11_SF_ARI,ARI,00-0035876,WR
2025,11,2025_11_SF_ARI,ARI,00-0036332,TE
2025,11,2025_11_SF_ARI,ARI,00-0036924,RB
2025,11,2025_11_SF_ARI,ARI,00-0037157,RB
2025,11,2025_11_SF_ARI,ARI,00-0037744,TE
2025,11,2025_11_SF_ARI,ARI,00-0038559,WR
2025,11,2025_11_SF_ARI,ARI,00-0038705,RB
2025,11,2025_11_SF_ARI,ARI,00-0039041,TE
2025,11,2025_11_SF_ARI,ARI,00-0039521,WR
2025,11,2025_11_SF_ARI,SF,00-0029892,RB
2025,11,2025_11_SF_ARI,SF,00-0032775,WR
2025,11,2025_11_SF_ARI,SF,00-0033280,RB
2025,11,2025_11_SF_ARI,SF,00-0033288,TE
2025,11,2025_11_SF_ARI,SF,00-0033307,WR
2025,11,2025_11_SF_ARI,SF,00-0036259,WR
2025,11,2025_11_SF_ARI,SF,00-0036887,TE
2025,11,2025_11_SF_ARI,SF,00-0036972,QB
2025,11,2025_11_SF_ARI,SF,00-0037112,TE
2025,11,2025_11_SF_ARI,SF,00-0037746,RB
2025,11,2025_11_SF_ARI,SF,00-0037834,QB
2025,11,2025_11_SF_ARI,SF,00-0039916,WR
2025,11,2025_11_TB_BUF,BUF,00-0033282,WR
2025,11,2025_11_TB_BUF,BUF,00-0034857,QB
2025,11,2025_11_TB_BUF,BUF,00-0035140,WR
2025,11,2025_11_TB_BUF,BUF,00-0035537,RB
2025,11,2025_11_TB_BUF,BUF,00-0035689,TE
2025,11,2025_11_TB_BUF,BUF,00-0036187,RB
2025,11,2025_11_TB_BUF,BUF,00-0036196,WR
2025,11,2025_11_TB_BUF,BUF,00-0036988,WR
2025,11,2025_11_TB_BUF,BUF,00-0037248,RB
2025,11,2025_11_TB_BUF,BUF,00-0037261,WR
2025,11,2025_11_TB_BUF,BUF,00-0038679,WR
2025,11,2025_11_TB_BUF,BUF,00-0039875,RB
2025,11,2025_11_TB_BUF,BUF,00-0040194,TE
2025,11,2025_11_TB_BUF,BUF,00-0040363,TE
2025,11,2025_11_TB_BUF,TB,00-0031237,QB
2025,11,2025_11_TB_BUF,TB,00-0032385,WR
2025,11,2025_11_TB_BUF,TB,00-0034855,QB
2025,11,2025_11_TB_BUF,TB,00-0037256,RB
2025,11,2025_11_TB_BUF,TB,00-0038129,TE
2025,11,2025_11_TB_BUF,TB,00-0038458,RB
2025,11,2025_11_TB_BUF,TB,00-0038824,WR
2025,11,2025_11_TB_BUF,TB,00-0038951,RB
2025,11,2025_11_TB_BUF,TB,00-0039050,TE
2025,11,2025_11_TB_BUF,TB,00-0039589,WR
2025,11,2025_11_TB_BUF,TB,00-0039754,TE
2025,11,2025_11_TB_BUF,TB,00-0040129,WR
2025,11,2025_11_TB_BUF,TB,00-0040237,WR
2025,11,2025_11_WAS_MIA,MIA,00-0034418,WR
2025,11,2025_11_WAS_MIA,MIA,00-0035125,RB
2025,11,2025_11_WAS_MIA,MIA,00-0036182,WR
2025,11,2025_11_WAS_MIA,MIA,00-0036212,QB
2025,11,2025_11_WAS_MIA,MIA,00-0036613,WR
2025,11,2025_11_WAS_MIA,MIA,00-0037252,TE
2025,11,2025_11_WAS_MIA,MIA,00-0038720,TE
2025,11,2025_11_WAS_MIA,MIA,00-0039040,RB
2025,11,2025_11_WAS_MIA,MIA,00-0039489,TE
2025,11,2025_11_WAS_MIA,MIA,00-0039874,RB
2025,11,2025_11_WAS_MIA,MIA,00-0039880,WR
2025,11,2025_11_WAS_MIA,MIA,00-0039884,WR
2025,11,2025_11_WAS_MIA,MIA,00-0040198,RB
2025,11,2025_11_WAS_MIA,WAS,00-0026300,QB
2025,11,2025_11_WAS_MIA,WAS,00-0030061,TE
2025,11,2025_11_WAS_MIA,WAS,00-0032268,QB
2025,11,2025_11_WAS_MIA,WAS,00-0032398,WR
2025,11,2025_11_WAS_MIA,WAS,00-0032688,WR
2025,11,2025_11_WAS_MIA,WAS,00-0033955,RB
2025,11,2025_11_WAS_MIA,WAS,00-0035719,WR
2025,11,2025_11_WAS_MIA,WAS,00-0036628,TE
2025,11,2025_11_WAS_MIA,WAS,00-0038611,RB
2025,11,2025_11_WAS_MIA,WAS,00-0039686,TE
2025,11,2025_11_WAS_MIA,WAS,00-0040164,WR
2025,11,2025_11_WAS_MIA,WAS,00-0040242,RB
2025,11,2025_11_WAS_MIA,WAS,00-0040317,WR
2025,12,2025_12_ATL_NO,ATL,00-0029604,QB
2025,12,2025_12_ATL_NO,ATL,00-0034854,WR
2025,12,2025_12_ATL_NO,ATL,00-0035359,WR
2025,12,2025_12_ATL_NO,ATL,00-0036309,WR
2025,12,2025_12_ATL_NO,ATL,00-0036429,TE
2025,12,2025_12_ATL_NO,ATL,00-0036825,TE
2025,12,2025_12_ATL_NO,ATL,00-0036970,TE
2025,12,2025_12_ATL_NO,ATL,00-0037263,RB
2025,12,2025_12_ATL_NO,ATL,00-0037277,TE
2025,12,2025_12_ATL_NO,ATL,00-0038542,RB
2025,12,2025_12_ATL_NO,ATL,00-0038953,WR
2025,12,2025_12_ATL_NO,NO,00-0033357,QB
2025,12,2025_12_ATL_NO,NO,00-0033906,RB
2025,12,2025_12_ATL_NO,NO,00-0034860,WR
2025,12,2025_12_ATL_NO,NO,00-0034981,TE
2025,12,2025_12_ATL_NO,NO,00-0036040,TE
2025,12,2025_12_ATL_NO,NO,00-0036741,TE
2025,12,2025_12_ATL_NO,NO,00-0037231,WR
2025,12,2025_12_ATL_NO,NO,00-0037239,WR
2025,12,2025_12_ATL_NO,NO,00-0037340,TE
2025,12,2025_12_ATL_NO,NO,00-0039424,WR
2025,12,2025_12_ATL_NO,NO,00-0039623,WR
2025,12,2025_12_ATL_NO,NO,00-0040202,RB
2025,12,2025_12_ATL_NO,NO,00-0040743,QB
2025,12,2025_12_BUF_HOU,BUF,00-0034857,QB
2025,12,2025_12_BUF_HOU,BUF,00-0035537,RB
2025,12,2025_12_BUF_HOU,BUF,00-0035689,TE
2025,12,2025_12_BUF_HOU,BUF,00-0036187,RB
2025,12,2025_12_BUF_HOU,BUF,00-0036196,WR
2025,12,2025_12_BUF_HOU,BUF,00-0036980,WR
2025,12,2025_12_BUF_HOU,BUF,00-0036988,WR
2025,12,2025_12_BUF_HOU,BUF,00-0037248,RB
2025,12,2025_12_BUF_HOU,BUF,00-0037261,WR
2025,12,2025_12_BUF_HOU,BUF,00-0038679,WR
2025,12,2025_12_BUF_HOU,BUF,00-0039875,RB
2025,12,2025_12_BUF_HOU,BUF,00-0040194,TE
2025,12,2025_12_BUF_HOU,BUF,00-0040363,TE
2025,12,2025_12_BUF_HOU,HOU,00-0033854,RB
2025,12,2025_12_BUF_HOU,HOU,00-0034383,TE
2025,12,2025_12_BUF_HOU,HOU,00-0034775,WR
2025,12,2025_12_BUF_HOU,HOU,00-0034791,RB
2025,12,2025_12_BUF_HOU,HOU,00-0035726,RB
2025,12,2025_12_BUF_HOU,HOU,00-0036554,WR
2025,12,2025_12_BUF_HOU,HOU,00-0036898,QB
2025,12,2025_12_BUF_HOU,HOU,00-0038618,WR
2025,12,2025_12_BUF_HOU,HOU,00-0039359,TE
2025,12,2025_12_BUF_HOU,HOU,00-0039603,RB
2025,12,2025_12_BUF_HOU,HOU,00-0040130,WR
2025,12,2025_12_BUF_HOU,HOU,00-0040138,WR
2025,12,2025_12_BUF_HOU,HOU,00-0040583,RB
2025,12,2025_12_CAR_SF,CAR,00-0036139,RB
2025,12,2025_12_CAR_SF,CAR,00-0036555,RB
2025,12,2025_12_CAR_SF,CAR,00-0037005,TE
2025,12,2025_12_CAR_SF,CAR,00-0038840,WR
2025,12,2025_12_CAR_SF,CAR,00-0039150,QB
2025,12,2025_12_CAR_SF,CAR,00-0039342,WR
2025,12,2025_12_CAR_SF,CAR,00-0039356,TE
2025,12,2025_12_CAR_SF,CAR,00-0039491,WR
2025,12,2025_12_CAR_SF,CAR,00-0040124,WR
2025,12,2025_12_CAR_SF,CAR,00-0040187,TE
2025,12,2025_12_CAR_SF,CAR,00-0040218,WR
2025,12,2025_12_CAR_SF,SF,00-0029892,RB
2025,12,2025_12_CAR_SF,SF,00-0032775,WR
2025,12,2025_12_CAR_SF,SF,00-0033280,RB
2025,12,2025_12_CAR_SF,SF,00-0033288,TE
2025,12,2025_12_CAR_SF,SF,00-0033307,WR
2025,12,2025_12_CAR_SF,SF,00-0036259,WR
2025,12,2025_12_CAR_SF,SF,00-0036887,TE
2025,12,2025_12_CAR_SF,SF,00-0037112,TE
2025,12,2025_12_CAR_SF,SF,00-0037746,RB
2025,12,2025_12_CAR_SF,SF,00-0037834,QB
2025,12,2025_12_CAR_SF,SF,00-0038090,WR
2025,12,2025_12_CAR_SF,SF,00-0039916,WR
2025,12,2025_12_CLE_LV,CLE,00-0033885,TE
2025,12,2025_12_CLE_LV,CLE,00-0036407,WR
2025,12,2025_12_CLE_LV,CLE,00-0037267,RB
2025,12,2025_12_CLE_LV,CLE,00-0038710,TE
2025,12,2025_12_CLE_LV,CLE,00-0038979,WR
2025,12,2025_12_CLE_LV,CLE,00-0039458,TE
2025,12,2025_12_CLE_LV,CLE,00-0039920,WR
2025,12,2025_12_CLE_LV,CLE,00-0040162,RB
2025,12,2025_12_CLE_LV,CLE,00-0040259,WR
2025,12,2025_12_CLE_LV,CLE,00-0040663,TE
2025,12,2025_12_CLE_LV,CLE,00-0040668,QB
2025,12,2025_12_CLE_LV,CLE,00-0040782,WR
2025,12,2025_12_CLE_LV,CLE,00-0040784,RB
2025,12,2025_12_CLE_LV,LV,00-0030565,QB
2025,12,2025_12_CLE_LV,LV,00-0031687,RB
2025,12,2025_12_CLE_LV,LV,00-0032211,WR
2025,12,2025_12_CLE_LV,LV,00-0034365,TE
2025,12,2025_12_CLE_LV,LV,00-0035602,WR
2025,12,2025_12_CLE_LV,LV,00-0038563,WR
2025,12,2025_12_CLE_LV,LV,00-0039066,TE
2025,12,2025_12_CLE_LV,LV,00-0039338,TE
2025,12,2025_12_CLE_LV,LV,00-0040122,RB
2025,12,2025_12_CLE_LV,LV,00-0040488,TE
2025,12,2025_12_CLE_LV,LV,00-0040581,WR
2025,12,2025_12_CLE_LV,LV,00-0040729,WR
2025,12,2025_12_IND_KC,IND,00-0032104,RB
2025,12,2025_12_IND_KC,IND,00-0032951,WR
2025,12,2025_12_IND_KC,IND,00-0033217,TE
2025,12,2025_12_IND_KC,IND,00-0035021,WR
2025,12,2025_12_IND_KC,IND,00-0035710,QB
2025,12,2025_12_IND_KC,IND,00-0036223,RB
2025,12,2025_12_IND_KC,IND,00-0036252,WR
2025,12,2025_12_IND_KC,IND,00-0037120,RB
2025,12,2025_12_IND_KC,IND,00-0037292,TE
2025,12,2025_12_IND_KC,IND,00-0037664,WR
2025,12,2025_12_IND_KC,IND,00-0038997,WR
2025,12,2025_12_IND_KC,IND,00-0040128,TE
2025,12,2025_12_IND_KC,KC,00-0030506,TE
2025,12,2025_12_IND_KC,KC,00-0033757,TE
2025,12,2025_12_IND_KC,KC,00-0033857,WR
2025,12,2025_12_IND_KC,KC,00-0033873,QB
2025,12,2025_12_IND_KC,KC,00-0033923,RB
2025,12,2025_12_IND_KC,KC,00-0035662,WR
2025,12,2025_12_IND_KC,KC,00-0036360,RB
2025,12,2025_12_IND_KC,KC,00-0036637,TE
2025,12,2025_12_IND_KC,KC,00-0038104,WR
2025,12,2025_12_IND_KC,KC,00-0039067,WR
2025,12,2025_12_IND_KC,KC,00-0039894,WR
2025,12,2025_12_IND_KC,KC,00-0040078,RB
2025,12,2025_12_JAX_ARI,ARI,00-0033119,QB
2025,12,2025_12_JAX_ARI,ARI,00-0033439,TE
2025,12,2025_12_JAX_ARI,ARI,00-0035500,WR
2025,12,2025_12_JAX_ARI,ARI,00-0035876,WR
2025,12,2025_12_JAX_ARI,ARI,00-0036332,TE
2025,12,2025_12_JAX_ARI,ARI,00-0036924,RB
2025,12,2025_12_JAX_ARI,ARI,00-0037157,RB
2025,12,2025_12_JAX_ARI,ARI,00-0037744,TE
2025,12,2025_12_JAX_ARI,ARI,00-0038559,WR
2025,12,2025_12_JAX_ARI,ARI,00-0039041,TE
2025,12,2025_12_JAX_ARI,ARI,00-0039521,WR
2025,12,2025_12_JAX_ARI,ARI,00-0039577,QB
2025,12,2025_12_JAX_ARI,JAX,00-0033246,TE
2025,12,2025_12_JAX_ARI,JAX,00-0033375,WR
2025,12,2025_12_JAX_ARI,JAX,00-0034960,WR
2025,12,2025_12_JAX_ARI,JAX,00-0036590,TE
2025,12,2025_12_JAX_ARI,JAX,00-0036626,WR
2025,12,2025_12_JAX_ARI,JAX,00-0036841,WR
2025,12,2025_12_JAX_ARI,JAX,00-0036971,QB
2025,12,2025_12_JAX_ARI,JAX,00-0036973,RB
2025,12,2025_12_JAX_ARI,JAX,00-0038606,WR
2025,12,2025_12_JAX_ARI,JAX,00-0038935,TE
2025,12,2025_12_JAX_ARI,JAX,00-0040238,RB
2025,12,2025_12_JAX_ARI,JAX,00-0040719,RB
2025,12,2025_12_MIN_GB,GB,00-0036264,QB
2025,12,2025_12_MIN_GB,GB,00-0037306,TE
2025,12,2025_12_MIN_GB,GB,00-0037816,WR
2025,12,2025_12_MIN_GB,GB,00-0038124,WR
2025,12,2025_12_MIN_GB,GB,00-0038128,QB
2025,12,2025_12_MIN_GB,GB,00-0038393,WR
2025,12,2025_12_MIN_GB,GB,00-0038465,WR
2025,12,2025_12_MIN_GB,GB,00-0038589,TE
2025,12,2025_12_MIN_GB,GB,00-0038685,RB
2025,12,2025_12_MIN_GB,GB,00-0038797,RB
2025,12,2025_12_MIN_GB,GB,00-0039144,TE
2025,12,2025_12_MIN_GB,GB,00-0040009,WR
2025,12,2025_12_MIN_GB,MIN,00-0030035,WR
2025,12,2025_12_MIN_GB,MIN,00-0032918,RB
2025,12,2025_12_MIN_GB,MIN,00-0033293,RB
2025,12,2025_12_MIN_GB,MIN,00-0035229,TE
2025,12,2025_12_MIN_GB,MIN,00-0035249,TE
2025,12,2025_12_MIN_GB,MIN,00-0036322,WR
2025,12,2025_12_MIN_GB,MIN,00-0037291,WR
2025,12,2025_12_MIN_GB,MIN,00-0037525,RB
2025,12,2025_12_MIN_GB,MIN,00-0038809,TE
2025,12,2025_12_MIN_GB,MIN,00-0038994,WR
2025,12,2025_12_MIN_GB,MIN,00-0039923,QB
2025,12,2025_12_NE_CIN,CIN,00-0026158,QB
2025,12,2025_12_NE_CIN,CIN,00-0034613,TE
2025,12,2025_12_NE_CIN,CIN,00-0034829,TE
2025,12,2025_12_NE_CIN,CIN,00-0035100,QB
2025,12,2025_12_NE_CIN,CIN,00-0035631,TE
2025,12,2025_12_NE_CIN,CIN,00-0035644,TE
2025,12,2025_12_NE_CIN,CIN,00-0036410,WR
2025,12,2025_12_NE_CIN,CIN,00-0038576,WR
2025,12,2025_12_NE_CIN,CIN,00-0038619,WR
2025,12,2025_12_NE_CIN,CIN,00-0038839,WR
2025,12,2025_12_NE_CIN,NE,00-0031588,WR
2025,12,2025_12_NE_CIN,NE,00-0032392,TE
2025,12,2025_12_NE_CIN,NE,00-0033090,TE
2025,12,2025_12_NE_CIN,NE,00-0033555,WR
2025,12,2025_12_NE_CIN,NE,00-0036875,RB
2025,12,2025_12_NE_CIN,NE,00-0038608,WR
2025,12,2025_12_NE_CIN,NE,00-0038621,WR
2025,12,2025_12_NE_CIN,NE,00-0039305,RB
2025,12,2025_12_NE_CIN,NE,00-0039757,RB
2025,12,2025_12_NE_CIN,NE,00-0039851,QB
2025,12,2025_12_NE_CIN,NE,00-0040131,WR
2025,12,2025_12_NE_CIN,NE,00-0040734,RB
2025,12,2025_12_NYG_DET,DET,00-0032464,WR
2025,12,2025_12_NYG_DET,DET,00-0033106,QB
2025,12,2025_12_NYG_DET,DET,00-0033455,TE
2025,12,2025_12_NYG_DET,DET,00-0034073,TE
2025,12,2025_12_NYG_DET,DET,00-0035685,RB
2025,12,2025_12_NYG_DET,DET,00-0036754,TE
2025,12,2025_12_NYG_DET,DET,00-0036963,WR
2025,12,2025_12_NYG_DET,DET,00-0037240,WR
2025,12,2025_12_NYG_DET,DET,00-0039139,RB
2025,12,2025_12_NYG_DET,DET,00-0040669,WR
2025,12,2025_12_NYG_DET,NYG,00-0031484,TE
2025,12,2025_12_NYG_DET,NYG,00-0031503,QB
2025,12,2025_12_NYG_DET,NYG,00-0035250,RB
2025,12,2025_12_NYG_DET,NYG,00-0035535,WR
2025,12,2025_12_NYG_DET,NYG,00-0035645,WR
2025,12,2025_12_NYG_DET,NYG,00-0036165,WR
2025,12,2025_12_NYG_DET,NYG,00-0038115,TE
2025,12,2025_12_NYG_DET,NYG,00-0038117,WR
2025,12,2025_12_NYG_DET,NYG,00-0039384,RB
2025,12,2025_12_NYG_DET,NYG,00-0039847,TE
2025,12,2025_12_NYG_DET,NYG,00-0040431,WR
2025,12,2025_12_NYJ_BAL,BAL,00-0030564,WR
2025,12,2025_12_NYJ_BAL,BAL,00-0032764,RB
2025,12,2025_12_NYJ_BAL,BAL,00-0033376,RB
2025,12,2025_12_NYJ_BAL,BAL,00-0034753,TE
2025,12,2025_12_NYJ_BAL,BAL,00-0034796,QB
2025,12,2025_12_NYJ_BAL,BAL,00-0034975,RB
2025,12,2025_12_NYJ_BAL,BAL,00-0036630,WR
2025,12,2025_12_NYJ_BAL,BAL,00-0037838,TE
2025,12,2025_12_NYJ_BAL,BAL,00-0038046,TE
2025,12,2025_12_NYJ_BAL,BAL,00-0038454,RB
2025,12,2025_12_NYJ_BAL,BAL,00-0039064,WR
2025,12,2025_12_NYJ_BAL,BAL,00-0039792,WR
2025,12,2025_12_NYJ_BAL,BAL,00-0040075,WR
2025,12,2025_12_NYJ_BAL,NYJ,00-0028118,QB
2025,12,2025_12_NYJ_BAL,NYJ,00-0034521,WR
2025,12,2025_12_NYJ_BAL,NYJ,00-0034959,RB
2025,12,2025_12_NYJ_BAL,NYJ,00-0037614,WR
2025,12,2025_12_NYJ_BAL,NYJ,00-0037805,TE
2025,12,2025_12_NYJ_BAL,NYJ,00-0038120,RB
2025,12,2025_12_NYJ_BAL,NYJ,00-0039451,WR
2025,12,2025_12_NYJ_BAL,NYJ,00-0039798,RB
2025,12,2025_12_NYJ_BAL,NYJ,00-0039890,WR
2025,12,2025_12_NYJ_BAL,NYJ,00-0040582,WR
2025,12,2025_12_NYJ_BAL,NYJ,00-0040736,TE
2025,12,2025_12_PHI_DAL,DAL,00-0033077,QB
2025,12,2025_12_PHI_DAL,DAL,00-0036358,WR
2025,12,2025_12_PHI_DAL,DAL,00-0036997,RB
2025,12,2025_12_PHI_DAL,DAL,00-0037247,WR
2025,12,2025_12_PHI_DAL,DAL,00-0037563,RB
2025,12,2025_12_PHI_DAL,DAL,00-0037801,WR
2025,12,2025_12_PHI_DAL,DAL,00-0038041,TE
2025,12,2025_12_PHI_DAL,DAL,00-0038547,TE
2025,12,2025_12_PHI_DAL,DAL,00-0038738,RB
2025,12,2025_12_PHI_DAL,DAL,00-0039062,WR
2025,12,2025_12_PHI_DAL,DAL,00-0039410,WR
2025,12,2025_12_PHI_DAL,DAL,00-0039530,TE
2025,12,2025_12_PHI_DAL,PHI,00-0034351,TE
2025,12,2025_12_PHI_DAL,PHI,00-0034844,RB
2025,12,2025_12_PHI_DAL,PHI,00-0035676,WR
2025,12,2025_12_PHI_DAL,PHI,00-0036389,QB
2025,12,2025_12_PHI_DAL,PHI,00-0036876,TE
2025,12,2025_12_PHI_DAL,PHI,00-0036912,WR
2025,12,2025_12_PHI_DAL,PHI,00-0037086,TE
2025,12,2025_12_PHI_DAL,PHI,00-0037741,WR
2025,12,2025_12_PHI_DAL,PHI,00-0038496,WR
2025,12,2025_12_PHI_DAL,PHI,00-0038555,RB
2025,12,2025_12_PHI_DAL,PHI,00-0038564,TE
2025,12,2025_12_PHI_DAL,PHI,00-0039746,RB
2025,12,2025_12_PHI_DAL,PHI,00-0040024,WR
2025,12,2025_12_PIT_CHI,CHI,00-0034798,TE
2025,12,2025_12_PIT_CHI,CHI,00-0034827,WR
2025,12,2025_12_PIT_CHI,CHI,00-0035208,WR
2025,12,2025_12_PIT_CHI,CHI,00-0036275,RB
2025,12,2025_12_PIT_CHI,CHI,00-0036290,TE
2025,12,2025_12_PIT_CHI,CHI,00-0039918,QB
2025,12,2025_12_PIT_CHI,CHI,00-0039919,WR
2025,12,2025_12_PIT_CHI,CHI,00-0040126,TE
2025,12,2025_12_PIT_CHI,CHI,00-0040236,RB
2025,12,2025_12_PIT_CHI,CHI,00-0040735,WR
2025,12,2025_12_PIT_CHI,PIT,00-0033858,TE
2025,12,2025_12_PIT_CHI,PIT,00-0034771,QB
2025,12,2025_12_PIT_CHI,PIT,00-0035298,WR
2025,12,2025_12_PIT_CHI,PIT,00-0035640,WR
2025,12,2025_12_PIT_CHI,PIT,00-0036862,WR
2025,12,2025_12_PIT_CHI,PIT,00-0036894,TE
2025,12,2025_12_PIT_CHI,PIT,00-0036919,RB
2025,12,2025_12_PIT_CHI,PIT,00-0037228,RB
2025,12,2025_12_PIT_CHI,PIT,00-0037304,TE
2025,12,2025_12_PIT_CHI,PIT,00-0037837,WR
2025,12,2025_12_PIT_CHI,PIT,00-0038558,TE
2025,12,2025_12_PIT_CHI,PIT,00-0039739,WR
2025,12,2025_12_SEA_TEN,SEA,00-0033908,WR
2025,12,2025_12_SEA_TEN,SEA,00-0034869,QB
2025,12,2025_12_SEA_TEN,SEA,00-0037545,WR
2025,12,2025_12_SEA_TEN,SEA,00-0038134,RB
2025,12,2025_12_SEA_TEN,SEA,00-0038488,RB
2025,12,2025_12_SEA_TEN,SEA,00-0038543,WR
2025,12,2025_12_SEA_TEN,SEA,00-0038752,WR
2025,12,2025_12_SEA_TEN,SEA,00-0039165,RB
2025,12,2025_12_SEA_TEN,SEA,00-0039793,TE
2025,12,2025_12_SEA_TEN,SEA,00-0040058,TE
2025,12,2025_12_SEA_TEN,SEA,00-0040649,RB
2025,12,2025_12_SEA_TEN,SEA,00-0040739,TE
2025,12,2025_12_SEA_TEN,TEN,00-0035261,RB
2025,12,2025_12_SEA_TEN,TEN,00-0036133,WR
2025,12,2025_12_SEA_TEN,TEN,00-0036176,WR
2025,12,2025_12_SEA_TEN,TEN,00-0036415,WR
2025,12,2025_12_SEA_TEN,TEN,00-0037594,RB
2025,12,2025_12_SEA_TEN,TEN,00-0037809,TE
2025,12,2025_12_SEA_TEN,TEN,00-0039032,RB
2025,12,2025_12_SEA_TEN,TEN,00-0039648,TE
2025,12,2025_12_SEA_TEN,TEN,00-0040522,WR
2025,12,2025_12_SEA_TEN,TEN,00-0040584,TE
2025,12,2025_12_SEA_TEN,TEN,00-0040676,QB
2025,12,2025_12_SEA_TEN,TEN,00-0040705,WR
2025,12,2025_12_TB_LA,LA,00-0026498,QB
2025,12,2025_12_TB_LA,LA,00-0031381,WR
2025,12,2025_12_TB_LA,LA,00-0036244,TE
2025,12,2025_12_TB_LA,LA,00-0037840,RB
2025,12,2025_12_TB_LA,LA,00-0039074,TE
2025,12,2025_12_TB_LA,LA,00-0039075,WR
2025,12,2025_12_TB_LA,LA,00-0039738,RB
2025,12,2025_12_TB_LA,LA,00-0039751,WR
2025,12,2025_12_TB_LA,LA,00-0040590,WR
2025,12,2025_12_TB_LA,LA,00-0040737,TE
2025,12,2025_12_TB_LA,TB,00-0031237,QB
2025,12,2025_12_TB_LA,TB,00-0032385,WR
2025,12,2025_12_TB_LA,TB,00-0033921,WR
2025,12,2025_12_TB_LA,TB,00-0034855,QB
2025,12,2025_12_TB_LA,TB,00-0037256,RB
2025,12,2025_12_TB_LA,TB,00-0038129,TE
2025,12,2025_12_TB_LA,TB,00-0038458,RB
2025,12,2025_12_TB_LA,TB,00-0038824,WR
2025,12,2025_12_TB_LA,TB,00-0038951,RB
2025,12,2025_12_TB_LA,TB,00-0039050,TE
2025,12,2025_12_TB_LA,TB,00-0039589,WR
2025,12,2025_12_TB_LA,TB,00-0039754,TE
2025,12,2025_12_TB_LA,TB,00-0040129,WR
2025,12,2025_12_TB_LA,TB,00-0040237,WR
2025,13,2025_13_ARI_TB,ARI,00-0033119,QB
2025,13,2025_13_ARI_TB,ARI,00-0033439,TE
2025,13,2025_13_ARI_TB,ARI,00-0035500,WR
2025,13,2025_13_ARI_TB,ARI,00-0036332,TE
2025,13,2025_13_ARI_TB,ARI,00-0036924,RB
2025,13,2025_13_ARI_TB,ARI,00-0037157,RB
2025,13,2025_13_ARI_TB,ARI,00-0037744,TE
2025,13,2025_13_ARI_TB,ARI,00-0038559,WR
2025,13,2025_13_ARI_TB,ARI,00-0039041,TE
2025,13,2025_13_ARI_TB,ARI,00-0039521,WR
2025,13,2025_13_ARI_TB,ARI,00-0039849,WR
2025,13,2025_13_ARI_TB,TB,00-0032385,WR
2025,13,2025_13_ARI_TB,TB,00-0033921,WR
2025,13,2025_13_ARI_TB,TB,00-0034855,QB
2025,13,2025_13_ARI_TB,TB,00-0037256,RB
2025,13,2025_13_ARI_TB,TB,00-0038129,TE
2025,13,2025_13_ARI_TB,TB,00-0038824,WR
2025,13,2025_13_ARI_TB,TB,00-0038951,RB
2025,13,2025_13_ARI_TB,TB,00-0039050,TE
2025,13,2025_13_ARI_TB,TB,00-0039361,RB
2025,13,2025_13_ARI_TB,TB,00-0039589,WR
2025,13,2025_13_ARI_TB,TB,00-0039754,TE
2025,13,2025_13_ARI_TB,TB,00-0040129,WR
2025,13,2025_13_ARI_TB,TB,00-0040237,WR
2025,13,2025_13_ATL_NYJ,ATL,00-0029604,QB
2025,13,2025_13_ATL_NYJ,ATL,00-0035359,WR
2025,13,2025_13_ATL_NYJ,ATL,00-0036309,WR
2025,13,2025_13_ATL_NYJ,ATL,00-0036429,TE
2025,13,2025_13_ATL_NYJ,ATL,00-0036825,TE
2025,13,2025_13_ATL_NYJ,ATL,00-0036970,TE
2025,13,2025_13_ATL_NYJ,ATL,00-0037263,RB
2025,13,2025_13_ATL_NYJ,ATL,00-0037277,TE
2025,13,2025_13_ATL_NYJ,ATL,00-0037487,WR
2025,13,2025_13_ATL_NYJ,ATL,00-0038542,RB
2025,13,2025_13_ATL_NYJ,ATL,00-0038953,WR
2025,13,2025_13_ATL_NYJ,NYJ,00-0028118,QB
2025,13,2025_13_ATL_NYJ,NYJ,00-0034521,WR
2025,13,2025_13_ATL_NYJ,NYJ,00-0034959,RB
2025,13,2025_13_ATL_NYJ,NYJ,00-0036427,WR
2025,13,2025_13_ATL_NYJ,NYJ,00-0037475,TE
2025,13,2025_13_ATL_NYJ,NYJ,00-0037614,WR
2025,13,2025_13_ATL_NYJ,NYJ,00-0037805,TE
2025,13,2025_13_ATL_NYJ,NYJ,00-0038120,RB
2025,13,2025_13_ATL_NYJ,NYJ,00-0039451,WR
2025,13,2025_13_ATL_NYJ,NYJ,00-0039798,RB
2025,13,2025_13_ATL_NYJ,NYJ,00-0039890,WR
2025,13,2025_13_ATL_NYJ,NYJ,00-0040736,TE
2025,13,2025_13_BUF_PIT,BUF,00-0031236,WR
2025,13,2025_13_BUF_PIT,BUF,00-0034857,QB
2025,13,2025_13_BUF_PIT,BUF,00-0035537,RB
2025,13,2025_13_BUF_PIT,BUF,00-0035689,TE
2025,13,2025_13_BUF_PIT,BUF,00-0036187,RB
2025,13,2025_13_BUF_PIT,BUF,00-0036196,WR
2025,13,2025_13_BUF_PIT,BUF,00-0037248,RB
2025,13,2025_13_BUF_PIT,BUF,00-0037261,WR
2025,13,2025_13_BUF_PIT,BUF,00-0038679,WR
2025,13,2025_13_BUF_PIT,BUF,00-0039875,RB
2025,13,2025_13_BUF_PIT,BUF,00-0039901,WR
2025,13,2025_13_BUF_PIT,BUF,00-0040194,TE
2025,13,2025_13_BUF_PIT,BUF,00-0040363,TE
2025,13,2025_13_BUF_PIT,PIT,00-0023459,QB
2025,13,2025_13_BUF_PIT,PIT,00-0033858,TE
2025,13,2025_13_BUF_PIT,PIT,00-0034771,QB
2025,13,2025_13_BUF_PIT,PIT,00-0035640,WR
2025,13,2025_13_BUF_PIT,PIT,00-0036862,WR
2025,13,2025_13_BUF_PIT,PIT,00-0036894,TE
2025,13,2025_13_BUF_PIT,PIT,00-0036919,RB
2025,13,2025_13_BUF_PIT,PIT,00-0037228,RB
2025,13,2025_13_BUF_PIT,PIT,00-0037837,WR
2025,13,2025_13_BUF_PIT,PIT,00-0038558,TE
2025,13,2025_13_BUF_PIT,PIT,00-0039739,WR
2025,13,2025_13_BUF_PIT,PIT,00-0040142,RB
2025,13,2025_13_BUF_PIT,PIT,00-0040534,WR
2025,13,2025_13_CHI_PHI,CHI,00-0034798,TE
2025,13,2025_13_CHI_PHI,CHI,00-0034827,WR
2025,13,2025_13_CHI_PHI,CHI,00-0035208,WR
2025,13,2025_13_CHI_PHI,CHI,00-0036275,RB
2025,13,2025_13_CHI_PHI,CHI,00-0036290,TE
2025,13,2025_13_CHI_PHI,CHI,00-0039918,QB
2025,13,2025_13_CHI_PHI,CHI,00-0039919,WR
2025,13,2025_13_CHI_PHI,CHI,00-0040126,TE
2025,13,2025_13_CHI_PHI,CHI,00-0040236,RB
2025,13,2025_13_CHI_PHI,CHI,00-0040735,WR
2025,13,2025_13_CHI_PHI,PHI,00-0034351,TE
2025,13,2025_13_CHI_PHI,PHI,00-0034844,RB
2025,13,2025_13_CHI_PHI,PHI,00-0035676,WR
2025,13,2025_13_CHI_PHI,PHI,00-0036389,QB
2025,13,2025_13_CHI_PHI,PHI,00-0036876,TE
2025,13,2025_13_CHI_PHI,PHI,00-0036912,WR
2025,13,2025_13_CHI_PHI,PHI,00-0037086,TE
2025,13,2025_13_CHI_PHI,PHI,00-0037741,WR
2025,13,2025_13_CHI_PHI,PHI,00-0038555,RB
2025,13,2025_13_CHI_PHI,PHI,00-0038564,TE
2025,13,2025_13_CHI_PHI,PHI,00-0039746,RB
2025,13,2025_13_CHI_PHI,PHI,00-0040024,WR
2025,13,2025_13_CIN_BAL,BAL,00-0030564,WR
2025,13,2025_13_CIN_BAL,BAL,00-0032764,RB
2025,13,2025_13_CIN_BAL,BAL,00-0033376,RB
2025,13,2025_13_CIN_BAL,BAL,00-0034753,TE
2025,13,2025_13_CIN_BAL,BAL,00-0034796,QB
2025,13,2025_13_CIN_BAL,BAL,00-0036550,WR
2025,13,2025_13_CIN_BAL,BAL,00-0037838,TE
2025,13,2025_13_CIN_BAL,BAL,00-0038046,TE
2025,13,2025_13_CIN_BAL,BAL,00-0038454,RB
2025,13,2025_13_CIN_BAL,BAL,00-0039064,WR
2025,13,2025_13_CIN_BAL,BAL,00-0039792,WR
2025,13,2025_13_CIN_BAL,BAL,00-0039796,RB
2025,13,2025_13_CIN_BAL,BAL,00-0040075,WR
2025,13,2025_13_CIN_BAL,CIN,00-0034613,TE
2025,13,2025_13_CIN_BAL,CIN,00-0034829,TE
2025,13,2025_13_CIN_BAL,CIN,00-0035631,TE
2025,13,2025_13_CIN_BAL,CIN,00-0035644,TE
2025,13,2025_13_CIN_BAL,CIN,00-0036442,QB
2025,13,2025_13_CIN_BAL,CIN,00-0036900,WR
2025,13,2025_13_CIN_BAL,CIN,00-0038576,WR
2025,13,2025_13_CIN_BAL,CIN,00-0038619,WR
2025,13,2025_13_CIN_BAL,CIN,00-0038839,WR
2025,13,2025_13_DEN_WAS,DEN,00-0033881,TE
2025,13,2025_13_DEN_WAS,DEN,00-0034348,WR
2025,13,2025_13_DEN_WAS,DEN,00-0035406,WR
2025,13,2025_13_DEN_WAS,DEN,00-0036422,TE
2025,13,2025_13_DEN_WAS,DEN,00-0036727,RB
2025,13,2025_13_DEN_WAS,DEN,00-0037085,RB
2025,13,2025_13_DEN_WAS,DEN,00-0038794,RB
2025,13,2025_13_DEN_WAS,DEN,00-0038976,WR
2025,13,2025_13_DEN_WAS,DEN,00-0039732,QB
2025,13,2025_13_DEN_WAS,DEN,00-0039868,WR
2025,13,2025_13_DEN_WAS,DEN,00-0040134,WR
2025,13,2025_13_DEN_WAS,DEN,00-0040730,RB
2025,13,2025_13_DEN_WAS,WAS,00-0030061,TE
2025,13,2025_13_DEN_WAS,WAS,00-0032268,QB
2025,13,2025_13_DEN_WAS,WAS,00-0032398,WR
2025,13,2025_13_DEN_WAS,WAS,00-0033955,RB
2025,13,2025_13_DEN_WAS,WAS,00-0035659,WR
2025,13,2025_13_DEN_WAS,WAS,00-0035719,WR
2025,13,2025_13_DEN_WAS,WAS,00-0036628,TE
2025,13,2025_13_DEN_WAS,WAS,00-0037742,WR
2025,13,2025_13_DEN_WAS,WAS,00-0038611,RB
2025,13,2025_13_DEN_WAS,WAS,00-0039686,TE
2025,13,2025_13_DEN_WAS,WAS,00-0039912,TE
2025,13,2025_13_DEN_WAS,WAS,00-0040164,WR
2025,13,2025_13_DEN_WAS,WAS,00-0040242,RB
2025,13,2025_13_GB_DET,DET,00-0033106,QB
2025,13,2025_13_GB_DET,DET,00-0033455,TE
2025,13,2025_13_GB_DET,DET,00-0034073,TE
2025,13,2025_13_GB_DET,DET,00-0035544,WR
2025,13,2025_13_GB_DET,DET,00-0035685,RB
2025,13,2025_13_GB_DET,DET,00-0036963,WR
2025,13,2025_13_GB_DET,DET,00-0037240,WR
2025,13,2025_13_GB_DET,DET,00-0039139,RB
2025,13,2025_13_GB_DET,DET,00-0040387,TE
2025,13,2025_13_GB_DET,DET,00-0040669,WR
2025,13,2025_13_GB_DET,GB,00-0035700,RB
2025,13,2025_13_GB_DET,GB,00-0036264,QB
2025,13,2025_13_GB_DET,GB,00-0037306,TE
2025,13,2025_13_GB_DET,GB,00-0037816,WR
2025,13,2025_13_GB_DET,GB,00-0038124,WR
2025,13,2025_13_GB_DET,GB,00-0038393,WR
2025,13,2025_13_GB_DET,GB,00-0038465,WR
2025,13,2025_13_GB_DET,GB,00-0038589,TE
2025,13,2025_13_GB_DET,GB,00-0038685,RB
2025,13,2025_13_GB_DET,GB,00-0038797,RB
2025,13,2025_13_GB_DET,GB,00-0039144,TE
2025,13,2025_13_HOU_IND,HOU,00-0033854,RB
2025,13,2025_13_HOU_IND,HOU,00-0034383,TE
2025,13,2025_13_HOU_IND,HOU,00-0034775,WR
2025,13,2025_13_HOU_IND,HOU,00-0034791,RB
2025,13,2025_13_HOU_IND,HOU,00-0035726,RB
2025,13,2025_13_HOU_IND,HOU,00-0036554,WR
2025,13,2025_13_HOU_IND,HOU,00-0038618,WR
2025,13,2025_13_HOU_IND,HOU,00-0039163,QB
2025,13,2025_13_HOU_IND,HOU,00-0039359,TE
2025,13,2025_13_HOU_IND,HOU,00-0039603,RB
2025,13,2025_13_HOU_IND,HOU,00-0040130,WR
2025,13,2025_13_HOU_IND,HOU,00-0040138,WR
2025,13,2025_13_HOU_IND,HOU,00-0040583,RB
2025,13,2025_13_HOU_IND,IND,00-0032104,RB
2025,13,2025_13_HOU_IND,IND,00-0032951,WR
2025,13,2025_13_HOU_IND,IND,00-0033217,TE
2025,13,2025_13_HOU_IND,IND,00-0035710,QB
2025,13,2025_13_HOU_IND,IND,00-0036223,RB
2025,13,2025_13_HOU_IND,IND,00-0036252,WR
2025,13,2025_13_HOU_IND,IND,00-0037292,TE
2025,13,2025_13_HOU_IND,IND,00-0037664,WR
2025,13,2025_13_HOU_IND,IND,00-0038997,WR
2025,13,2025_13_HOU_IND,IND,00-0040128,TE
2025,13,2025_13_JAX_TEN,JAX,00-0033246,TE
2025,13,2025_13_JAX_TEN,JAX,00-0033319,QB
2025,13,2025_13_JAX_TEN,JAX,00-0033375,WR
2025,13,2025_13_JAX_TEN,JAX,00-0034960,WR
2025,13,2025_13_JAX_TEN,JAX,00-0036590,TE
2025,13,2025_13_JAX_TEN,JAX,00-0036841,WR
2025,13,2025_13_JAX_TEN,JAX,00-0036971,QB
2025,13,2025_13_JAX_TEN,JAX,00-0036973,RB
2025,13,2025_13_JAX_TEN,JAX,00-0038606,WR
2025,13,2025_13_JAX_TEN,JAX,00-0038935,TE
2025,13,2025_13_JAX_TEN,JAX,00-0039893,WR
2025,13,2025_13_JAX_TEN,JAX,00-0040238,RB
2025,13,2025_13_JAX_TEN,JAX,00-0040719,RB
2025,13,2025_13_JAX_TEN,TEN,00-0035261,RB
2025,13,2025_13_JAX_TEN,TEN,00-0036133,WR
2025,13,2025_13_JAX_TEN,TEN,00-0036415,WR
2025,13,2025_13_JAX_TEN,TEN,00-0037809,TE
2025,13,2025_13_JAX_TEN,TEN,00-0039032,RB
2025,13,2025_13_JAX_TEN,TEN,00-0039648,TE
2025,13,2025_13_JAX_TEN,TEN,00-0040170,WR
2025,13,2025_13_JAX_TEN,TEN,00-0040205,RB
2025,13,2025_13_JAX_TEN,TEN,00-0040522,WR
2025,13,2025_13_JAX_TEN,TEN,00-0040584,TE
2025,13,2025_13_JAX_TEN,TEN,00-0040676,QB
2025,13,2025_13_JAX_TEN,TEN,00-0040705,WR
2025,13,2025_13_KC_DAL,DAL,00-0033077,QB
2025,13,2025_13_KC_DAL,DAL,00-0036358,WR
2025,13,2025_13_KC_DAL,DAL,00-0036997,RB
2025,13,2025_13_KC_DAL,DAL,00-0037247,WR
2025,13,2025_13_KC_DAL,DAL,00-0037563,RB
2025,13,2025_13_KC_DAL,DAL,00-0037666,WR
2025,13,2025_13_KC_DAL,DAL,00-0037801,WR
2025,13,2025_13_KC_DAL,DAL,00-0038041,TE
2025,13,2025_13_KC_DAL,DAL,00-0038547,TE
2025,13,2025_13_KC_DAL,DAL,00-0038738,RB
2025,13,2025_13_KC_DAL,DAL,00-0039410,WR
2025,13,2025_13_KC_DAL,DAL,00-0039530,TE
2025,13,2025_13_KC_DAL,KC,00-0030506,TE
2025,13,2025_13_KC_DAL,KC,00-0033757,TE
2025,13,2025_13_KC_DAL,KC,00-0033857,WR
2025,13,2025_13_KC_DAL,KC,00-0033873,QB
2025,13,2025_13_KC_DAL,KC,00-0033923,RB
2025,13,2025_13_KC_DAL,KC,00-0035662,WR
2025,13,2025_13_KC_DAL,KC,00-0037197,RB
2025,13,2025_13_KC_DAL,KC,00-0038104,WR
2025,13,2025_13_KC_DAL,KC,00-0039067,WR
2025,13,2025_13_KC_DAL,KC,00-0039824,TE
2025,13,2025_13_KC_DAL,KC,00-0039894,WR
2025,13,2025_13_KC_DAL,KC,00-0040078,RB
2025,13,2025_13_LA_CAR,CAR,00-0036139,RB
2025,13,2025_13_LA_CAR,CAR,00-0036555,RB
2025,13,2025_13_LA_CAR,CAR,00-0037005,TE
2025,13,2025_13_LA_CAR,CAR,00-0037282,TE
2025,13,2025_13_LA_CAR,CAR,00-0038840,WR
2025,13,2025_13_LA_CAR,CAR,00-0039150,QB
2025,13,2025_13_LA_CAR,CAR,00-0039342,WR
2025,13,2025_13_LA_CAR,CAR,00-0039356,TE
2025,13,2025_13_LA_CAR,CAR,00-0039491,WR
2025,13,2025_13_LA_CAR,CAR,00-0040124,WR
2025,13,2025_13_LA_CAR,CAR,00-0040187,TE
2025,13,2025_13_LA_CAR,CAR,00-0040218,WR
2025,13,2025_13_LA_CAR,CAR,00-0040644,RB
2025,13,2025_13_LA_CAR,LA,00-0026498,QB
2025,13,2025_13_LA_CAR,LA,00-0031381,WR
2025,13,2025_13_LA_CAR,LA,00-0036244,TE
2025,13,2025_13_LA_CAR,LA,00-0037840,RB
2025,13,2025_13_LA_CAR,LA,00-0038359,WR
2025,13,2025_13_LA_CAR,LA,00-0039074,TE
2025,13,2025_13_LA_CAR,LA,00-0039075,WR
2025,13,2025_13_LA_CAR,LA,00-0039738,RB
2025,13,2025_13_LA_CAR,LA,00-0039751,WR
2025,13,2025_13_LA_CAR,LA,00-0040590,WR
2025,13,2025_13_LA_CAR,LA,00-0040737,TE
2025,13,2025_13_LV_LAC,LAC,00-0030279,WR
2025,13,2025_13_LV_LAC,LAC,00-0034270,TE
2025,13,2025_13_LV_LAC,LAC,00-0036355,QB
2025,13,2025_13_LV_LAC,LAC,00-0036755,RB
2025,13,2025_13_LV_LAC,LAC,00-0037012,QB
2025,13,2025_13_LV_LAC,LAC,00-0037654,TE
2025,13,2025_13_LV_LAC,LAC,00-0038544,WR
2025,13,2025_13_LV_LAC,LAC,00-0038573,WR
2025,13,2025_13_LV_LAC,LAC,00-0038614,RB
2025,13,2025_13_LV_LAC,LAC,00-0039391,RB
2025,13,2025_13_LV_LAC,LAC,00-0039915,WR
2025,13,2025_13_LV_LAC,LAC,00-0040189,TE
2025,13,2025_13_LV_LAC,LAC,00-0040727,WR
2025,13,2025_13_LV_LAC,LV,00-0030565,QB
2025,13,2025_13_LV_LAC,LV,00-0031687,RB
2025,13,2025_13_LV_LAC,LV,00-0032211,WR
2025,13,2025_13_LV_LAC,LV,00-0034365,TE
2025,13,2025_13_LV_LAC,LV,00-0038563,WR
2025,13,2025_13_LV_LAC,LV,00-0039338,TE
2025,13,2025_13_LV_LAC,LV,00-0040122,RB
2025,13,2025_13_LV_LAC,LV,00-0040488,TE
2025,13,2025_13_LV_LAC,LV,00-0040581,WR
2025,13,2025_13_LV_LAC,LV,00-0040729,WR
2025,13,2025_13_MIN_SEA,MIN,00-0032918,RB
2025,13,2025_13_MIN_SEA,MIN,00-0033293,RB
2025,13,2025_13_MIN_SEA,MIN,00-0035229,TE
2025,13,2025_13_MIN_SEA,MIN,00-0035249,TE
2025,13,2025_13_MIN_SEA,MIN,00-0036322,WR
2025,13,2025_13_MIN_SEA,MIN,00-0037291,WR
2025,13,2025_13_MIN_SEA,MIN,00-0037525,RB
2025,13,2025_13_MIN_SEA,MIN,00-0038440,RB
2025,13,2025_13_MIN_SEA,MIN,00-0038809,TE
2025,13,2025_13_MIN_SEA,MIN,00-0038994,WR
2025,13,2025_13_MIN_SEA,MIN,00-0040494,QB
2025,13,2025_13_MIN_SEA,MIN,00-0040506,WR
2025,13,2025_13_MIN_SEA,SEA,00-0033908,WR
2025,13,2025_13_MIN_SEA,SEA,00-0034869,QB
2025,13,2025_13_MIN_SEA,SEA,00-0035311,RB
2025,13,2025_13_MIN_SEA,SEA,00-0035704,QB
2025,13,2025_13_MIN_SEA,SEA,00-0037545,WR
2025,13,2025_13_MIN_SEA,SEA,00-0038134,RB
2025,13,2025_13_MIN_SEA,SEA,00-0038488,RB
2025,13,2025_13_MIN_SEA,SEA,00-0038543,WR
2025,13,2025_13_MIN_SEA,SEA,00-0039165,RB
2025,13,2025_13_MIN_SEA,SEA,00-0039793,TE
2025,13,2025_13_MIN_SEA,SEA,00-0040058,TE
2025,13,2025_13_MIN_SEA,SEA,00-0040649,RB
2025,13,2025_13_MIN_SEA,SEA,00-0040739,TE
2025,13,2025_13_NO_MIA,MIA,00-0031610,WR
2025,13,2025_13_NO_MIA,MIA,00-0034418,WR
2025,13,2025_13_NO_MIA,MIA,00-0035125,RB
2025,13,2025_13_NO_MIA,MIA,00-0036182,WR
2025,13,2025_13_NO_MIA,MIA,00-0036212,QB
2025,13,2025_13_NO_MIA,MIA,00-0036613,WR
2025,13,2025_13_NO_MIA,MIA,00-0036620,WR
2025,13,2025_13_NO_MIA,MIA,00-0037252,TE
2025,13,2025_13_NO_MIA,MIA,00-0038720,TE
2025,13,2025_13_NO_MIA,MIA,00-0039040,RB
2025,13,2025_13_NO_MIA,MIA,00-0039874,RB
2025,13,2025_13_NO_MIA,MIA,00-0039880,WR
2025,13,2025_13_NO_MIA,MIA,00-0040198,RB
2025,13,2025_13_NO_MIA,NO,00-0033357,QB
2025,13,2025_13_NO_MIA,NO,00-0034860,WR
2025,13,2025_13_NO_MIA,NO,00-0034981,TE
2025,13,2025_13_NO_MIA,NO,00-0036040,TE
2025,13,2025_13_NO_MIA,NO,00-0036741,TE
2025,13,2025_13_NO_MIA,NO,00-0037231,WR
2025,13,2025_13_NO_MIA,NO,00-0037239,WR
2025,13,2025_13_NO_MIA,NO,00-0038397,RB
2025,13,2025_13_NO_MIA,NO,00-0039424,WR
2025,13,2025_13_NO_MIA,NO,00-0039623,WR
2025,13,2025_13_NO_MIA,NO,00-0040202,RB
2025,13,2025_13_NO_MIA,NO,00-0040743,QB
2025,13,2025_13_NYG_NE,NE,00-0031588,WR
2025,13,2025_13_NYG_NE,NE,00-0032392,TE
2025,13,2025_13_NYG_NE,NE,00-0033090,TE
2025,13,2025_13_NYG_NE,NE,00-0033555,WR
2025,13,2025_13_NYG_NE,NE,00-0036875,RB
2025,13,2025_13_NYG_NE,NE,00-0038608,WR
2025,13,2025_13_NYG_NE,NE,00-0038621,WR
2025,13,2025_13_NYG_NE,NE,00-0039305,RB
2025,13,2025_13_NYG_NE,NE,00-0039851,QB
2025,13,2025_13_NYG_NE,NE,00-0040131,WR
2025,13,2025_13_NYG_NE,NE,00-0040563,WR
2025,13,2025_13_NYG_NE,NE,00-0040734,RB
2025,13,2025_13_NYG_NE,NYG,00-0031484,TE
2025,13,2025_13_NYG_NE,NYG,00-0035250,RB
2025,13,2025_13_NYG_NE,NYG,00-0035535,WR
2025,13,2025_13_NYG_NE,NYG,00-0035645,WR
2025,13,2025_13_NYG_NE,NYG,00-0036165,WR
2025,13,2025_13_NYG_NE,NYG,00-0038115,TE
2025,13,2025_13_NYG_NE,NYG,00-0038117,WR
2025,13,2025_13_NYG_NE,NYG,00-0039384,RB
2025,13,2025_13_NYG_NE,NYG,00-0039847,TE
2025,13,2025_13_NYG_NE,NYG,00-0040431,WR
2025,13,2025_13_NYG_NE,NYG,00-0040691,QB
2025,13,2025_13_SF_CLE,CLE,00-0033885,TE
2025,13,2025_13_SF_CLE,CLE,00-0036407,WR
2025,13,2025_13_SF_CLE,CLE,00-0037267,RB
2025,13,2025_13_SF_CLE,CLE,00-0038710,TE
2025,13,2025_13_SF_CLE,CLE,00-0038979,WR
2025,13,2025_13_SF_CLE,CLE,00-0039920,WR
2025,13,2025_13_SF_CLE,CLE,00-0040162,RB
2025,13,2025_13_SF_CLE,CLE,00-0040259,WR
2025,13,2025_13_SF_CLE,CLE,00-0040663,TE
2025,13,2025_13_SF_CLE,CLE,00-0040668,QB
2025,13,2025_13_SF_CLE,CLE,00-0040704,QB
2025,13,2025_13_SF_CLE,CLE,00-0040782,WR
2025,13,2025_13_SF_CLE,CLE,00-0040784,RB
2025,13,2025_13_SF_CLE,SF,00-0029892,RB
2025,13,2025_13_SF_CLE,SF,00-0032775,WR
2025,13,2025_13_SF_CLE,SF,00-0033280,RB
2025,13,2025_13_SF_CLE,SF,00-0033288,TE
2025,13,2025_13_SF_CLE,SF,00-0033307,WR
2025,13,2025_13_SF_CLE,SF,00-0036259,WR
2025,13,2025_13_SF_CLE,SF,00-0036887,TE
2025,13,2025_13_SF_CLE,SF,00-0036972,QB
2025,13,2025_13_SF_CLE,SF,00-0037112,TE
2025,13,2025_13_SF_CLE,SF,00-0037746,RB
2025,13,2025_13_SF_CLE,SF,00-0037834,QB
2025,13,2025_13_SF_CLE,SF,00-0039916,WR
2025,14,2025_14_CHI_GB,CHI,00-0034798,TE
2025,14,2025_14_CHI_GB,CHI,00-0034827,WR
2025,14,2025_14_CHI_GB,CHI,00-0035208,WR
2025,14,2025_14_CHI_GB,CHI,00-0036275,RB
2025,14,2025_14_CHI_GB,CHI,00-0036290,TE
2025,14,2025_14_CHI_GB,CHI,00-0036331,WR
2025,14,2025_14_CHI_GB,CHI,00-0039918,QB
2025,14,2025_14_CHI_GB,CHI,00-0040126,TE
2025,14,2025_14_CHI_GB,CHI,00-0040236,RB
2025,14,2025_14_CHI_GB,CHI,00-0040277,WR
2025,14,2025_14_CHI_GB,CHI,00-0040735,WR
2025,14,2025_14_CHI_GB,GB,00-0035700,RB
2025,14,2025_14_CHI_GB,GB,00-0036264,QB
2025,14,2025_14_CHI_GB,GB,00-0037306,TE
2025,14,2025_14_CHI_GB,GB,00-0037816,WR
2025,14,2025_14_CHI_GB,GB,00-0038124,WR
2025,14,2025_14_CHI_GB,GB,00-0038393,WR
2025,14,2025_14_CHI_GB,GB,00-0038589,TE
2025,14,2025_14_CHI_GB,GB,00-0038685,RB
2025,14,2025_14_CHI_GB,GB,00-0038797,RB
2025,14,2025_14_CHI_GB,GB,00-0039144,TE
2025,14,2025_14_CHI_GB,GB,00-0039146,WR
2025,14,2025_14_CHI_GB,GB,00-0040667,WR
2025,14,2025_14_CIN_BUF,BUF,00-0031236,WR
2025,14,2025_14_CIN_BUF,BUF,00-0034857,QB
2025,14,2025_14_CIN_BUF,BUF,00-0035537,RB
2025,14,2025_14_CIN_BUF,BUF,00-0035689,TE
2025,14,2025_14_CIN_BUF,BUF,00-0036187,RB
2025,14,2025_14_CIN_BUF,BUF,00-0036196,WR
2025,14,2025_14_CIN_BUF,BUF,00-0037248,RB
2025,14,2025_14_CIN_BUF,BUF,00-0037261,WR
2025,14,2025_14_CIN_BUF,BUF,00-0038679,WR
2025,14,2025_14_CIN_BUF,BUF,00-0038933,TE
2025,14,2025_14_CIN_BUF,BUF,00-0039875,RB
2025,14,2025_14_CIN_BUF,BUF,00-0039901,WR
2025,14,2025_14_CIN_BUF,BUF,00-0040194,TE
2025,14,2025_14_CIN_BUF,CIN,00-0034613,TE
2025,14,2025_14_CIN_BUF,CIN,00-0034829,TE
2025,14,2025_14_CIN_BUF,CIN,00-0035631,TE
2025,14,2025_14_CIN_BUF,CIN,00-0035644,TE
2025,14,2025_14_CIN_BUF,CIN,00-0036410,WR
2025,14,2025_14_CIN_BUF,CIN,00-0036442,QB
2025,14,2025_14_CIN_BUF,CIN,00-0036900,WR
2025,14,2025_14_CIN_BUF,CIN,00-0038576,WR
2025,14,2025_14_CIN_BUF,CIN,00-0038619,WR
2025,14,2025_14_CIN_BUF,CIN,00-0038839,WR
2025,14,2025_14_DAL_DET,DAL,00-0033077,QB
2025,14,2025_14_DAL_DET,DAL,00-0036358,WR
2025,14,2025_14_DAL_DET,DAL,00-0036997,RB
2025,14,2025_14_DAL_DET,DAL,00-0037247,WR
2025,14,2025_14_DAL_DET,DAL,00-0037563,RB
2025,14,2025_14_DAL_DET,DAL,00-0037801,WR
2025,14,2025_14_DAL_DET,DAL,00-0038041,TE
2025,14,2025_14_DAL_DET,DAL,00-0038547,TE
2025,14,2025_14_DAL_DET,DAL,00-0038738,RB
2025,14,2025_14_DAL_DET,DAL,00-0039062,WR
2025,14,2025_14_DAL_DET,DAL,00-0039410,WR
2025,14,2025_14_DAL_DET,DAL,00-0039530,TE
2025,14,2025_14_DAL_DET,DET,00-0033106,QB
2025,14,2025_14_DAL_DET,DET,00-0033455,TE
2025,14,2025_14_DAL_DET,DET,00-0034073,TE
2025,14,2025_14_DAL_DET,DET,00-0035544,WR
2025,14,2025_14_DAL_DET,DET,00-0035685,RB
2025,14,2025_14_DAL_DET,DET,00-0036963,WR
2025,14,2025_14_DAL_DET,DET,00-0037240,WR
2025,14,2025_14_DAL_DET,DET,00-0038896,RB
2025,14,2025_14_DAL_DET,DET,00-0038911,WR
2025,14,2025_14_DAL_DET,DET,00-0039139,RB
2025,14,2025_14_DAL_DET,DET,00-0040241,WR
2025,14,2025_14_DAL_DET,DET,00-0040669,WR
2025,14,2025_14_DEN_LV,DEN,00-0024243,TE
2025,14,2025_14_DEN_LV,DEN,00-0033881,TE
2025,14,2025_14_DEN_LV,DEN,00-0034348,WR
2025,14,2025_14_DEN_LV,DEN,00-0035406,WR
2025,14,2025_14_DEN_LV,DEN,00-0036422,TE
2025,14,2025_14_DEN_LV,DEN,00-0036727,RB
2025,14,2025_14_DEN_LV,DEN,00-0037085,RB
2025,14,2025_14_DEN_LV,DEN,00-0038794,RB
2025,14,2025_14_DEN_LV,DEN,00-0038976,WR
2025,14,2025_14_DEN_LV,DEN,00-0039732,QB
2025,14,2025_14_DEN_LV,DEN,00-0039868,WR
2025,14,2025_14_DEN_LV,DEN,00-0040134,WR
2025,14,2025_14_DEN_LV,DEN,00-0040730,RB
2025,14,2025_14_DEN_LV,LV,00-0030565,QB
2025,14,2025_14_DEN_LV,LV,00-0031687,RB
2025,14,2025_14_DEN_LV,LV,00-0032211,WR
2025,14,2025_14_DEN_LV,LV,00-0034365,TE
2025,14,2025_14_DEN_LV,LV,00-0038102,QB
2025,14,2025_14_DEN_LV,LV,00-0038563,WR
2025,14,2025_14_DEN_LV,LV,00-0038891,WR
2025,14,2025_14_DEN_LV,LV,00-0039338,TE
2025,14,2025_14_DEN_LV,LV,00-0040122,RB
2025,14,2025_14_DEN_LV,LV,00-0040488,TE
2025,14,2025_14_DEN_LV,LV,00-0040729,WR
2025,14,2025_14_HOU_KC,HOU,00-0033854,RB
2025,14,2025_14_HOU_KC,HOU,00-0034383,TE
2025,14,2025_14_HOU_KC,HOU,00-0034775,WR
2025,14,2025_14_HOU_KC,HOU,00-0034791,RB
2025,14,2025_14_HOU_KC,HOU,00-0035726,RB
2025,14,2025_14_HOU_KC,HOU,00-0036554,WR
2025,14,2025_14_HOU_KC,HOU,00-0038618,WR
2025,14,2025_14_HOU_KC,HOU,00-0039163,QB
2025,14,2025_14_HOU_KC,HOU,00-0039359,TE
2025,14,2025_14_HOU_KC,HOU,00-0040130,WR
2025,14,2025_14_HOU_KC,HOU,00-0040138,WR
2025,14,2025_14_HOU_KC,HOU,00-0040583,RB
2025,14,2025_14_HOU_KC,KC,00-0030506,TE
2025,14,2025_14_HOU_KC,KC,00-0033757,TE
2025,14,2025_14_HOU_KC,KC,00-0033857,WR
2025,14,2025_14_HOU_KC,KC,00-0033873,QB
2025,14,2025_14_HOU_KC,KC,00-0033923,RB
2025,14,2025_14_HOU_KC,KC,00-0035662,WR
2025,14,2025_14_HOU_KC,KC,00-0036637,TE
2025,14,2025_14_HOU_KC,KC,00-0037197,RB
2025,14,2025_14_HOU_KC,KC,00-0038104,WR
2025,14,2025_14_HOU_KC,KC,00-0039067,WR
2025,14,2025_14_HOU_KC,KC,00-0039894,WR
2025,14,2025_14_HOU_KC,KC,00-0040078,RB
2025,14,2025_14_IND_JAX,IND,00-0032104,RB
2025,14,2025_14_IND_JAX,IND,00-0032951,WR
2025,14,2025_14_IND_JAX,IND,00-0033217,TE
2025,14,2025_14_IND_JAX,IND,00-0035710,QB
2025,14,2025_14_IND_JAX,IND,00-0036223,RB
2025,14,2025_14_IND_JAX,IND,00-0036252,WR
2025,14,2025_14_IND_JAX,IND,00-0037120,RB
2025,14,2025_14_IND_JAX,IND,00-0037292,TE
2025,14,2025_14_IND_JAX,IND,00-0037664,WR
2025,14,2025_14_IND_JAX,IND,00-0038997,WR
2025,14,2025_14_IND_JAX,IND,00-0039816,WR
2025,14,2025_14_IND_JAX,IND,00-0040128,TE
2025,14,2025_14_IND_JAX,IND,00-0040206,QB
2025,14,2025_14_IND_JAX,JAX,00-0033319,QB
2025,14,2025_14_IND_JAX,JAX,00-0033375,WR
2025,14,2025_14_IND_JAX,JAX,00-0034960,WR
2025,14,2025_14_IND_JAX,JAX,00-0036590,TE
2025,14,2025_14_IND_JAX,JAX,00-0036626,WR
2025,14,2025_14_IND_JAX,JAX,00-0036841,WR
2025,14,2025_14_IND_JAX,JAX,00-0036971,QB
2025,14,2025_14_IND_JAX,JAX,00-0036973,RB
2025,14,2025_14_IND_JAX,JAX,00-0037004,TE
2025,14,2025_14_IND_JAX,JAX,00-0038935,TE
2025,14,2025_14_IND_JAX,JAX,00-0039893,WR
2025,14,2025_14_IND_JAX,JAX,00-0040238,RB
2025,14,2025_14_IND_JAX,JAX,00-0040719,RB
2025,14,2025_14_LA_ARI,ARI,00-0033119,QB
2025,14,2025_14_LA_ARI,ARI,00-0033439,TE
2025,14,2025_14_LA_ARI,ARI,00-0034487,WR
2025,14,2025_14_LA_ARI,ARI,00-0035876,WR
2025,14,2025_14_LA_ARI,ARI,00-0036332,TE
2025,14,2025_14_LA_ARI,ARI,00-0036924,RB
2025,14,2025_14_LA_ARI,ARI,00-0037157,RB
2025,14,2025_14_LA_ARI,ARI,00-0037744,TE
2025,14,2025_14_LA_ARI,ARI,00-0038559,WR
2025,14,2025_14_LA_ARI,ARI,00-0038640,WR
2025,14,2025_14_LA_ARI,ARI,00-0039041,TE
2025,14,2025_14_LA_ARI,LA,00-0026498,QB
2025,14,2025_14_LA_ARI,LA,00-0031345,QB
2025,14,2025_14_LA_ARI,LA,00-0031381,WR
2025,14,2025_14_LA_ARI,LA,00-0032394,TE
2025,14,2025_14_LA_ARI,LA,00-0036244,TE
2025,14,2025_14_LA_ARI,LA,00-0037557,RB
2025,14,2025_14_LA_ARI,LA,00-0037840,RB
2025,14,2025_14_LA_ARI,LA,00-0038359,WR
2025,14,2025_14_LA_ARI,LA,00-0039074,TE
2025,14,2025_14_LA_ARI,LA,00-0039075,WR
2025,14,2025_14_LA_ARI,LA,00-0039738,RB
2025,14,2025_14_LA_ARI,LA,00-0039751,WR
2025,14,2025_14_LA_ARI,LA,00-0040590,WR
2025,14,2025_14_LA_ARI,LA,00-0040737,TE
2025,14,2025_14_MIA_NYJ,MIA,00-0031610,TE
2025,14,2025_14_MIA_NYJ,MIA,00-0034418,WR
2025,14,2025_14_MIA_NYJ,MIA,00-0035125,RB
2025,14,2025_14_MIA_NYJ,MIA,00-0036182,WR
2025,14,2025_14_MIA_NYJ,MIA,00-0036212,QB
2025,14,2025_14_MIA_NYJ,MIA,00-0036613,WR
2025,14,2025_14_MIA_NYJ,MIA,00-0036620,WR
2025,14,2025_14_MIA_NYJ,MIA,00-0037013,QB
2025,14,2025_14_MIA_NYJ,MIA,00-0037252,TE
2025,14,2025_14_MIA_NYJ,MIA,00-0038720,TE
2025,14,2025_14_MIA_NYJ,MIA,00-0039040,RB
2025,14,2025_14_MIA_NYJ,MIA,00-0039874,RB
2025,14,2025_14_MIA_NYJ,MIA,00-0039880,WR
2025,14,2025_14_MIA_NYJ,MIA,00-0040198,RB
2025,14,2025_14_MIA_NYJ,NYJ,00-0028118,QB
2025,14,2025_14_MIA_NYJ,NYJ,00-0034521,WR
2025,14,2025_14_MIA_NYJ,NYJ,00-0034959,RB
2025,14,2025_14_MIA_NYJ,NYJ,00-0037475,TE
2025,14,2025_14_MIA_NYJ,NYJ,00-0037614,WR
2025,14,2025_14_MIA_NYJ,NYJ,00-0037805,TE
2025,14,2025_14_MIA_NYJ,NYJ,00-0038120,RB
2025,14,2025_14_MIA_NYJ,NYJ,00-0039451,WR
2025,14,2025_14_MIA_NYJ,NYJ,00-0039798,RB
2025,14,2025_14_MIA_NYJ,NYJ,00-0039890,WR
2025,14,2025_14_MIA_NYJ,NYJ,00-0040398,QB
2025,14,2025_14_MIA_NYJ,NYJ,00-0040582,WR
2025,14,2025_14_MIA_NYJ,NYJ,00-0040736,TE
2025,14,2025_14_NO_TB,NO,00-0033357,QB
2025,14,2025_14_NO_TB,NO,00-0034860,WR
2025,14,2025_14_NO_TB,NO,00-0034981,TE
2025,14,2025_14_NO_TB,NO,00-0036040,TE
2025,14,2025_14_NO_TB,NO,00-0036741,TE
2025,14,2025_14_NO_TB,NO,00-0037231,WR
2025,14,2025_14_NO_TB,NO,00-0037239,WR
2025,14,2025_14_NO_TB,NO,00-0038397,RB
2025,14,2025_14_NO_TB,NO,00-0039373,RB
2025,14,2025_14_NO_TB,NO,00-0039424,WR
2025,14,2025_14_NO_TB,NO,00-0039623,WR
2025,14,2025_14_NO_TB,NO,00-0040202,RB
2025,14,2025_14_NO_TB,NO,00-0040743,QB
2025,14,2025_14_NO_TB,TB,00-0032385,WR
2025,14,2025_14_NO_TB,TB,00-0033921,WR
2025,14,2025_14_NO_TB,TB,00-0034855,QB
2025,14,2025_14_NO_TB,TB,00-0037256,RB
2025,14,2025_14_NO_TB,TB,00-0038129,TE
2025,14,2025_14_NO_TB,TB,00-0038951,RB
2025,14,2025_14_NO_TB,TB,00-0039050,TE
2025,14,2025_14_NO_TB,TB,00-0039361,RB
2025,14,2025_14_NO_TB,TB,00-0039589,WR
2025,14,2025_14_NO_TB,TB,00-0039754,TE
2025,14,2025_14_NO_TB,TB,00-0040129,WR
2025,14,2025_14_NO_TB,TB,00-0040237,WR
2025,14,2025_14_PHI_LAC,LAC,00-0030279,WR
2025,14,2025_14_PHI_LAC,LAC,00-0034159,TE
2025,14,2025_14_PHI_LAC,LAC,00-0036355,QB
2025,14,2025_14_PHI_LAC,LAC,00-0038544,WR
2025,14,2025_14_PHI_LAC,LAC,00-0038614,RB
2025,14,2025_14_PHI_LAC,LAC,00-0039391,RB
2025,14,2025_14_PHI_LAC,LAC,00-0039915,WR
2025,14,2025_14_PHI_LAC,LAC,00-0040189,TE
2025,14,2025_14_PHI_LAC,LAC,00-0040666,RB
2025,14,2025_14_PHI_LAC,LAC,00-0040727,WR
2025,14,2025_14_PHI_LAC,PHI,00-0034351,TE
2025,14,2025_14_PHI_LAC,PHI,00-0034844,RB
2025,14,2025_14_PHI_LAC,PHI,00-0035676,WR
2025,14,2025_14_PHI_LAC,PHI,00-0036389,QB
2025,14,2025_14_PHI_LAC,PHI,00-0036876,TE
2025,14,2025_14_PHI_LAC,PHI,00-0036912,WR
2025,14,2025_14_PHI_LAC,PHI,00-0037086,TE
2025,14,2025_14_PHI_LAC,PHI,00-0037741,WR
2025,14,2025_14_PHI_LAC,PHI,00-0038555,RB
2025,14,2025_14_PHI_LAC,PHI,00-0038564,TE
2025,14,2025_14_PHI_LAC,PHI,00-0039746,RB
2025,14,2025_14_PHI_LAC,PHI,00-0040024,WR
2025,14,2025_14_PIT_BAL,BAL,00-0030564,WR
2025,14,2025_14_PIT_BAL,BAL,00-0032764,RB
2025,14,2025_14_PIT_BAL,BAL,00-0033376,RB
2025,14,2025_14_PIT_BAL,BAL,00-0034753,TE
2025,14,2025_14_PIT_BAL,BAL,00-0034796,QB
2025,14,2025_14_PIT_BAL,BAL,00-0036550,WR
2025,14,2025_14_PIT_BAL,BAL,00-0036630,WR
2025,14,2025_14_PIT_BAL,BAL,00-0037838,TE
2025,14,2025_14_PIT_BAL,BAL,00-0038046,TE
2025,14,2025_14_PIT_BAL,BAL,00-0038454,RB
2025,14,2025_14_PIT_BAL,BAL,00-0039064,WR
2025,14,2025_14_PIT_BAL,BAL,00-0039796,RB
2025,14,2025_14_PIT_BAL,BAL,00-0040075,WR
2025,14,2025_14_PIT_BAL,PIT,00-0023459,QB
2025,14,2025_14_PIT_BAL,PIT,00-0030035,WR
2025,14,2025_14_PIT_BAL,PIT,00-0033858,TE
2025,14,2025_14_PIT_BAL,PIT,00-0034272,WR
2025,14,2025_14_PIT_BAL,PIT,00-0035298,WR
2025,14,2025_14_PIT_BAL,PIT,00-0035640,WR
2025,14,2025_14_PIT_BAL,PIT,00-0036862,WR
2025,14,2025_14_PIT_BAL,PIT,00-0036894,TE
2025,14,2025_14_PIT_BAL,PIT,00-0036919,RB
2025,14,2025_14_PIT_BAL,PIT,00-0037228,RB
2025,14,2025_14_PIT_BAL,PIT,00-0037304,TE
2025,14,2025_14_PIT_BAL,PIT,00-0037837,WR
2025,14,2025_14_PIT_BAL,PIT,00-0038558,TE
2025,14,2025_14_PIT_BAL,PIT,00-0040142,RB
2025,14,2025_14_SEA_ATL,ATL,00-0029604,QB
2025,14,2025_14_SEA_ATL,ATL,00-0035359,WR
2025,14,2025_14_SEA_ATL,ATL,00-0036309,WR
2025,14,2025_14_SEA_ATL,ATL,00-0036429,TE
2025,14,2025_14_SEA_ATL,ATL,00-0036970,TE
2025,14,2025_14_SEA_ATL,ATL,00-0037263,RB
2025,14,2025_14_SEA_ATL,ATL,00-0037277,TE
2025,14,2025_14_SEA_ATL,ATL,00-0037487,WR
2025,14,2025_14_SEA_ATL,ATL,00-0038542,RB
2025,14,2025_14_SEA_ATL,ATL,00-0038953,WR
2025,14,2025_14_SEA_ATL,SEA,00-0033908,WR
2025,14,2025_14_SEA_ATL,SEA,00-0034869,QB
2025,14,2025_14_SEA_ATL,SEA,00-0035704,QB
2025,14,2025_14_SEA_ATL,SEA,00-0037545,WR
2025,14,2025_14_SEA_ATL,SEA,00-0037745,RB
2025,14,2025_14_SEA_ATL,SEA,00-0038134,RB
2025,14,2025_14_SEA_ATL,SEA,00-0038488,RB
2025,14,2025_14_SEA_ATL,SEA,00-0038543,WR
2025,14,2025_14_SEA_ATL,SEA,00-0038752,WR
2025,14,2025_14_SEA_ATL,SEA,00-0039165,RB
2025,14,2025_14_SEA_ATL,SEA,00-0039793,TE
2025,14,2025_14_SEA_ATL,SEA,00-0040058,TE
2025,14,2025_14_SEA_ATL,SEA,00-0040649,RB
2025,14,2025_14_SEA_ATL,SEA,00-0040739,TE
2025,14,2025_14_TEN_CLE,CLE,00-0033885,TE
2025,14,2025_14_TEN_CLE,CLE,00-0036407,WR
2025,14,2025_14_TEN_CLE,CLE,00-0037267,RB
2025,14,2025_14_TEN_CLE,CLE,00-0038710,TE
2025,14,2025_14_TEN_CLE,CLE,00-0038979,WR
2025,14,2025_14_TEN_CLE,CLE,00-0039920,WR
2025,14,2025_14_TEN_CLE,CLE,00-0040162,RB
2025,14,2025_14_TEN_CLE,CLE,00-0040259,WR
2025,14,2025_14_TEN_CLE,CLE,00-0040663,TE
2025,14,2025_14_TEN_CLE,CLE,00-0040668,QB
2025,14,2025_14_TEN_CLE,CLE,00-0040782,WR
2025,14,2025_14_TEN_CLE,CLE,00-0040784,RB
2025,14,2025_14_TEN_CLE,TEN,00-0035261,RB
2025,14,2025_14_TEN_CLE,TEN,00-0036133,WR
2025,14,2025_14_TEN_CLE,TEN,00-0036176,WR
2025,14,2025_14_TEN_CLE,TEN,00-0036415,WR
2025,14,2025_14_TEN_CLE,TEN,00-0037809,TE
2025,14,2025_14_TEN_CLE,TEN,00-0039032,RB
2025,14,2025_14_TEN_CLE,TEN,00-0039648,TE
2025,14,2025_14_TEN_CLE,TEN,00-0040170,WR
2025,14,2025_14_TEN_CLE,TEN,00-0040584,TE
2025,14,2025_14_TEN_CLE,TEN,00-0040676,QB
2025,14,2025_14_TEN_CLE,TEN,00-0040705,WR
2025,14,2025_14_WAS_MIN,MIN,00-0032918,RB
2025,14,2025_14_WAS_MIN,MIN,00-0033293,RB
2025,14,2025_14_WAS_MIN,MIN,00-0035229,TE
2025,14,2025_14_WAS_MIN,MIN,00-0035249,TE
2025,14,2025_14_WAS_MIN,MIN,00-0036322,WR
2025,14,2025_14_WAS_MIN,MIN,00-0037291,WR
2025,14,2025_14_WAS_MIN,MIN,00-0037525,RB
2025,14,2025_14_WAS_MIN,MIN,00-0038440,RB
2025,14,2025_14_WAS_MIN,MIN,00-0038809,TE
2025,14,2025_14_WAS_MIN,MIN,00-0038994,WR
2025,14,2025_14_WAS_MIN,MIN,00-0039923,QB
2025,14,2025_14_WAS_MIN,MIN,00-0040154,WR
2025,14,2025_14_WAS_MIN,MIN,00-0040506,WR
2025,14,2025_14_WAS_MIN,WAS,00-0030061,TE
2025,14,2025_14_WAS_MIN,WAS,00-0032268,QB
2025,14,2025_14_WAS_MIN,WAS,00-0033591,WR
2025,14,2025_14_WAS_MIN,WAS,00-0033955,RB
2025,14,2025_14_WAS_MIN,WAS,00-0035659,WR
2025,14,2025_14_WAS_MIN,WAS,00-0035719,WR
2025,14,2025_14_WAS_MIN,WAS,00-0036628,TE
2025,14,2025_14_WAS_MIN,WAS,00-0037742,WR
2025,14,2025_14_WAS_MIN,WAS,00-0038611,RB
2025,14,2025_14_WAS_MIN,WAS,00-0039686,TE
2025,14,2025_14_WAS_MIN,WAS,00-0039910,QB
2025,14,2025_14_WAS_MIN,WAS,00-0039912,TE
2025,14,2025_14_WAS_MIN,WAS,00-0040164,WR
2025,14,2025_14_WAS_MIN,WAS,00-0040242,RB
2025,15,2025_15_ARI_HOU,ARI,00-0033119,QB
2025,15,2025_15_ARI_HOU,ARI,00-0033439,TE
2025,15,2025_15_ARI_HOU,ARI,00-0034487,WR
2025,15,2025_15_ARI_HOU,ARI,00-0035876,WR
2025,15,2025_15_ARI_HOU,ARI,00-0036332,TE
2025,15,2025_15_ARI_HOU,ARI,00-0036924,RB
2025,15,2025_15_ARI_HOU,ARI,00-0037157,RB
2025,15,2025_15_ARI_HOU,ARI,00-0037744,TE
2025,15,2025_15_ARI_HOU,ARI,00-0038559,WR
2025,15,2025_15_ARI_HOU,ARI,00-0038640,WR
2025,15,2025_15_ARI_HOU,ARI,00-0038705,RB
2025,15,2025_15_ARI_HOU,ARI,00-0039041,TE
2025,15,2025_15_ARI_HOU,ARI,00-0040556,RB
2025,15,2025_15_ARI_HOU,HOU,00-0033854,RB
2025,15,2025_15_ARI_HOU,HOU,00-0034383,TE
2025,15,2025_15_ARI_HOU,HOU,00-0034775,WR
2025,15,2025_15_ARI_HOU,HOU,00-0036232,TE
2025,15,2025_15_ARI_HOU,HOU,00-0036554,WR
2025,15,2025_15_ARI_HOU,HOU,00-0038618,WR
2025,15,2025_15_ARI_HOU,HOU,00-0039163,QB
2025,15,2025_15_ARI_HOU,HOU,00-0039359,TE
2025,15,2025_15_ARI_HOU,HOU,00-0039405,RB
2025,15,2025_15_ARI_HOU,HOU,00-0039603,RB
2025,15,2025_15_ARI_HOU,HOU,00-0040130,WR
2025,15,2025_15_ARI_HOU,HOU,00-0040138,WR
2025,15,2025_15_ARI_HOU,HOU,00-0040583,RB
2025,15,2025_15_ATL_TB,ATL,00-0029604,QB
2025,15,2025_15_ATL_TB,ATL,00-0035359,WR
2025,15,2025_15_ATL_TB,ATL,00-0036309,WR
2025,15,2025_15_ATL_TB,ATL,00-0036429,TE
2025,15,2025_15_ATL_TB,ATL,00-0036463,WR
2025,15,2025_15_ATL_TB,ATL,00-0036970,TE
2025,15,2025_15_ATL_TB,ATL,00-0037263,RB
2025,15,2025_15_ATL_TB,ATL,00-0037277,TE
2025,15,2025_15_ATL_TB,ATL,00-0038542,RB
2025,15,2025_15_ATL_TB,ATL,00-0038953,WR
2025,15,2025_15_ATL_TB,TB,00-0031408,WR
2025,15,2025_15_ATL_TB,TB,00-0033921,WR
2025,15,2025_15_ATL_TB,TB,00-0034855,QB
2025,15,2025_15_ATL_TB,TB,00-0037256,RB
2025,15,2025_15_ATL_TB,TB,00-0038951,RB
2025,15,2025_15_ATL_TB,TB,00-0039050,TE
2025,15,2025_15_ATL_TB,TB,00-0039361,RB
2025,15,2025_15_ATL_TB,TB,00-0039754,TE
2025,15,2025_15_ATL_TB,TB,00-0039855,WR
2025,15,2025_15_ATL_TB,TB,00-0040129,WR
2025,15,2025_15_ATL_TB,TB,00-0040237,WR
2025,15,2025_15_BAL_CIN,BAL,00-0030564,WR
2025,15,2025_15_BAL_CIN,BAL,00-0032764,RB
2025,15,2025_15_BAL_CIN,BAL,00-0033376,RB
2025,15,2025_15_BAL_CIN,BAL,00-0034753,TE
2025,15,2025_15_BAL_CIN,BAL,00-0034796,QB
2025,15,2025_15_BAL_CIN,BAL,00-0035993,QB
2025,15,2025_15_BAL_CIN,BAL,00-0036630,WR
2025,15,2025_15_BAL_CIN,BAL,00-0037838,TE
2025,15,2025_15_BAL_CIN,BAL,00-0038046,TE
2025,15,2025_15_BAL_CIN,BAL,00-0038454,RB
2025,15,2025_15_BAL_CIN,BAL,00-0039064,WR
2025,15,2025_15_BAL_CIN,BAL,00-0039792,WR
2025,15,2025_15_BAL_CIN,BAL,00-0039796,RB
2025,15,2025_15_BAL_CIN,BAL,00-0040075,WR
2025,15,2025_15_BAL_CIN,CIN,00-0034613,TE
2025,15,2025_15_BAL_CIN,CIN,00-0034829,TE
2025,15,2025_15_BAL_CIN,CIN,00-0035631,TE
2025,15,2025_15_BAL_CIN,CIN,00-0035644,TE
2025,15,2025_15_BAL_CIN,CIN,00-0036442,QB
2025,15,2025_15_BAL_CIN,CIN,00-0036900,WR
2025,15,2025_15_BAL_CIN,CIN,00-0038619,WR
2025,15,2025_15_BAL_CIN,CIN,00-0038839,WR
2025,15,2025_15_BAL_CIN,CIN,00-0039631,TE
2025,15,2025_15_BUF_NE,BUF,00-0031236,WR
2025,15,2025_15_BUF_NE,BUF,00-0034857,QB
2025,15,2025_15_BUF_NE,BUF,00-0035537,RB
2025,15,2025_15_BUF_NE,BUF,00-0035689,TE
2025,15,2025_15_BUF_NE,BUF,00-0036187,RB
2025,15,2025_15_BUF_NE,BUF,00-0036988,WR
2025,15,2025_15_BUF_NE,BUF,00-0037248,RB
2025,15,2025_15_BUF_NE,BUF,00-0037261,WR
2025,15,2025_15_BUF_NE,BUF,00-0038679,WR
2025,15,2025_15_BUF_NE,BUF,00-0038933,TE
2025,15,2025_15_BUF_NE,BUF,00-0039875,RB
2025,15,2025_15_BUF_NE,BUF,00-0039901,WR
2025,15,2025_15_BUF_NE,BUF,00-0040194,TE
2025,15,2025_15_BUF_NE,NE,00-0031588,WR
2025,15,2025_15_BUF_NE,NE,00-0032392,TE
2025,15,2025_15_BUF_NE,NE,00-0033090,TE
2025,15,2025_15_BUF_NE,NE,00-0033555,WR
2025,15,2025_15_BUF_NE,NE,00-0036875,RB
2025,15,2025_15_BUF_NE,NE,00-0038608,WR
2025,15,2025_15_BUF_NE,NE,00-0038621,WR
2025,15,2025_15_BUF_NE,NE,00-0039305,RB
2025,15,2025_15_BUF_NE,NE,00-0039851,QB
2025,15,2025_15_BUF_NE,NE,00-0040131,WR
2025,15,2025_15_BUF_NE,NE,00-0040734,RB
2025,15,2025_15_CAR_NO,CAR,00-0036139,RB
2025,15,2025_15_CAR_NO,CAR,00-0036555,RB
2025,15,2025_15_CAR_NO,CAR,00-0037005,TE
2025,15,2025_15_CAR_NO,CAR,00-0038840,WR
2025,15,2025_15_CAR_NO,CAR,00-0039150,QB
2025,15,2025_15_CAR_NO,CAR,00-0039342,WR
2025,15,2025_15_CAR_NO,CAR,00-0039356,TE
2025,15,2025_15_CAR_NO,CAR,00-0039491,WR
2025,15,2025_15_CAR_NO,CAR,00-0040124,WR
2025,15,2025_15_CAR_NO,CAR,00-0040187,TE
2025,15,2025_15_CAR_NO,CAR,00-0040218,WR
2025,15,2025_15_CAR_NO,NO,00-0033357,QB
2025,15,2025_15_CAR_NO,NO,00-0034860,WR
2025,15,2025_15_CAR_NO,NO,00-0034981,TE
2025,15,2025_15_CAR_NO,NO,00-0036040,TE
2025,15,2025_15_CAR_NO,NO,00-0036741,TE
2025,15,2025_15_CAR_NO,NO,00-0037231,WR
2025,15,2025_15_CAR_NO,NO,00-0037239,WR
2025,15,2025_15_CAR_NO,NO,00-0038397,RB
2025,15,2025_15_CAR_NO,NO,00-0039373,RB
2025,15,2025_15_CAR_NO,NO,00-0039376,QB
2025,15,2025_15_CAR_NO,NO,00-0039424,WR
2025,15,2025_15_CAR_NO,NO,00-0039623,WR
2025,15,2025_15_CAR_NO,NO,00-0040202,RB
2025,15,2025_15_CAR_NO,NO,00-0040743,QB
2025,15,2025_15_CLE_CHI,CHI,00-0034798,TE
2025,15,2025_15_CLE_CHI,CHI,00-0034827,WR
2025,15,2025_15_CLE_CHI,CHI,00-0035208,WR
2025,15,2025_15_CLE_CHI,CHI,00-0036275,RB
2025,15,2025_15_CLE_CHI,CHI,00-0036290,TE
2025,15,2025_15_CLE_CHI,CHI,00-0036331,WR
2025,15,2025_15_CLE_CHI,CHI,00-0037329,RB
2025,15,2025_15_CLE_CHI,CHI,00-0039918,QB
2025,15,2025_15_CLE_CHI,CHI,00-0040126,TE
2025,15,2025_15_CLE_CHI,CHI,00-0040236,RB
2025,15,2025_15_CLE_CHI,CHI,00-0040735,WR
2025,15,2025_15_CLE_CHI,CLE,00-0035291,RB
2025,15,2025_15_CLE_CHI,CLE,00-0036407,WR
2025,15,2025_15_CLE_CHI,CLE,00-0038710,TE
2025,15,2025_15_CLE_CHI,CLE,00-0038979,WR
2025,15,2025_15_CLE_CHI,CLE,00-0039458,TE
2025,15,2025_15_CLE_CHI,CLE,00-0039920,WR
2025,15,2025_15_CLE_CHI,CLE,00-0040259,WR
2025,15,2025_15_CLE_CHI,CLE,00-0040663,TE
2025,15,2025_15_CLE_CHI,CLE,00-0040668,QB
2025,15,2025_15_CLE_CHI,CLE,00-0040782,WR
2025,15,2025_15_CLE_CHI,CLE,00-0040784,RB
2025,15,2025_15_DET_LA,DET,00-0032464,WR
2025,15,2025_15_DET_LA,DET,00-0033106,QB
2025,15,2025_15_DET_LA,DET,00-0033455,TE
2025,15,2025_15_DET_LA,DET,00-0035685,RB
2025,15,2025_15_DET_LA,DET,00-0035956,TE
2025,15,2025_15_DET_LA,DET,00-0036534,TE
2025,15,2025_15_DET_LA,DET,00-0036963,WR
2025,15,2025_15_DET_LA,DET,00-0037240,WR
2025,15,2025_15_DET_LA,DET,00-0039139,RB
2025,15,2025_15_DET_LA,DET,00-0040669,WR
2025,15,2025_15_DET_LA,LA,00-0026498,QB
2025,15,2025_15_DET_LA,LA,00-0031381,WR
2025,15,2025_15_DET_LA,LA,00-0036244,TE
2025,15,2025_15_DET_LA,LA,00-0036849,WR
2025,15,2025_15_DET_LA,LA,00-0037840,RB
2025,15,2025_15_DET_LA,LA,00-0038359,WR
2025,15,2025_15_DET_LA,LA,00-0039074,TE
2025,15,2025_15_DET_LA,LA,00-0039075,WR
2025,15,2025_15_DET_LA,LA,00-0039738,RB
2025,15,2025_15_DET_LA,LA,00-0039751,WR
2025,15,2025_15_DET_LA,LA,00-0040590,WR
2025,15,2025_15_DET_LA,LA,00-0040737,TE
2025,15,2025_15_GB_DEN,DEN,00-0033881,TE
2025,15,2025_15_GB_DEN,DEN,00-0034348,WR
2025,15,2025_15_GB_DEN,DEN,00-0035406,WR
2025,15,2025_15_GB_DEN,DEN,00-0036422,TE
2025,15,2025_15_GB_DEN,DEN,00-0036727,RB
2025,15,2025_15_GB_DEN,DEN,00-0036959,WR
2025,15,2025_15_GB_DEN,DEN,00-0037085,RB
2025,15,2025_15_GB_DEN,DEN,00-0038783,TE
2025,15,2025_15_GB_DEN,DEN,00-0038794,RB
2025,15,2025_15_GB_DEN,DEN,00-0038976,WR
2025,15,2025_15_GB_DEN,DEN,00-0039732,QB
2025,15,2025_15_GB_DEN,DEN,00-0039868,WR
2025,15,2025_15_GB_DEN,DEN,00-0040730,RB
2025,15,2025_15_GB_DEN,GB,00-0035700,RB
2025,15,2025_15_GB_DEN,GB,00-0036264,QB
2025,15,2025_15_GB_DEN,GB,00-0037306,TE
2025,15,2025_15_GB_DEN,GB,00-0037816,WR
2025,15,2025_15_GB_DEN,GB,00-0038124,WR
2025,15,2025_15_GB_DEN,GB,00-0038393,WR
2025,15,2025_15_GB_DEN,GB,00-0038589,TE
2025,15,2025_15_GB_DEN,GB,00-0038685,RB
2025,15,2025_15_GB_DEN,GB,00-0038797,RB
2025,15,2025_15_GB_DEN,GB,00-0039144,TE
2025,15,2025_15_GB_DEN,GB,00-0039146,WR
2025,15,2025_15_GB_DEN,GB,00-0040667,WR
2025,15,2025_15_IND_SEA,IND,00-0022942,QB
2025,15,2025_15_IND_SEA,IND,00-0032104,RB
2025,15,2025_15_IND_SEA,IND,00-0032951,WR
2025,15,2025_15_IND_SEA,IND,00-0033217,TE
2025,15,2025_15_IND_SEA,IND,00-0036223,RB
2025,15,2025_15_IND_SEA,IND,00-0036252,WR
2025,15,2025_15_IND_SEA,IND,00-0037292,TE
2025,15,2025_15_IND_SEA,IND,00-0037664,WR
2025,15,2025_15_IND_SEA,IND,00-0038997,WR
2025,15,2025_15_IND_SEA,IND,00-0040128,TE
2025,15,2025_15_IND_SEA,SEA,00-0033576,TE
2025,15,2025_15_IND_SEA,SEA,00-0033908,WR
2025,15,2025_15_IND_SEA,SEA,00-0034869,QB
2025,15,2025_15_IND_SEA,SEA,00-0037545,WR
2025,15,2025_15_IND_SEA,SEA,00-0037745,RB
2025,15,2025_15_IND_SEA,SEA,00-0038134,RB
2025,15,2025_15_IND_SEA,SEA,00-0038488,RB
2025,15,2025_15_IND_SEA,SEA,00-0038543,WR
2025,15,2025_15_IND_SEA,SEA,00-0038752,WR
2025,15,2025_15_IND_SEA,SEA,00-0039165,RB
2025,15,2025_15_IND_SEA,SEA,00-0039793,TE
2025,15,2025_15_IND_SEA,SEA,00-0040058,TE
2025,15,2025_15_LAC_KC,KC,00-0030506,TE
2025,15,2025_15_LAC_KC,KC,00-0033757,TE
2025,15,2025_15_LAC_KC,KC,00-0033857,WR
2025,15,2025_15_LAC_KC,KC,00-0033873,QB
2025,15,2025_15_LAC_KC,KC,00-0033923,RB
2025,15,2025_15_LAC_KC,KC,00-0035289,QB
2025,15,2025_15_LAC_KC,KC,00-0036637,TE
2025,15,2025_15_LAC_KC,KC,00-0037197,RB
2025,15,2025_15_LAC_KC,KC,00-0038104,WR
2025,15,2025_15_LAC_KC,KC,00-0038519,WR
2025,15,2025_15_LAC_KC,KC,00-0039067,WR
2025,15,2025_15_LAC_KC,KC,00-0039894,WR
2025,15,2025_15_LAC_KC,KC,00-0040078,RB
2025,15,2025_15_LAC_KC,LAC,00-0030279,WR
2025,15,2025_15_LAC_KC,LAC,00-0034159,TE
2025,15,2025_15_LAC_KC,LAC,00-0036355,QB
2025,15,2025_15_LAC_KC,LAC,00-0038614,RB
2025,15,2025_15_LAC_KC,LAC,00-0039391,RB
2025,15,2025_15_LAC_KC,LAC,00-0039915,WR
2025,15,2025_15_LAC_KC,LAC,00-0040184,WR
2025,15,2025_15_LAC_KC,LAC,00-0040189,TE
2025,15,2025_15_LAC_KC,LAC,00-0040666,RB
2025,15,2025_15_LAC_KC,LAC,00-0040727,WR
2025,15,2025_15_LV_PHI,LV,00-0031687,RB
2025,15,2025_15_LV_PHI,LV,00-0032211,WR
2025,15,2025_15_LV_PHI,LV,00-0038102,QB
2025,15,2025_15_LV_PHI,LV,00-0038563,WR
2025,15,2025_15_LV_PHI,LV,00-0038891,WR
2025,15,2025_15_LV_PHI,LV,00-0039066,TE
2025,15,2025_15_LV_PHI,LV,00-0039338,TE
2025,15,2025_15_LV_PHI,LV,00-0039407,RB
2025,15,2025_15_LV_PHI,LV,00-0040122,RB
2025,15,2025_15_LV_PHI,LV,00-0040581,WR
2025,15,2025_15_LV_PHI,LV,00-0040729,WR
2025,15,2025_15_LV_PHI,PHI,00-0034351,TE
2025,15,2025_15_LV_PHI,PHI,00-0034844,RB
2025,15,2025_15_LV_PHI,PHI,00-0035676,WR
2025,15,2025_15_LV_PHI,PHI,00-0036389,QB
2025,15,2025_15_LV_PHI,PHI,00-0036876,TE
2025,15,2025_15_LV_PHI,PHI,00-0036912,WR
2025,15,2025_15_LV_PHI,PHI,00-0037086,TE
2025,15,2025_15_LV_PHI,PHI,00-0037132,WR
2025,15,2025_15_LV_PHI,PHI,00-0037741,WR
2025,15,2025_15_LV_PHI,PHI,00-0038400,QB
2025,15,2025_15_LV_PHI,PHI,00-0038555,RB
2025,15,2025_15_LV_PHI,PHI,00-0038564,TE
2025,15,2025_15_LV_PHI,PHI,00-0039746,RB
2025,15,2025_15_LV_PHI,PHI,00-0040024,WR
2025,15,2025_15_MIA_PIT,MIA,00-0031610,TE
2025,15,2025_15_MIA_PIT,MIA,00-0034418,WR
2025,15,2025_15_MIA_PIT,MIA,00-0035125,RB
2025,15,2025_15_MIA_PIT,MIA,00-0036182,WR
2025,15,2025_15_MIA_PIT,MIA,00-0036212,QB
2025,15,2025_15_MIA_PIT,MIA,00-0036613,WR
2025,15,2025_15_MIA_PIT,MIA,00-0036620,WR
2025,15,2025_15_MIA_PIT,MIA,00-0037252,TE
2025,15,2025_15_MIA_PIT,MIA,00-0038720,TE
2025,15,2025_15_MIA_PIT,MIA,00-0039040,RB
2025,15,2025_15_MIA_PIT,MIA,00-0039874,RB
2025,15,2025_15_MIA_PIT,MIA,00-0039880,WR
2025,15,2025_15_MIA_PIT,MIA,00-0040198,RB
2025,15,2025_15_MIA_PIT,PIT,00-0023459,QB
2025,15,2025_15_MIA_PIT,PIT,00-0030035,WR
2025,15,2025_15_MIA_PIT,PIT,00-0033858,TE
2025,15,2025_15_MIA_PIT,PIT,00-0034272,WR
2025,15,2025_15_MIA_PIT,PIT,00-0035298,WR
2025,15,2025_15_MIA_PIT,PIT,00-0035640,WR
2025,15,2025_15_MIA_PIT,PIT,00-0036862,WR
2025,15,2025_15_MIA_PIT,PIT,00-0036894,TE
2025,15,2025_15_MIA_PIT,PIT,00-0036919,RB
2025,15,2025_15_MIA_PIT,PIT,00-0037228,RB
2025,15,2025_15_MIA_PIT,PIT,00-0037304,TE
2025,15,2025_15_MIA_PIT,PIT,00-0037837,WR
2025,15,2025_15_MIA_PIT,PIT,00-0038558,TE
2025,15,2025_15_MIA_PIT,PIT,00-0040142,RB
2025,15,2025_15_MIN_DAL,DAL,00-0033077,QB
2025,15,2025_15_MIN_DAL,DAL,00-0036358,WR
2025,15,2025_15_MIN_DAL,DAL,00-0036997,RB
2025,15,2025_15_MIN_DAL,DAL,00-0037247,WR
2025,15,2025_15_MIN_DAL,DAL,00-0037563,RB
2025,15,2025_15_MIN_DAL,DAL,00-0037801,WR
2025,15,2025_15_MIN_DAL,DAL,00-0038041,TE
2025,15,2025_15_MIN_DAL,DAL,00-0038547,TE
2025,15,2025_15_MIN_DAL,DAL,00-0038738,RB
2025,15,2025_15_MIN_DAL,DAL,00-0039062,WR
2025,15,2025_15_MIN_DAL,DAL,00-0039410,WR
2025,15,2025_15_MIN_DAL,DAL,00-0039530,TE
2025,15,2025_15_MIN_DAL,MIN,00-0032918,RB
2025,15,2025_15_MIN_DAL,MIN,00-0033293,RB
2025,15,2025_15_MIN_DAL,MIN,00-0035229,TE
2025,15,2025_15_MIN_DAL,MIN,00-0035249,TE
2025,15,2025_15_MIN_DAL,MIN,00-0036322,WR
2025,15,2025_15_MIN_DAL,MIN,00-0037291,WR
2025,15,2025_15_MIN_DAL,MIN,00-0037525,RB
2025,15,2025_15_MIN_DAL,MIN,00-0038809,TE
2025,15,2025_15_MIN_DAL,MIN,00-0038994,WR
2025,15,2025_15_MIN_DAL,MIN,00-0039923,QB
2025,15,2025_15_MIN_DAL,MIN,00-0040154,WR
2025,15,2025_15_MIN_DAL,MIN,00-0040506,WR
2025,15,2025_15_MIN_DAL,MIN,00-0040509,TE
2025,15,2025_15_NYJ_JAX,JAX,00-0033246,TE
2025,15,2025_15_NYJ_JAX,JAX,00-0033319,QB
2025,15,2025_15_NYJ_JAX,JAX,00-0033375,WR
2025,15,2025_15_NYJ_JAX,JAX,00-0034960,WR
2025,15,2025_15_NYJ_JAX,JAX,00-0036590,TE
2025,15,2025_15_NYJ_JAX,JAX,00-0036626,WR
2025,15,2025_15_NYJ_JAX,JAX,00-0036971,QB
2025,15,2025_15_NYJ_JAX,JAX,00-0036973,RB
2025,15,2025_15_NYJ_JAX,JAX,00-0038606,WR
2025,15,2025_15_NYJ_JAX,JAX,00-0038935,TE
2025,15,2025_15_NYJ_JAX,JAX,00-0039893,WR
2025,15,2025_15_NYJ_JAX,JAX,00-0040238,RB
2025,15,2025_15_NYJ_JAX,JAX,00-0040719,RB
2025,15,2025_15_NYJ_JAX,NYJ,00-0034521,WR
2025,15,2025_15_NYJ_JAX,NYJ,00-0034959,RB
2025,15,2025_15_NYJ_JAX,NYJ,00-0036906,RB
2025,15,2025_15_NYJ_JAX,NYJ,00-0037475,TE
2025,15,2025_15_NYJ_JAX,NYJ,00-0037614,WR
2025,15,2025_15_NYJ_JAX,NYJ,00-0037755,TE
2025,15,2025_15_NYJ_JAX,NYJ,00-0037805,TE
2025,15,2025_15_NYJ_JAX,NYJ,00-0038120,RB
2025,15,2025_15_NYJ_JAX,NYJ,00-0039451,WR
2025,15,2025_15_NYJ_JAX,NYJ,00-0039798,RB
2025,15,2025_15_NYJ_JAX,NYJ,00-0039890,WR
2025,15,2025_15_NYJ_JAX,NYJ,00-0040398,QB
2025,15,2025_15_NYJ_JAX,NYJ,00-0040582,WR
2025,15,2025_15_TEN_SF,SF,00-0029892,RB
2025,15,2025_15_TEN_SF,SF,00-0032775,WR
2025,15,2025_15_TEN_SF,SF,00-0033280,RB
2025,15,2025_15_TEN_SF,SF,00-0033288,TE
2025,15,2025_15_TEN_SF,SF,00-0033307,WR
2025,15,2025_15_TEN_SF,SF,00-0036259,WR
2025,15,2025_15_TEN_SF,SF,00-0036887,TE
2025,15,2025_15_TEN_SF,SF,00-0037112,TE
2025,15,2025_15_TEN_SF,SF,00-0037746,RB
2025,15,2025_15_TEN_SF,SF,00-0037834,QB
2025,15,2025_15_TEN_SF,SF,00-0039916,WR
2025,15,2025_15_TEN_SF,TEN,00-0035261,RB
2025,15,2025_15_TEN_SF,TEN,00-0036133,WR
2025,15,2025_15_TEN_SF,TEN,00-0036176,WR
2025,15,2025_15_TEN_SF,TEN,00-0036415,WR
2025,15,2025_15_TEN_SF,TEN,00-0037594,RB
2025,15,2025_15_TEN_SF,TEN,00-0037809,TE
2025,15,2025_15_TEN_SF,TEN,00-0039032,RB
2025,15,2025_15_TEN_SF,TEN,00-0039648,TE
2025,15,2025_15_TEN_SF,TEN,00-0040170,WR
2025,15,2025_15_TEN_SF,TEN,00-0040205,RB
2025,15,2025_15_TEN_SF,TEN,00-0040584,TE
2025,15,2025_15_TEN_SF,TEN,00-0040676,QB
2025,15,2025_15_TEN_SF,TEN,00-0040705,WR
2025,15,2025_15_WAS_NYG,NYG,00-0031484,TE
2025,15,2025_15_WAS_NYG,NYG,00-0031503,QB
2025,15,2025_15_WAS_NYG,NYG,00-0035250,RB
2025,15,2025_15_WAS_NYG,NYG,00-0035535,WR
2025,15,2025_15_WAS_NYG,NYG,00-0036165,WR
2025,15,2025_15_WAS_NYG,NYG,00-0038115,TE
2025,15,2025_15_WAS_NYG,NYG,00-0038117,WR
2025,15,2025_15_WAS_NYG,NYG,00-0038938,WR
2025,15,2025_15_WAS_NYG,NYG,00-0039384,RB
2025,15,2025_15_WAS_NYG,NYG,00-0039847,TE
2025,15,2025_15_WAS_NYG,NYG,00-0040431,WR
2025,15,2025_15_WAS_NYG,NYG,00-0040691,QB
2025,15,2025_15_WAS_NYG,WAS,00-0032268,QB
2025,15,2025_15_WAS_NYG,WAS,00-0033591,WR
2025,15,2025_15_WAS_NYG,WAS,00-0033955,RB
2025,15,2025_15_WAS_NYG,WAS,00-0035659,WR
2025,15,2025_15_WAS_NYG,WAS,00-0035719,WR
2025,15,2025_15_WAS_NYG,WAS,00-0036628,TE
2025,15,2025_15_WAS_NYG,WAS,00-0037742,WR
2025,15,2025_15_WAS_NYG,WAS,00-0039686,TE
2025,15,2025_15_WAS_NYG,WAS,00-0039912,TE
2025,15,2025_15_WAS_NYG,WAS,00-0040164,WR
2025,15,2025_15_WAS_NYG,WAS,00-0040242,RB
2025,16,2025_16_ATL_ARI,ARI,00-0033119,QB
2025,16,2025_16_ATL_ARI,ARI,00-0033439,TE
2025,16,2025_16_ATL_ARI,ARI,00-0034928,WR
2025,16,2025_16_ATL_ARI,ARI,00-0036332,TE
2025,16,2025_16_ATL_ARI,ARI,00-0036924,RB
2025,16,2025_16_ATL_ARI,ARI,00-0037744,TE
2025,16,2025_16_ATL_ARI,ARI,00-0038559,WR
2025,16,2025_16_ATL_ARI,ARI,00-0038640,WR
2025,16,2025_16_ATL_ARI,ARI,00-0038705,RB
2025,16,2025_16_ATL_ARI,ARI,00-0039041,TE
2025,16,2025_16_ATL_ARI,ARI,00-0039521,WR
2025,16,2025_16_ATL_ARI,ARI,00-0039849,WR
2025,16,2025_16_ATL_ARI,ARI,00-0040556,RB
2025,16,2025_16_ATL_ARI,ATL,00-0029604,QB
2025,16,2025_16_ATL_ARI,ATL,00-0035359,WR
2025,16,2025_16_ATL_ARI,ATL,00-0036309,WR
2025,16,2025_16_ATL_ARI,ATL,00-0036429,TE
2025,16,2025_16_ATL_ARI,ATL,00-0036463,WR
2025,16,2025_16_ATL_ARI,ATL,00-0036825,TE
2025,16,2025_16_ATL_ARI,ATL,00-0036970,TE
2025,16,2025_16_ATL_ARI,ATL,00-0037238,WR
2025,16,2025_16_ATL_ARI,ATL,00-0037263,RB
2025,16,2025_16_ATL_ARI,ATL,00-0037277,TE
2025,16,2025_16_ATL_ARI,ATL,00-0037487,WR
2025,16,2025_16_ATL_ARI,ATL,00-0038542,RB
2025,16,2025_16_ATL_ARI,ATL,00-0038953,WR
2025,16,2025_16_BUF_CLE,BUF,00-0031236,WR
2025,16,2025_16_BUF_CLE,BUF,00-0034857,QB
2025,16,2025_16_BUF_CLE,BUF,00-0035537,RB
2025,16,2025_16_BUF_CLE,BUF,00-0035689,TE
2025,16,2025_16_BUF_CLE,BUF,00-0036187,RB
2025,16,2025_16_BUF_CLE,BUF,00-0036988,WR
2025,16,2025_16_BUF_CLE,BUF,00-0037248,RB
2025,16,2025_16_BUF_CLE,BUF,00-0037261,WR
2025,16,2025_16_BUF_CLE,BUF,00-0038679,WR
2025,16,2025_16_BUF_CLE,BUF,00-0038933,TE
2025,16,2025_16_BUF_CLE,BUF,00-0039875,RB
2025,16,2025_16_BUF_CLE,BUF,00-0040194,TE
2025,16,2025_16_BUF_CLE,CLE,00-0035291,RB
2025,16,2025_16_BUF_CLE,CLE,00-0036407,WR
2025,16,2025_16_BUF_CLE,CLE,00-0038710,TE
2025,16,2025_16_BUF_CLE,CLE,00-0038979,WR
2025,16,2025_16_BUF_CLE,CLE,00-0039458,TE
2025,16,2025_16_BUF_CLE,CLE,00-0039920,WR
2025,16,2025_16_BUF_CLE,CLE,00-0040259,WR
2025,16,2025_16_BUF_CLE,CLE,00-0040466,RB
2025,16,2025_16_BUF_CLE,CLE,00-0040663,TE
2025,16,2025_16_BUF_CLE,CLE,00-0040668,QB
2025,16,2025_16_BUF_CLE,CLE,00-0040704,QB
2025,16,2025_16_BUF_CLE,CLE,00-0040782,WR
2025,16,2025_16_BUF_CLE,CLE,00-0040784,RB
2025,16,2025_16_CIN_MIA,CIN,00-0026158,QB
2025,16,2025_16_CIN_MIA,CIN,00-0034613,TE
2025,16,2025_16_CIN_MIA,CIN,00-0034829,TE
2025,16,2025_16_CIN_MIA,CIN,00-0035631,TE
2025,16,2025_16_CIN_MIA,CIN,00-0036410,WR
2025,16,2025_16_CIN_MIA,CIN,00-0036442,QB
2025,16,2025_16_CIN_MIA,CIN,00-0036900,WR
2025,16,2025_16_CIN_MIA,CIN,00-0038619,WR
2025,16,2025_16_CIN_MIA,CIN,00-0038839,WR
2025,16,2025_16_CIN_MIA,CIN,00-0039631,TE
2025,16,2025_16_CIN_MIA,CIN,00-0040534,WR
2025,16,2025_16_CIN_MIA,MIA,00-0031610,TE
2025,16,2025_16_CIN_MIA,MIA,00-0034418,WR
2025,16,2025_16_CIN_MIA,MIA,00-0035125,RB
2025,16,2025_16_CIN_MIA,MIA,00-0036613,WR
2025,16,2025_16_CIN_MIA,MIA,00-0036620,WR
2025,16,2025_16_CIN_MIA,MIA,00-0037252,TE
2025,16,2025_16_CIN_MIA,MIA,00-0038720,TE
2025,16,2025_16_CIN_MIA,MIA,00-0039040,RB
2025,16,2025_16_CIN_MIA,MIA,00-0039874,RB
2025,16,2025_16_CIN_MIA,MIA,00-0039880,WR
2025,16,2025_16_CIN_MIA,MIA,00-0040198,RB
2025,16,2025_16_CIN_MIA,MIA,00-0040234,QB
2025,16,2025_16_CIN_MIA,MIA,00-0040311,WR
2025,16,2025_16_GB_CHI,CHI,00-0034798,TE
2025,16,2025_16_GB_CHI,CHI,00-0034827,WR
2025,16,2025_16_GB_CHI,CHI,00-0035208,WR
2025,16,2025_16_GB_CHI,CHI,00-0036275,RB
2025,16,2025_16_GB_CHI,CHI,00-0036290,TE
2025,16,2025_16_GB_CHI,CHI,00-0036331,WR
2025,16,2025_16_GB_CHI,CHI,00-0037708,WR
2025,16,2025_16_GB_CHI,CHI,00-0039918,QB
2025,16,2025_16_GB_CHI,CHI,00-0040126,TE
2025,16,2025_16_GB_CHI,CHI,00-0040236,RB
2025,16,2025_16_GB_CHI,CHI,00-0040277,WR
2025,16,2025_16_GB_CHI,GB,00-0035700,RB
2025,16,2025_16_GB_CHI,GB,00-0036264,QB
2025,16,2025_16_GB_CHI,GB,00-0037306,TE
2025,16,2025_16_GB_CHI,GB,00-0037816,WR
2025,16,2025_16_GB_CHI,GB,00-0038124,WR
2025,16,2025_16_GB_CHI,GB,00-0038128,QB
2025,16,2025_16_GB_CHI,GB,00-0038393,WR
2025,16,2025_16_GB_CHI,GB,00-0038685,RB
2025,16,2025_16_GB_CHI,GB,00-0038797,RB
2025,16,2025_16_GB_CHI,GB,00-0039144,TE
2025,16,2025_16_GB_CHI,GB,00-0039146,WR
2025,16,2025_16_GB_CHI,GB,00-0040009,WR
2025,16,2025_16_GB_CHI,GB,00-0040667,WR
2025,16,2025_16_JAX_DEN,DEN,00-0033881,TE
2025,16,2025_16_JAX_DEN,DEN,00-0034348,WR
2025,16,2025_16_JAX_DEN,DEN,00-0035406,WR
2025,16,2025_16_JAX_DEN,DEN,00-0036422,TE
2025,16,2025_16_JAX_DEN,DEN,00-0036727,RB
2025,16,2025_16_JAX_DEN,DEN,00-0037085,RB
2025,16,2025_16_JAX_DEN,DEN,00-0038783,TE
2025,16,2025_16_JAX_DEN,DEN,00-0038794,RB
2025,16,2025_16_JAX_DEN,DEN,00-0038976,WR
2025,16,2025_16_JAX_DEN,DEN,00-0039732,QB
2025,16,2025_16_JAX_DEN,DEN,00-0039868,WR
2025,16,2025_16_JAX_DEN,DEN,00-0040134,WR
2025,16,2025_16_JAX_DEN,DEN,00-0040730,RB
2025,16,2025_16_JAX_DEN,JAX,00-0033246,TE
2025,16,2025_16_JAX_DEN,JAX,00-0033375,WR
2025,16,2025_16_JAX_DEN,JAX,00-0034960,WR
2025,16,2025_16_JAX_DEN,JAX,00-0036590,TE
2025,16,2025_16_JAX_DEN,JAX,00-0036626,WR
2025,16,2025_16_JAX_DEN,JAX,00-0036971,QB
2025,16,2025_16_JAX_DEN,JAX,00-0036973,RB
2025,16,2025_16_JAX_DEN,JAX,00-0038606,WR
2025,16,2025_16_JAX_DEN,JAX,00-0038935,TE
2025,16,2025_16_JAX_DEN,JAX,00-0039893,WR
2025,16,2025_16_JAX_DEN,JAX,00-0040238,RB
2025,16,2025_16_KC_TEN,KC,00-0030506,TE
2025,16,2025_16_KC_TEN,KC,00-0033757,TE
2025,16,2025_16_KC_TEN,KC,00-0033857,WR
2025,16,2025_16_KC_TEN,KC,00-0033923,RB
2025,16,2025_16_KC_TEN,KC,00-0035289,QB
2025,16,2025_16_KC_TEN,KC,00-0035662,WR
2025,16,2025_16_KC_TEN,KC,00-0036637,TE
2025,16,2025_16_KC_TEN,KC,00-0037197,RB
2025,16,2025_16_KC_TEN,KC,00-0037324,QB
2025,16,2025_16_KC_TEN,KC,00-0038519,WR
2025,16,2025_16_KC_TEN,KC,00-0039824,TE
2025,16,2025_16_KC_TEN,KC,00-0039894,WR
2025,16,2025_16_KC_TEN,KC,00-0040078,RB
2025,16,2025_16_KC_TEN,KC,00-0040646,WR
2025,16,2025_16_KC_TEN,TEN,00-0035261,RB
2025,16,2025_16_KC_TEN,TEN,00-0036133,WR
2025,16,2025_16_KC_TEN,TEN,00-0036176,WR
2025,16,2025_16_KC_TEN,TEN,00-0036415,WR
2025,16,2025_16_KC_TEN,TEN,00-0037594,RB
2025,16,2025_16_KC_TEN,TEN,00-0037809,TE
2025,16,2025_16_KC_TEN,TEN,00-0039032,RB
2025,16,2025_16_KC_TEN,TEN,00-0039648,TE
2025,16,2025_16_KC_TEN,TEN,00-0040170,WR
2025,16,2025_16_KC_TEN,TEN,00-0040205,RB
2025,16,2025_16_KC_TEN,TEN,00-0040584,TE
2025,16,2025_16_KC_TEN,TEN,00-0040676,QB
2025,16,2025_16_KC_TEN,TEN,00-0040705,WR
2025,16,2025_16_LAC_DAL,DAL,00-0033077,QB
2025,16,2025_16_LAC_DAL,DAL,00-0036358,WR
2025,16,2025_16_LAC_DAL,DAL,00-0036997,RB
2025,16,2025_16_LAC_DAL,DAL,00-0037247,WR
2025,16,2025_16_LAC_DAL,DAL,00-0037563,RB
2025,16,2025_16_LAC_DAL,DAL,00-0037801,WR
2025,16,2025_16_LAC_DAL,DAL,00-0038041,TE
2025,16,2025_16_LAC_DAL,DAL,00-0038547,TE
2025,16,2025_16_LAC_DAL,DAL,00-0038738,RB
2025,16,2025_16_LAC_DAL,DAL,00-0039062,WR
2025,16,2025_16_LAC_DAL,DAL,00-0039398,QB
2025,16,2025_16_LAC_DAL,DAL,00-0039410,WR
2025,16,2025_16_LAC_DAL,DAL,00-0039530,TE
2025,16,2025_16_LAC_DAL,LAC,00-0030279,WR
2025,16,2025_16_LAC_DAL,LAC,00-0034159,TE
2025,16,2025_16_LAC_DAL,LAC,00-0036355,QB
2025,16,2025_16_LAC_DAL,LAC,00-0037617,RB
2025,16,2025_16_LAC_DAL,LAC,00-0038544,WR
2025,16,2025_16_LAC_DAL,LAC,00-0038614,RB
2025,16,2025_16_LAC_DAL,LAC,00-0039391,RB
2025,16,2025_16_LAC_DAL,LAC,00-0039915,WR
2025,16,2025_16_LAC_DAL,LAC,00-0040184,WR
2025,16,2025_16_LAC_DAL,LAC,00-0040189,TE
2025,16,2025_16_LAC_DAL,LAC,00-0040666,RB
2025,16,2025_16_LAC_DAL,LAC,00-0040727,WR
2025,16,2025_16_LA_SEA,LA,00-0026498,QB
2025,16,2025_16_LA_SEA,LA,00-0036244,TE
2025,16,2025_16_LA_SEA,LA,00-0036849,WR
2025,16,2025_16_LA_SEA,LA,00-0037840,RB
2025,16,2025_16_LA_SEA,LA,00-0038359,WR
2025,16,2025_16_LA_SEA,LA,00-0039074,TE
2025,16,2025_16_LA_SEA,LA,00-0039075,WR
2025,16,2025_16_LA_SEA,LA,00-0039738,RB
2025,16,2025_16_LA_SEA,LA,00-0039751,WR
2025,16,2025_16_LA_SEA,LA,00-0040590,WR
2025,16,2025_16_LA_SEA,LA,00-0040737,TE
2025,16,2025_16_LA_SEA,SEA,00-0033576,TE
2025,16,2025_16_LA_SEA,SEA,00-0033908,WR
2025,16,2025_16_LA_SEA,SEA,00-0034869,QB
2025,16,2025_16_LA_SEA,SEA,00-0037545,WR
2025,16,2025_16_LA_SEA,SEA,00-0038134,RB
2025,16,2025_16_LA_SEA,SEA,00-0038543,WR
2025,16,2025_16_LA_SEA,SEA,00-0039165,RB
2025,16,2025_16_LA_SEA,SEA,00-0039793,TE
2025,16,2025_16_LA_SEA,SEA,00-0040058,TE
2025,16,2025_16_LA_SEA,SEA,00-0040649,RB
2025,16,2025_16_LV_HOU,HOU,00-0033854,RB
2025,16,2025_16_LV_HOU,HOU,00-0034383,TE
2025,16,2025_16_LV_HOU,HOU,00-0034775,WR
2025,16,2025_16_LV_HOU,HOU,00-0034791,RB
2025,16,2025_16_LV_HOU,HOU,00-0036232,TE
2025,16,2025_16_LV_HOU,HOU,00-0036554,WR
2025,16,2025_16_LV_HOU,HOU,00-0038618,WR
2025,16,2025_16_LV_HOU,HOU,00-0039163,QB
2025,16,2025_16_LV_HOU,HOU,00-0039359,TE
2025,16,2025_16_LV_HOU,HOU,00-0039405,RB
2025,16,2025_16_LV_HOU,HOU,00-0039603,RB
2025,16,2025_16_LV_HOU,HOU,00-0040130,WR
2025,16,2025_16_LV_HOU,HOU,00-0040138,WR
2025,16,2025_16_LV_HOU,LV,00-0030565,QB
2025,16,2025_16_LV_HOU,LV,00-0031687,RB
2025,16,2025_16_LV_HOU,LV,00-0032211,WR
2025,16,2025_16_LV_HOU,LV,00-0035602,WR
2025,16,2025_16_LV_HOU,LV,00-0038563,WR
2025,16,2025_16_LV_HOU,LV,00-0039066,TE
2025,16,2025_16_LV_HOU,LV,00-0039338,TE
2025,16,2025_16_LV_HOU,LV,00-0040122,RB
2025,16,2025_16_LV_HOU,LV,00-0040488,TE
2025,16,2025_16_LV_HOU,LV,00-0040581,WR
2025,16,2025_16_LV_HOU,LV,00-0040729,WR
2025,16,2025_16_MIN_NYG,MIN,00-0032918,RB
2025,16,2025_16_MIN_NYG,MIN,00-0033293,RB
2025,16,2025_16_MIN_NYG,MIN,00-0035229,TE
2025,16,2025_16_MIN_NYG,MIN,00-0035249,TE
2025,16,2025_16_MIN_NYG,MIN,00-0036322,WR
2025,16,2025_16_MIN_NYG,MIN,00-0037291,WR
2025,16,2025_16_MIN_NYG,MIN,00-0037525,RB
2025,16,2025_16_MIN_NYG,MIN,00-0038440,RB
2025,16,2025_16_MIN_NYG,MIN,00-0038809,TE
2025,16,2025_16_MIN_NYG,MIN,00-0038994,WR
2025,16,2025_16_MIN_NYG,MIN,00-0039923,QB
2025,16,2025_16_MIN_NYG,MIN,00-0040154,WR
2025,16,2025_16_MIN_NYG,MIN,00-0040494,QB
2025,16,2025_16_MIN_NYG,MIN,00-0040506,WR
2025,16,2025_16_MIN_NYG,MIN,00-0040509,TE
2025,16,2025_16_MIN_NYG,NYG,00-0031484,TE
2025,16,2025_16_MIN_NYG,NYG,00-0035250,RB
2025,16,2025_16_MIN_NYG,NYG,00-0035535,WR
2025,16,2025_16_MIN_NYG,NYG,00-0035645,WR
2025,16,2025_16_MIN_NYG,NYG,00-0036165,WR
2025,16,2025_16_MIN_NYG,NYG,00-0038115,TE
2025,16,2025_16_MIN_NYG,NYG,00-0038117,WR
2025,16,2025_16_MIN_NYG,NYG,00-0039384,RB
2025,16,2025_16_MIN_NYG,NYG,00-0039847,TE
2025,16,2025_16_MIN_NYG,NYG,00-0040691,QB
2025,16,2025_16_NE_BAL,BAL,00-0030564,WR
2025,16,2025_16_NE_BAL,BAL,00-0032764,RB
2025,16,2025_16_NE_BAL,BAL,00-0033376,RB
2025,16,2025_16_NE_BAL,BAL,00-0034753,TE
2025,16,2025_16_NE_BAL,BAL,00-0034796,QB
2025,16,2025_16_NE_BAL,BAL,00-0035993,QB
2025,16,2025_16_NE_BAL,BAL,00-0036550,WR
2025,16,2025_16_NE_BAL,BAL,00-0037838,TE
2025,16,2025_16_NE_BAL,BAL,00-0038046,TE
2025,16,2025_16_NE_BAL,BAL,00-0038454,RB
2025,16,2025_16_NE_BAL,BAL,00-0039064,WR
2025,16,2025_16_NE_BAL,BAL,00-0039792,WR
2025,16,2025_16_NE_BAL,BAL,00-0039796,RB
2025,16,2025_16_NE_BAL,BAL,00-0040075,WR
2025,16,2025_16_NE_BAL,NE,00-0031588,WR
2025,16,2025_16_NE_BAL,NE,00-0032392,TE
2025,16,2025_16_NE_BAL,NE,00-0033090,TE
2025,16,2025_16_NE_BAL,NE,00-0033555,WR
2025,16,2025_16_NE_BAL,NE,00-0035628,RB
2025,16,2025_16_NE_BAL,NE,00-0036875,RB
2025,16,2025_16_NE_BAL,NE,00-0038608,WR
2025,16,2025_16_NE_BAL,NE,00-0038621,WR
2025,16,2025_16_NE_BAL,NE,00-0039305,RB
2025,16,2025_16_NE_BAL,NE,00-0039851,QB
2025,16,2025_16_NE_BAL,NE,00-0040131,WR
2025,16,2025_16_NE_BAL,NE,00-0040734,RB
2025,16,2025_16_NYJ_NO,NO,00-0033357,QB
2025,16,2025_16_NYJ_NO,NO,00-0034860,WR
2025,16,2025_16_NYJ_NO,NO,00-0034981,TE
2025,16,2025_16_NYJ_NO,NO,00-0036040,TE
2025,16,2025_16_NYJ_NO,NO,00-0036741,TE
2025,16,2025_16_NYJ_NO,NO,00-0037231,WR
2025,16,2025_16_NYJ_NO,NO,00-0037239,WR
2025,16,2025_16_NYJ_NO,NO,00-0038397,RB
2025,16,2025_16_NYJ_NO,NO,00-0039373,RB
2025,16,2025_16_NYJ_NO,NO,00-0039623,WR
2025,16,2025_16_NYJ_NO,NO,00-0040244,TE
2025,16,2025_16_NYJ_NO,NO,00-0040743,QB
2025,16,2025_16_NYJ_NO,NYJ,00-0034959,RB
2025,16,2025_16_NYJ_NO,NYJ,00-0036427,WR
2025,16,2025_16_NYJ_NO,NYJ,00-0037475,TE
2025,16,2025_16_NYJ_NO,NYJ,00-0037614,WR
2025,16,2025_16_NYJ_NO,NYJ,00-0037755,TE
2025,16,2025_16_NYJ_NO,NYJ,00-0037805,TE
2025,16,2025_16_NYJ_NO,NYJ,00-0038120,RB
2025,16,2025_16_NYJ_NO,NYJ,00-0039451,WR
2025,16,2025_16_NYJ_NO,NYJ,00-0039798,RB
2025,16,2025_16_NYJ_NO,NYJ,00-0039890,WR
2025,16,2025_16_NYJ_NO,NYJ,00-0040398,QB
2025,16,2025_16_NYJ_NO,NYJ,00-0040582,WR
2025,16,2025_16_PHI_WAS,PHI,00-0034351,TE
2025,16,2025_16_PHI_WAS,PHI,00-0034844,RB
2025,16,2025_16_PHI_WAS,PHI,00-0035676,WR
2025,16,2025_16_PHI_WAS,PHI,00-0036389,QB
2025,16,2025_16_PHI_WAS,PHI,00-0036876,TE
2025,16,2025_16_PHI_WAS,PHI,00-0036912,WR
2025,16,2025_16_PHI_WAS,PHI,00-0037086,TE
2025,16,2025_16_PHI_WAS,PHI,00-0037132,WR
2025,16,2025_16_PHI_WAS,PHI,00-0037741,WR
2025,16,2025_16_PHI_WAS,PHI,00-0038400,QB
2025,16,2025_16_PHI_WAS,PHI,00-0038498,TE
2025,16,2025_16_PHI_WAS,PHI,00-0038555,RB
2025,16,2025_16_PHI_WAS,PHI,00-0039746,RB
2025,16,2025_16_PHI_WAS,PHI,00-0040024,WR
2025,16,2025_16_PHI_WAS,WAS,00-0026300,QB
2025,16,2025_16_PHI_WAS,WAS,00-0032268,QB
2025,16,2025_16_PHI_WAS,WAS,00-0032398,WR
2025,16,2025_16_PHI_WAS,WAS,00-0033955,RB
2025,16,2025_16_PHI_WAS,WAS,00-0035659,WR
2025,16,2025_16_PHI_WAS,WAS,00-0035719,WR
2025,16,2025_16_PHI_WAS,WAS,00-0036145,TE
2025,16,2025_16_PHI_WAS,WAS,00-0036628,TE
2025,16,2025_16_PHI_WAS,WAS,00-0037742,WR
2025,16,2025_16_PHI_WAS,WAS,00-0038611,RB
2025,16,2025_16_PHI_WAS,WAS,00-0039912,TE
2025,16,2025_16_PHI_WAS,WAS,00-0040164,WR
2025,16,2025_16_PHI_WAS,WAS,00-0040242,RB
2025,16,2025_16_PIT_DET,DET,00-0032464,WR
2025,16,2025_16_PIT_DET,DET,00-0033106,QB
2025,16,2025_16_PIT_DET,DET,00-0033455,TE
2025,16,2025_16_PIT_DET,DET,00-0035544,WR
2025,16,2025_16_PIT_DET,DET,00-0035685,RB
2025,16,2025_16_PIT_DET,DET,00-0035956,TE
2025,16,2025_16_PIT_DET,DET,00-0036534,TE
2025,16,2025_16_PIT_DET,DET,00-0036963,WR
2025,16,2025_16_PIT_DET,DET,00-0037240,WR
2025,16,2025_16_PIT_DET,DET,00-0039139,RB
2025,16,2025_16_PIT_DET,DET,00-0040669,WR
2025,16,2025_16_PIT_DET,PIT,00-0023459,QB
2025,16,2025_16_PIT_DET,PIT,00-0030035,WR
2025,16,2025_16_PIT_DET,PIT,00-0033858,TE
2025,16,2025_16_PIT_DET,PIT,00-0034272,WR
2025,16,2025_16_PIT_DET,PIT,00-0035298,WR
2025,16,2025_16_PIT_DET,PIT,00-0035640,WR
2025,16,2025_16_PIT_DET,PIT,00-0036862,WR
2025,16,2025_16_PIT_DET,PIT,00-0036894,TE
2025,16,2025_16_PIT_DET,PIT,00-0036919,RB
2025,16,2025_16_PIT_DET,PIT,00-0037228,RB
2025,16,2025_16_PIT_DET,PIT,00-0037304,TE
2025,16,2025_16_PIT_DET,PIT,00-0037837,WR
2025,16,2025_16_PIT_DET,PIT,00-0038558,TE
2025,16,2025_16_SF_IND,IND,00-0022942,QB
2025,16,2025_16_SF_IND,IND,00-0032104,RB
2025,16,2025_16_SF_IND,IND,00-0032951,WR
2025,16,2025_16_SF_IND,IND,00-0033217,TE
2025,16,2025_16_SF_IND,IND,00-0036223,RB
2025,16,2025_16_SF_IND,IND,00-0036252,WR
2025,16,2025_16_SF_IND,IND,00-0037120,RB
2025,16,2025_16_SF_IND,IND,00-0037292,TE
2025,16,2025_16_SF_IND,IND,00-0037664,WR
2025,16,2025_16_SF_IND,IND,00-0038997,WR
2025,16,2025_16_SF_IND,IND,00-0040128,TE
2025,16,2025_16_SF_IND,IND,00-0040206,QB
2025,16,2025_16_SF_IND,IND,00-0040352,WR
2025,16,2025_16_SF_IND,SF,00-0029892,RB
2025,16,2025_16_SF_IND,SF,00-0032775,WR
2025,16,2025_16_SF_IND,SF,00-0033280,RB
2025,16,2025_16_SF_IND,SF,00-0033288,TE
2025,16,2025_16_SF_IND,SF,00-0033307,WR
2025,16,2025_16_SF_IND,SF,00-0036259,WR
2025,16,2025_16_SF_IND,SF,00-0036887,TE
2025,16,2025_16_SF_IND,SF,00-0036972,QB
2025,16,2025_16_SF_IND,SF,00-0037112,TE
2025,16,2025_16_SF_IND,SF,00-0037746,RB
2025,16,2025_16_SF_IND,SF,00-0037834,QB
2025,16,2025_16_SF_IND,SF,00-0038090,WR
2025,16,2025_16_SF_IND,SF,00-0040172,WR
2025,16,2025_16_SF_IND,SF,00-0040177,RB
2025,16,2025_16_TB_CAR,CAR,00-0036139,RB
2025,16,2025_16_TB_CAR,CAR,00-0036555,RB
2025,16,2025_16_TB_CAR,CAR,00-0037005,TE
2025,16,2025_16_TB_CAR,CAR,00-0038840,WR
2025,16,2025_16_TB_CAR,CAR,00-0039150,QB
2025,16,2025_16_TB_CAR,CAR,00-0039342,WR
2025,16,2025_16_TB_CAR,CAR,00-0039356,TE
2025,16,2025_16_TB_CAR,CAR,00-0039491,WR
2025,16,2025_16_TB_CAR,CAR,00-0040124,WR
2025,16,2025_16_TB_CAR,CAR,00-0040187,TE
2025,16,2025_16_TB_CAR,CAR,00-0040218,WR
2025,16,2025_16_TB_CAR,CAR,00-0040644,RB
2025,16,2025_16_TB_CAR,TB,00-0031408,WR
2025,16,2025_16_TB_CAR,TB,00-0033921,WR
2025,16,2025_16_TB_CAR,TB,00-0034855,QB
2025,16,2025_16_TB_CAR,TB,00-0037256,RB
2025,16,2025_16_TB_CAR,TB,00-0038129,TE
2025,16,2025_16_TB_CAR,TB,00-0038951,RB
2025,16,2025_16_TB_CAR,TB,00-0039050,TE
2025,16,2025_16_TB_CAR,TB,00-0039361,RB
2025,16,2025_16_TB_CAR,TB,00-0039589,WR
2025,16,2025_16_TB_CAR,TB,00-0039855,WR
2025,16,2025_16_TB_CAR,TB,00-0040129,WR
2025,16,2025_16_TB_CAR,TB,00-0040237,WR
2025,17,2025_17_ARI_CIN,ARI,00-0033119,QB
2025,17,2025_17_ARI_CIN,ARI,00-0034928,WR
2025,17,2025_17_ARI_CIN,ARI,00-0036332,TE
2025,17,2025_17_ARI_CIN,ARI,00-0036924,RB
2025,17,2025_17_ARI_CIN,ARI,00-0037744,TE
2025,17,2025_17_ARI_CIN,ARI,00-0038559,WR
2025,17,2025_17_ARI_CIN,ARI,00-0038640,WR
2025,17,2025_17_ARI_CIN,ARI,00-0038705,RB
2025,17,2025_17_ARI_CIN,ARI,00-0039041,TE
2025,17,2025_17_ARI_CIN,ARI,00-0039521,WR
2025,17,2025_17_ARI_CIN,ARI,00-0039849,WR
2025,17,2025_17_ARI_CIN,ARI,00-0040556,RB
2025,17,2025_17_ARI_CIN,CIN,00-0026158,QB
2025,17,2025_17_ARI_CIN,CIN,00-0034613,TE
2025,17,2025_17_ARI_CIN,CIN,00-0034829,TE
2025,17,2025_17_ARI_CIN,CIN,00-0035631,TE
2025,17,2025_17_ARI_CIN,CIN,00-0035644,TE
2025,17,2025_17_ARI_CIN,CIN,00-0036410,WR
2025,17,2025_17_ARI_CIN,CIN,00-0036442,QB
2025,17,2025_17_ARI_CIN,CIN,00-0036900,WR
2025,17,2025_17_ARI_CIN,CIN,00-0038619,WR
2025,17,2025_17_ARI_CIN,CIN,00-0038839,WR
2025,17,2025_17_ARI_CIN,CIN,00-0040534,WR
2025,17,2025_17_BAL_GB,BAL,00-0030564,WR
2025,17,2025_17_BAL_GB,BAL,00-0032764,RB
2025,17,2025_17_BAL_GB,BAL,00-0033376,RB
2025,17,2025_17_BAL_GB,BAL,00-0034753,TE
2025,17,2025_17_BAL_GB,BAL,00-0035993,QB
2025,17,2025_17_BAL_GB,BAL,00-0036550,WR
2025,17,2025_17_BAL_GB,BAL,00-0037838,TE
2025,17,2025_17_BAL_GB,BAL,00-0038046,TE
2025,17,2025_17_BAL_GB,BAL,00-0038454,RB
2025,17,2025_17_BAL_GB,BAL,00-0039064,WR
2025,17,2025_17_BAL_GB,BAL,00-0039792,WR
2025,17,2025_17_BAL_GB,BAL,00-0039796,RB
2025,17,2025_17_BAL_GB,BAL,00-0040075,WR
2025,17,2025_17_BAL_GB,GB,00-0035700,RB
2025,17,2025_17_BAL_GB,GB,00-0037816,WR
2025,17,2025_17_BAL_GB,GB,00-0038124,WR
2025,17,2025_17_BAL_GB,GB,00-0038128,QB
2025,17,2025_17_BAL_GB,GB,00-0038393,WR
2025,17,2025_17_BAL_GB,GB,00-0038582,QB
2025,17,2025_17_BAL_GB,GB,00-0038589,TE
2025,17,2025_17_BAL_GB,GB,00-0038685,RB
2025,17,2025_17_BAL_GB,GB,00-0038797,RB
2025,17,2025_17_BAL_GB,GB,00-0039144,TE
2025,17,2025_17_BAL_GB,GB,00-0039146,WR
2025,17,2025_17_BAL_GB,GB,00-0040628,TE
2025,17,2025_17_BAL_GB,GB,00-0040667,WR
2025,17,2025_17_CHI_SF,CHI,00-0034798,TE
2025,17,2025_17_CHI_SF,CHI,00-0034827,WR
2025,17,2025_17_CHI_SF,CHI,00-0036275,RB
2025,17,2025_17_CHI_SF,CHI,00-0036290,TE
2025,17,2025_17_CHI_SF,CHI,00-0036331,WR
2025,17,2025_17_CHI_SF,CHI,00-0039918,QB
2025,17,2025_17_CHI_SF,CHI,00-0040126,TE
2025,17,2025_17_CHI_SF,CHI,00-0040236,RB
2025,17,2025_17_CHI_SF,CHI,00-0040277,WR
2025,17,2025_17_CHI_SF,CHI,00-0040735,WR
2025,17,2025_17_CHI_SF,SF,00-0029892,RB
2025,17,2025_17_CHI_SF,SF,00-0032775,WR
2025,17,2025_17_CHI_SF,SF,00-0033280,RB
2025,17,2025_17_CHI_SF,SF,00-0033307,WR
2025,17,2025_17_CHI_SF,SF,00-0036259,WR
2025,17,2025_17_CHI_SF,SF,00-0036887,TE
2025,17,2025_17_CHI_SF,SF,00-0037112,TE
2025,17,2025_17_CHI_SF,SF,00-0037746,RB
2025,17,2025_17_CHI_SF,SF,00-0037834,QB
2025,17,2025_17_CHI_SF,SF,00-0038090,WR
2025,17,2025_17_CHI_SF,SF,00-0038643,TE
2025,17,2025_17_CHI_SF,SF,00-0039916,WR
2025,17,2025_17_DAL_WAS,DAL,00-0033077,QB
2025,17,2025_17_DAL_WAS,DAL,00-0036358,WR
2025,17,2025_17_DAL_WAS,DAL,00-0036997,RB
2025,17,2025_17_DAL_WAS,DAL,00-0037247,WR
2025,17,2025_17_DAL_WAS,DAL,00-0037563,RB
2025,17,2025_17_DAL_WAS,DAL,00-0037666,WR
2025,17,2025_17_DAL_WAS,DAL,00-0037801,WR
2025,17,2025_17_DAL_WAS,DAL,00-0038041,TE
2025,17,2025_17_DAL_WAS,DAL,00-0038547,TE
2025,17,2025_17_DAL_WAS,DAL,00-0038738,RB
2025,17,2025_17_DAL_WAS,DAL,00-0039062,WR
2025,17,2025_17_DAL_WAS,DAL,00-0039530,TE
2025,17,2025_17_DAL_WAS,WAS,00-0026300,QB
2025,17,2025_17_DAL_WAS,WAS,00-0032398,WR
2025,17,2025_17_DAL_WAS,WAS,00-0033955,RB
2025,17,2025_17_DAL_WAS,WAS,00-0034681,RB
2025,17,2025_17_DAL_WAS,WAS,00-0035659,WR
2025,17,2025_17_DAL_WAS,WAS,00-0035719,WR
2025,17,2025_17_DAL_WAS,WAS,00-0036628,TE
2025,17,2025_17_DAL_WAS,WAS,00-0037742,WR
2025,17,2025_17_DAL_WAS,WAS,00-0039686,TE
2025,17,2025_17_DAL_WAS,WAS,00-0039912,TE
2025,17,2025_17_DAL_WAS,WAS,00-0040242,RB
2025,17,2025_17_DEN_KC,DEN,00-0024243,TE
2025,17,2025_17_DEN_KC,DEN,00-0033881,TE
2025,17,2025_17_DEN_KC,DEN,00-0034348,WR
2025,17,2025_17_DEN_KC,DEN,00-0035406,WR
2025,17,2025_17_DEN_KC,DEN,00-0036422,TE
2025,17,2025_17_DEN_KC,DEN,00-0036727,RB
2025,17,2025_17_DEN_KC,DEN,00-0036959,WR
2025,17,2025_17_DEN_KC,DEN,00-0037085,RB
2025,17,2025_17_DEN_KC,DEN,00-0038794,RB
2025,17,2025_17_DEN_KC,DEN,00-0038976,WR
2025,17,2025_17_DEN_KC,DEN,00-0039732,QB
2025,17,2025_17_DEN_KC,DEN,00-0039868,WR
2025,17,2025_17_DEN_KC,DEN,00-0040730,RB
2025,17,2025_17_DEN_KC,KC,00-0030506,TE
2025,17,2025_17_DEN_KC,KC,00-0033857,WR
2025,17,2025_17_DEN_KC,KC,00-0033923,RB
2025,17,2025_17_DEN_KC,KC,00-0035662,WR
2025,17,2025_17_DEN_KC,KC,00-0036637,TE
2025,17,2025_17_DEN_KC,KC,00-0037197,RB
2025,17,2025_17_DEN_KC,KC,00-0037324,QB
2025,17,2025_17_DEN_KC,KC,00-0039824,TE
2025,17,2025_17_DEN_KC,KC,00-0039894,WR
2025,17,2025_17_DEN_KC,KC,00-0040078,RB
2025,17,2025_17_DEN_KC,KC,00-0040646,WR
2025,17,2025_17_DET_MIN,DET,00-0032464,WR
2025,17,2025_17_DET_MIN,DET,00-0033106,QB
2025,17,2025_17_DET_MIN,DET,00-0033455,TE
2025,17,2025_17_DET_MIN,DET,00-0035685,RB
2025,17,2025_17_DET_MIN,DET,00-0035956,TE
2025,17,2025_17_DET_MIN,DET,00-0036534,TE
2025,17,2025_17_DET_MIN,DET,00-0036963,WR
2025,17,2025_17_DET_MIN,DET,00-0037240,WR
2025,17,2025_17_DET_MIN,DET,00-0039139,RB
2025,17,2025_17_DET_MIN,DET,00-0040669,WR
2025,17,2025_17_DET_MIN,MIN,00-0032918,RB
2025,17,2025_17_DET_MIN,MIN,00-0033293,RB
2025,17,2025_17_DET_MIN,MIN,00-0035249,TE
2025,17,2025_17_DET_MIN,MIN,00-0036322,WR
2025,17,2025_17_DET_MIN,MIN,00-0037276,RB
2025,17,2025_17_DET_MIN,MIN,00-0037291,WR
2025,17,2025_17_DET_MIN,MIN,00-0038809,TE
2025,17,2025_17_DET_MIN,MIN,00-0038994,WR
2025,17,2025_17_DET_MIN,MIN,00-0040494,QB
2025,17,2025_17_DET_MIN,MIN,00-0040509,TE
2025,17,2025_17_HOU_LAC,HOU,00-0033854,RB
2025,17,2025_17_HOU_LAC,HOU,00-0034383,TE
2025,17,2025_17_HOU_LAC,HOU,00-0034775,WR
2025,17,2025_17_HOU_LAC,HOU,00-0034791,RB
2025,17,2025_17_HOU_LAC,HOU,00-0036232,TE
2025,17,2025_17_HOU_LAC,HOU,00-0036554,WR
2025,17,2025_17_HOU_LAC,HOU,00-0038618,WR
2025,17,2025_17_HOU_LAC,HOU,00-0039163,QB
2025,17,2025_17_HOU_LAC,HOU,00-0039359,TE
2025,17,2025_17_HOU_LAC,HOU,00-0039405,RB
2025,17,2025_17_HOU_LAC,HOU,00-0039603,RB
2025,17,2025_17_HOU_LAC,HOU,00-0040130,WR
2025,17,2025_17_HOU_LAC,HOU,00-0040138,WR
2025,17,2025_17_HOU_LAC,HOU,00-0040583,RB
2025,17,2025_17_HOU_LAC,LAC,00-0030279,WR
2025,17,2025_17_HOU_LAC,LAC,00-0034159,TE
2025,17,2025_17_HOU_LAC,LAC,00-0036355,QB
2025,17,2025_17_HOU_LAC,LAC,00-0036755,RB
2025,17,2025_17_HOU_LAC,LAC,00-0037617,RB
2025,17,2025_17_HOU_LAC,LAC,00-0038544,WR
2025,17,2025_17_HOU_LAC,LAC,00-0038614,RB
2025,17,2025_17_HOU_LAC,LAC,00-0039915,WR
2025,17,2025_17_HOU_LAC,LAC,00-0040184,WR
2025,17,2025_17_HOU_LAC,LAC,00-0040189,TE
2025,17,2025_17_HOU_LAC,LAC,00-0040666,RB
2025,17,2025_17_HOU_LAC,LAC,00-0040727,WR
2025,17,2025_17_JAX_IND,IND,00-0022942,QB
2025,17,2025_17_JAX_IND,IND,00-0032104,RB
2025,17,2025_17_JAX_IND,IND,00-0032951,WR
2025,17,2025_17_JAX_IND,IND,00-0033217,TE
2025,17,2025_17_JAX_IND,IND,00-0035021,WR
2025,17,2025_17_JAX_IND,IND,00-0036223,RB
2025,17,2025_17_JAX_IND,IND,00-0036252,WR
2025,17,2025_17_JAX_IND,IND,00-0037664,WR
2025,17,2025_17_JAX_IND,IND,00-0038394,TE
2025,17,2025_17_JAX_IND,IND,00-0038997,WR
2025,17,2025_17_JAX_IND,IND,00-0040128,TE
2025,17,2025_17_JAX_IND,IND,00-0040179,RB
2025,17,2025_17_JAX_IND,IND,00-0040206,QB
2025,17,2025_17_JAX_IND,JAX,00-0033246,TE
2025,17,2025_17_JAX_IND,JAX,00-0033375,WR
2025,17,2025_17_JAX_IND,JAX,00-0034960,WR
2025,17,2025_17_JAX_IND,JAX,00-0036425,RB
2025,17,2025_17_JAX_IND,JAX,00-0036590,TE
2025,17,2025_17_JAX_IND,JAX,00-0036971,QB
2025,17,2025_17_JAX_IND,JAX,00-0036973,RB
2025,17,2025_17_JAX_IND,JAX,00-0038606,WR
2025,17,2025_17_JAX_IND,JAX,00-0038935,TE
2025,17,2025_17_JAX_IND,JAX,00-0039893,WR
2025,17,2025_17_JAX_IND,JAX,00-0040238,RB
2025,17,2025_17_LA_ATL,ATL,00-0029604,QB
2025,17,2025_17_LA_ATL,ATL,00-0035359,WR
2025,17,2025_17_LA_ATL,ATL,00-0036309,WR
2025,17,2025_17_LA_ATL,ATL,00-0036429,TE
2025,17,2025_17_LA_ATL,ATL,00-0036970,TE
2025,17,2025_17_LA_ATL,ATL,00-0037238,WR
2025,17,2025_17_LA_ATL,ATL,00-0037263,RB
2025,17,2025_17_LA_ATL,ATL,00-0037277,TE
2025,17,2025_17_LA_ATL,ATL,00-0038542,RB
2025,17,2025_17_LA_ATL,LA,00-0026498,QB
2025,17,2025_17_LA_ATL,LA,00-0036244,TE
2025,17,2025_17_LA_ATL,LA,00-0036849,WR
2025,17,2025_17_LA_ATL,LA,00-0037557,RB
2025,17,2025_17_LA_ATL,LA,00-0037840,RB
2025,17,2025_17_LA_ATL,LA,00-0038359,WR
2025,17,2025_17_LA_ATL,LA,00-0039074,TE
2025,17,2025_17_LA_ATL,LA,00-0039075,WR
2025,17,2025_17_LA_ATL,LA,00-0039738,RB
2025,17,2025_17_LA_ATL,LA,00-0039751,WR
2025,17,2025_17_LA_ATL,LA,00-0040590,WR
2025,17,2025_17_LA_ATL,LA,00-0040737,TE
2025,17,2025_17_NE_NYJ,NE,00-0031588,WR
2025,17,2025_17_NE_NYJ,NE,00-0032392,TE
2025,17,2025_17_NE_NYJ,NE,00-0033090,TE
2025,17,2025_17_NE_NYJ,NE,00-0033949,QB
2025,17,2025_17_NE_NYJ,NE,00-0035628,RB
2025,17,2025_17_NE_NYJ,NE,00-0036875,RB
2025,17,2025_17_NE_NYJ,NE,00-0038621,WR
2025,17,2025_17_NE_NYJ,NE,00-0039305,RB
2025,17,2025_17_NE_NYJ,NE,00-0039851,QB
2025,17,2025_17_NE_NYJ,NE,00-0040131,WR
2025,17,2025_17_NE_NYJ,NE,00-0040563,WR
2025,17,2025_17_NE_NYJ,NE,00-0040566,TE
2025,17,2025_17_NE_NYJ,NE,00-0040734,RB
2025,17,2025_17_NE_NYJ,NYJ,00-0034959,RB
2025,17,2025_17_NE_NYJ,NYJ,00-0036427,WR
2025,17,2025_17_NE_NYJ,NYJ,00-0036842,RB
2025,17,2025_17_NE_NYJ,NYJ,00-0036906,RB
2025,17,2025_17_NE_NYJ,NYJ,00-0037475,TE
2025,17,2025_17_NE_NYJ,NYJ,00-0037614,WR
2025,17,2025_17_NE_NYJ,NYJ,00-0037755,TE
2025,17,2025_17_NE_NYJ,NYJ,00-0037805,TE
2025,17,2025_17_NE_NYJ,NYJ,00-0038120,RB
2025,17,2025_17_NE_NYJ,NYJ,00-0039451,WR
2025,17,2025_17_NE_NYJ,NYJ,00-0039798,RB
2025,17,2025_17_NE_NYJ,NYJ,00-0039890,WR
2025,17,2025_17_NE_NYJ,NYJ,00-0040398,QB
2025,17,2025_17_NE_NYJ,NYJ,00-0040582,WR
2025,17,2025_17_NO_TEN,NO,00-0033357,QB
2025,17,2025_17_NO_TEN,NO,00-0034860,WR
2025,17,2025_17_NO_TEN,NO,00-0036040,TE
2025,17,2025_17_NO_TEN,NO,00-0036741,TE
2025,17,2025_17_NO_TEN,NO,00-0037231,WR
2025,17,2025_17_NO_TEN,NO,00-0037239,WR
2025,17,2025_17_NO_TEN,NO,00-0038397,RB
2025,17,2025_17_NO_TEN,NO,00-0038647,WR
2025,17,2025_17_NO_TEN,NO,00-0039373,RB
2025,17,2025_17_NO_TEN,NO,00-0039518,TE
2025,17,2025_17_NO_TEN,NO,00-0040244,TE
2025,17,2025_17_NO_TEN,NO,00-0040743,QB
2025,17,2025_17_NO_TEN,TEN,00-0035261,RB
2025,17,2025_17_NO_TEN,TEN,00-0036133,WR
2025,17,2025_17_NO_TEN,TEN,00-0036176,WR
2025,17,2025_17_NO_TEN,TEN,00-0036415,WR
2025,17,2025_17_NO_TEN,TEN,00-0037809,TE
2025,17,2025_17_NO_TEN,TEN,00-0039032,RB
2025,17,2025_17_NO_TEN,TEN,00-0039648,TE
2025,17,2025_17_NO_TEN,TEN,00-0040170,WR
2025,17,2025_17_NO_TEN,TEN,00-0040205,RB
2025,17,2025_17_NO_TEN,TEN,00-0040584,TE
2025,17,2025_17_NO_TEN,TEN,00-0040676,QB
2025,17,2025_17_NO_TEN,TEN,00-0040705,WR
2025,17,2025_17_NYG_LV,LV,00-0030565,QB
2025,17,2025_17_NYG_LV,LV,00-0032211,WR
2025,17,2025_17_NYG_LV,LV,00-0034365,TE
2025,17,2025_17_NYG_LV,LV,00-0035602,WR
2025,17,2025_17_NYG_LV,LV,00-0038040,RB
2025,17,2025_17_NYG_LV,LV,00-0038102,QB
2025,17,2025_17_NYG_LV,LV,00-0038563,WR
2025,17,2025_17_NYG_LV,LV,00-0038891,WR
2025,17,2025_17_NYG_LV,LV,00-0039066,TE
2025,17,2025_17_NYG_LV,LV,00-0040122,RB
2025,17,2025_17_NYG_LV,LV,00-0040488,TE
2025,17,2025_17_NYG_LV,LV,00-0040581,WR
2025,17,2025_17_NYG_LV,NYG,00-0031484,TE
2025,17,2025_17_NYG_LV,NYG,00-0035250,RB
2025,17,2025_17_NYG_LV,NYG,00-0035535,WR
2025,17,2025_17_NYG_LV,NYG,00-0035645,WR
2025,17,2025_17_NYG_LV,NYG,00-0036165,WR
2025,17,2025_17_NYG_LV,NYG,00-0036640,TE
2025,17,2025_17_NYG_LV,NYG,00-0038115,TE
2025,17,2025_17_NYG_LV,NYG,00-0038117,WR
2025,17,2025_17_NYG_LV,NYG,00-0038396,RB
2025,17,2025_17_NYG_LV,NYG,00-0039384,RB
2025,17,2025_17_NYG_LV,NYG,00-0040431,WR
2025,17,2025_17_NYG_LV,NYG,00-0040691,QB
2025,17,2025_17_PHI_BUF,BUF,00-0031236,WR
2025,17,2025_17_PHI_BUF,BUF,00-0034857,QB
2025,17,2025_17_PHI_BUF,BUF,00-0035537,RB
2025,17,2025_17_PHI_BUF,BUF,00-0035689,TE
2025,17,2025_17_PHI_BUF,BUF,00-0036187,RB
2025,17,2025_17_PHI_BUF,BUF,00-0036196,WR
2025,17,2025_17_PHI_BUF,BUF,00-0036988,WR
2025,17,2025_17_PHI_BUF,BUF,00-0037248,RB
2025,17,2025_17_PHI_BUF,BUF,00-0037261,WR
2025,17,2025_17_PHI_BUF,BUF,00-0038679,WR
2025,17,2025_17_PHI_BUF,BUF,00-0039875,RB
2025,17,2025_17_PHI_BUF,BUF,00-0040194,TE
2025,17,2025_17_PHI_BUF,BUF,00-0040363,TE
2025,17,2025_17_PHI_BUF,PHI,00-0034351,TE
2025,17,2025_17_PHI_BUF,PHI,00-0034844,RB
2025,17,2025_17_PHI_BUF,PHI,00-0035676,WR
2025,17,2025_17_PHI_BUF,PHI,00-0036389,QB
2025,17,2025_17_PHI_BUF,PHI,00-0036876,TE
2025,17,2025_17_PHI_BUF,PHI,00-0036912,WR
2025,17,2025_17_PHI_BUF,PHI,00-0037086,TE
2025,17,2025_17_PHI_BUF,PHI,00-0037741,WR
2025,17,2025_17_PHI_BUF,PHI,00-0038555,RB
2025,17,2025_17_PHI_BUF,PHI,00-0038564,TE
2025,17,2025_17_PHI_BUF,PHI,00-0039746,RB
2025,17,2025_17_PHI_BUF,PHI,00-0040024,WR
2025,17,2025_17_PIT_CLE,CLE,00-0035291,RB
2025,17,2025_17_PIT_CLE,CLE,00-0036407,WR
2025,17,2025_17_PIT_CLE,CLE,00-0037015,TE
2025,17,2025_17_PIT_CLE,CLE,00-0038710,TE
2025,17,2025_17_PIT_CLE,CLE,00-0038979,WR
2025,17,2025_17_PIT_CLE,CLE,00-0039458,TE
2025,17,2025_17_PIT_CLE,CLE,00-0039920,WR
2025,17,2025_17_PIT_CLE,CLE,00-0040162,RB
2025,17,2025_17_PIT_CLE,CLE,00-0040259,WR
2025,17,2025_17_PIT_CLE,CLE,00-0040466,RB
2025,17,2025_17_PIT_CLE,CLE,00-0040663,TE
2025,17,2025_17_PIT_CLE,CLE,00-0040668,QB
2025,17,2025_17_PIT_CLE,CLE,00-0040782,WR
2025,17,2025_17_PIT_CLE,PIT,00-0023459,QB
2025,17,2025_17_PIT_CLE,PIT,00-0030035,WR
2025,17,2025_17_PIT_CLE,PIT,00-0033858,TE
2025,17,2025_17_PIT_CLE,PIT,00-0034272,WR
2025,17,2025_17_PIT_CLE,PIT,00-0035298,WR
2025,17,2025_17_PIT_CLE,PIT,00-0036894,TE
2025,17,2025_17_PIT_CLE,PIT,00-0036919,RB
2025,17,2025_17_PIT_CLE,PIT,00-0037228,RB
2025,17,2025_17_PIT_CLE,PIT,00-0037304,TE
2025,17,2025_17_PIT_CLE,PIT,00-0038558,TE
2025,17,2025_17_PIT_CLE,PIT,00-0039739,WR
2025,17,2025_17_SEA_CAR,CAR,00-0036139,RB
2025,17,2025_17_SEA_CAR,CAR,00-0036555,RB
2025,17,2025_17_SEA_CAR,CAR,00-0037005,TE
2025,17,2025_17_SEA_CAR,CAR,00-0038840,WR
2025,17,2025_17_SEA_CAR,CAR,00-0039150,QB
2025,17,2025_17_SEA_CAR,CAR,00-0039342,WR
2025,17,2025_17_SEA_CAR,CAR,00-0039356,TE
2025,17,2025_17_SEA_CAR,CAR,00-0039491,WR
2025,17,2025_17_SEA_CAR,CAR,00-0040124,WR
2025,17,2025_17_SEA_CAR,CAR,00-0040187,TE
2025,17,2025_17_SEA_CAR,CAR,00-0040218,WR
2025,17,2025_17_SEA_CAR,CAR,00-0040644,RB
2025,17,2025_17_SEA_CAR,SEA,00-0033576,TE
2025,17,2025_17_SEA_CAR,SEA,00-0033908,WR
2025,17,2025_17_SEA_CAR,SEA,00-0034869,QB
2025,17,2025_17_SEA_CAR,SEA,00-0037093,WR
2025,17,2025_17_SEA_CAR,SEA,00-0037545,WR
2025,17,2025_17_SEA_CAR,SEA,00-0038134,RB
2025,17,2025_17_SEA_CAR,SEA,00-0038543,WR
2025,17,2025_17_SEA_CAR,SEA,00-0038752,WR
2025,17,2025_17_SEA_CAR,SEA,00-0039165,RB
2025,17,2025_17_SEA_CAR,SEA,00-0039793,TE
2025,17,2025_17_SEA_CAR,SEA,00-0040058,TE
2025,17,2025_17_SEA_CAR,SEA,00-0040649,RB
2025,17,2025_17_TB_MIA,MIA,00-0031610,TE
2025,17,2025_17_TB_MIA,MIA,00-0034418,WR
2025,17,2025_17_TB_MIA,MIA,00-0035125,RB
2025,17,2025_17_TB_MIA,MIA,00-0036613,WR
2025,17,2025_17_TB_MIA,MIA,00-0037252,TE
2025,17,2025_17_TB_MIA,MIA,00-0038720,TE
2025,17,2025_17_TB_MIA,MIA,00-0039040,RB
2025,17,2025_17_TB_MIA,MIA,00-0039874,RB
2025,17,2025_17_TB_MIA,MIA,00-0039880,WR
2025,17,2025_17_TB_MIA,MIA,00-0039884,WR
2025,17,2025_17_TB_MIA,MIA,00-0040198,RB
2025,17,2025_17_TB_MIA,MIA,00-0040234,QB
2025,17,2025_17_TB_MIA,MIA,00-0040311,WR
2025,17,2025_17_TB_MIA,TB,00-0031408,WR
2025,17,2025_17_TB_MIA,TB,00-0033921,WR
2025,17,2025_17_TB_MIA,TB,00-0034855,QB
2025,17,2025_17_TB_MIA,TB,00-0037256,RB
2025,17,2025_17_TB_MIA,TB,00-0038129,TE
2025,17,2025_17_TB_MIA,TB,00-0038951,RB
2025,17,2025_17_TB_MIA,TB,00-0039050,TE
2025,17,2025_17_TB_MIA,TB,00-0039361,RB
2025,17,2025_17_TB_MIA,TB,00-0039855,WR
2025,17,2025_17_TB_MIA,TB,00-0040129,WR
2025,17,2025_17_TB_MIA,TB,00-0040237,WR
2025,18,2025_18_ARI_LA,ARI,00-0033119,QB
2025,18,2025_18_ARI_LA,ARI,00-0033439,TE
2025,18,2025_18_ARI_LA,ARI,00-0034928,WR
2025,18,2025_18_ARI_LA,ARI,00-0036332,TE
2025,18,2025_18_ARI_LA,ARI,00-0036924,RB
2025,18,2025_18_ARI_LA,ARI,00-0037744,TE
2025,18,2025_18_ARI_LA,ARI,00-0038559,WR
2025,18,2025_18_ARI_LA,ARI,00-0038640,WR
2025,18,2025_18_ARI_LA,ARI,00-0038705,RB
2025,18,2025_18_ARI_LA,ARI,00-0039041,TE
2025,18,2025_18_ARI_LA,ARI,00-0039397,WR
2025,18,2025_18_ARI_LA,ARI,00-0039521,WR
2025,18,2025_18_ARI_LA,ARI,00-0040556,RB
2025,18,2025_18_ARI_LA,LA,00-0026498,QB
2025,18,2025_18_ARI_LA,LA,00-0031345,QB
2025,18,2025_18_ARI_LA,LA,00-0032394,TE
2025,18,2025_18_ARI_LA,LA,00-0033110,TE
2025,18,2025_18_ARI_LA,LA,00-0036244,TE
2025,18,2025_18_ARI_LA,LA,00-0036849,WR
2025,18,2025_18_ARI_LA,LA,00-0037557,RB
2025,18,2025_18_ARI_LA,LA,00-0037840,RB
2025,18,2025_18_ARI_LA,LA,00-0038359,WR
2025,18,2025_18_ARI_LA,LA,00-0039074,TE
2025,18,2025_18_ARI_LA,LA,00-0039075,WR
2025,18,2025_18_ARI_LA,LA,00-0039738,RB
2025,18,2025_18_ARI_LA,LA,00-0040590,WR
2025,18,2025_18_BAL_PIT,BAL,00-0030564,WR
2025,18,2025_18_BAL_PIT,BAL,00-0032764,RB
2025,18,2025_18_BAL_PIT,BAL,00-0033376,RB
2025,18,2025_18_BAL_PIT,BAL,00-0034753,TE
2025,18,2025_18_BAL_PIT,BAL,00-0034796,QB
2025,18,2025_18_BAL_PIT,BAL,00-0036630,WR
2025,18,2025_18_BAL_PIT,BAL,00-0037838,TE
2025,18,2025_18_BAL_PIT,BAL,00-0038046,TE
2025,18,2025_18_BAL_PIT,BAL,00-0038454,RB
2025,18,2025_18_BAL_PIT,BAL,00-0039064,WR
2025,18,2025_18_BAL_PIT,BAL,00-0039792,WR
2025,18,2025_18_BAL_PIT,BAL,00-0039796,RB
2025,18,2025_18_BAL_PIT,BAL,00-0040075,WR
2025,18,2025_18_BAL_PIT,PIT,00-0023459,QB
2025,18,2025_18_BAL_PIT,PIT,00-0030035,WR
2025,18,2025_18_BAL_PIT,PIT,00-0033858,TE
2025,18,2025_18_BAL_PIT,PIT,00-0034272,WR
2025,18,2025_18_BAL_PIT,PIT,00-0035298,WR
2025,18,2025_18_BAL_PIT,PIT,00-0036862,WR
2025,18,2025_18_BAL_PIT,PIT,00-0036894,TE
2025,18,2025_18_BAL_PIT,PIT,00-0036919,RB
2025,18,2025_18_BAL_PIT,PIT,00-0037228,RB
2025,18,2025_18_BAL_PIT,PIT,00-0037304,TE
2025,18,2025_18_BAL_PIT,PIT,00-0037837,WR
2025,18,2025_18_CAR_TB,CAR,00-0036139,RB
2025,18,2025_18_CAR_TB,CAR,00-0036555,RB
2025,18,2025_18_CAR_TB,CAR,00-0037005,TE
2025,18,2025_18_CAR_TB,CAR,00-0037282,TE
2025,18,2025_18_CAR_TB,CAR,00-0038840,WR
2025,18,2025_18_CAR_TB,CAR,00-0039150,QB
2025,18,2025_18_CAR_TB,CAR,00-0039342,WR
2025,18,2025_18_CAR_TB,CAR,00-0039491,WR
2025,18,2025_18_CAR_TB,CAR,00-0040124,WR
2025,18,2025_18_CAR_TB,CAR,00-0040187,TE
2025,18,2025_18_CAR_TB,CAR,00-0040218,WR
2025,18,2025_18_CAR_TB,CAR,00-0040644,RB
2025,18,2025_18_CAR_TB,TB,00-0031408,WR
2025,18,2025_18_CAR_TB,TB,00-0033921,WR
2025,18,2025_18_CAR_TB,TB,00-0034855,QB
2025,18,2025_18_CAR_TB,TB,00-0037256,RB
2025,18,2025_18_CAR_TB,TB,00-0038129,TE
2025,18,2025_18_CAR_TB,TB,00-0038951,RB
2025,18,2025_18_CAR_TB,TB,00-0039050,TE
2025,18,2025_18_CAR_TB,TB,00-0039361,RB
2025,18,2025_18_CAR_TB,TB,00-0039855,WR
2025,18,2025_18_CAR_TB,TB,00-0040129,WR
2025,18,2025_18_CAR_TB,TB,00-0040237,WR
2025,18,2025_18_CLE_CIN,CIN,00-0026158,QB
2025,18,2025_18_CLE_CIN,CIN,00-0034613,TE
2025,18,2025_18_CLE_CIN,CIN,00-0034829,TE
2025,18,2025_18_CLE_CIN,CIN,00-0035631,TE
2025,18,2025_18_CLE_CIN,CIN,00-0035644,TE
2025,18,2025_18_CLE_CIN,CIN,00-0036410,WR
2025,18,2025_18_CLE_CIN,CIN,00-0036442,QB
2025,18,2025_18_CLE_CIN,CIN,00-0036900,WR
2025,18,2025_18_CLE_CIN,CIN,00-0038619,WR
2025,18,2025_18_CLE_CIN,CIN,00-0038839,WR
2025,18,2025_18_CLE_CIN,CIN,00-0040534,WR
2025,18,2025_18_CLE_CIN,CLE,00-0035291,RB
2025,18,2025_18_CLE_CIN,CLE,00-0036407,WR
2025,18,2025_18_CLE_CIN,CLE,00-0037015,TE
2025,18,2025_18_CLE_CIN,CLE,00-0038710,TE
2025,18,2025_18_CLE_CIN,CLE,00-0038979,WR
2025,18,2025_18_CLE_CIN,CLE,00-0039458,TE
2025,18,2025_18_CLE_CIN,CLE,00-0039920,WR
2025,18,2025_18_CLE_CIN,CLE,00-0040162,RB
2025,18,2025_18_CLE_CIN,CLE,00-0040259,WR
2025,18,2025_18_CLE_CIN,CLE,00-0040466,RB
2025,18,2025_18_CLE_CIN,CLE,00-0040668,QB
2025,18,2025_18_CLE_CIN,CLE,00-0040782,WR
2025,18,2025_18_DAL_NYG,DAL,00-0033077,QB
2025,18,2025_18_DAL_NYG,DAL,00-0036358,WR
2025,18,2025_18_DAL_NYG,DAL,00-0037247,WR
2025,18,2025_18_DAL_NYG,DAL,00-0037666,WR
2025,18,2025_18_DAL_NYG,DAL,00-0037801,WR
2025,18,2025_18_DAL_NYG,DAL,00-0038041,TE
2025,18,2025_18_DAL_NYG,DAL,00-0038547,TE
2025,18,2025_18_DAL_NYG,DAL,00-0038738,RB
2025,18,2025_18_DAL_NYG,DAL,00-0039062,WR
2025,18,2025_18_DAL_NYG,DAL,00-0039398,QB
2025,18,2025_18_DAL_NYG,DAL,00-0039410,WR
2025,18,2025_18_DAL_NYG,DAL,00-0039530,TE
2025,18,2025_18_DAL_NYG,DAL,00-0040021,RB
2025,18,2025_18_DAL_NYG,DAL,00-0040586,RB
2025,18,2025_18_DAL_NYG,NYG,00-0031484,TE
2025,18,2025_18_DAL_NYG,NYG,00-0035250,RB
2025,18,2025_18_DAL_NYG,NYG,00-0035535,WR
2025,18,2025_18_DAL_NYG,NYG,00-0035645,WR
2025,18,2025_18_DAL_NYG,NYG,00-0036165,WR
2025,18,2025_18_DAL_NYG,NYG,00-0038115,TE
2025,18,2025_18_DAL_NYG,NYG,00-0039384,RB
2025,18,2025_18_DAL_NYG,NYG,00-0040431,WR
2025,18,2025_18_DAL_NYG,NYG,00-0040691,QB
2025,18,2025_18_DET_CHI,CHI,00-0034798,TE
2025,18,2025_18_DET_CHI,CHI,00-0034827,WR
2025,18,2025_18_DET_CHI,CHI,00-0035208,WR
2025,18,2025_18_DET_CHI,CHI,00-0036275,RB
2025,18,2025_18_DET_CHI,CHI,00-0036290,TE
2025,18,2025_18_DET_CHI,CHI,00-0039918,QB
2025,18,2025_18_DET_CHI,CHI,00-0040126,TE
2025,18,2025_18_DET_CHI,CHI,00-0040236,RB
2025,18,2025_18_DET_CHI,CHI,00-0040277,WR
2025,18,2025_18_DET_CHI,CHI,00-0040735,WR
2025,18,2025_18_DET_CHI,DET,00-0032464,WR
2025,18,2025_18_DET_CHI,DET,00-0033106,QB
2025,18,2025_18_DET_CHI,DET,00-0033455,TE
2025,18,2025_18_DET_CHI,DET,00-0035544,WR
2025,18,2025_18_DET_CHI,DET,00-0035685,RB
2025,18,2025_18_DET_CHI,DET,00-0036534,TE
2025,18,2025_18_DET_CHI,DET,00-0036963,WR
2025,18,2025_18_DET_CHI,DET,00-0037240,WR
2025,18,2025_18_DET_CHI,DET,00-0039139,RB
2025,18,2025_18_DET_CHI,DET,00-0040387,TE
2025,18,2025_18_DET_CHI,DET,00-0040669,WR
2025,18,2025_18_GB_MIN,GB,00-0038582,QB
2025,18,2025_18_GB_MIN,GB,00-0038589,TE
2025,18,2025_18_GB_MIN,GB,00-0038685,RB
2025,18,2025_18_GB_MIN,GB,00-0038797,RB
2025,18,2025_18_GB_MIN,GB,00-0039144,TE
2025,18,2025_18_GB_MIN,GB,00-0039146,WR
2025,18,2025_18_GB_MIN,GB,00-0040388,WR
2025,18,2025_18_GB_MIN,GB,00-0040628,TE
2025,18,2025_18_GB_MIN,GB,00-0040667,WR
2025,18,2025_18_GB_MIN,MIN,00-0032918,RB
2025,18,2025_18_GB_MIN,MIN,00-0035249,TE
2025,18,2025_18_GB_MIN,MIN,00-0036322,WR
2025,18,2025_18_GB_MIN,MIN,00-0037276,RB
2025,18,2025_18_GB_MIN,MIN,00-0037291,WR
2025,18,2025_18_GB_MIN,MIN,00-0037525,RB
2025,18,2025_18_GB_MIN,MIN,00-0038440,RB
2025,18,2025_18_GB_MIN,MIN,00-0038809,TE
2025,18,2025_18_GB_MIN,MIN,00-0038994,WR
2025,18,2025_18_GB_MIN,MIN,00-0039923,QB
2025,18,2025_18_GB_MIN,MIN,00-0040154,WR
2025,18,2025_18_GB_MIN,MIN,00-0040494,QB
2025,18,2025_18_GB_MIN,MIN,00-0040509,TE
2025,18,2025_18_IND_HOU,HOU,00-0033854,RB
2025,18,2025_18_IND_HOU,HOU,00-0034383,TE
2025,18,2025_18_IND_HOU,HOU,00-0034386,WR
2025,18,2025_18_IND_HOU,HOU,00-0034775,WR
2025,18,2025_18_IND_HOU,HOU,00-0036232,TE
2025,18,2025_18_IND_HOU,HOU,00-0036898,QB
2025,18,2025_18_IND_HOU,HOU,00-0038618,WR
2025,18,2025_18_IND_HOU,HOU,00-0039163,QB
2025,18,2025_18_IND_HOU,HOU,00-0039359,TE
2025,18,2025_18_IND_HOU,HOU,00-0039405,RB
2025,18,2025_18_IND_HOU,HOU,00-0039603,RB
2025,18,2025_18_IND_HOU,HOU,00-0040130,WR
2025,18,2025_18_IND_HOU,HOU,00-0040138,WR
2025,18,2025_18_IND_HOU,HOU,00-0040583,RB
2025,18,2025_18_IND_HOU,IND,00-0032104,RB
2025,18,2025_18_IND_HOU,IND,00-0032951,WR
2025,18,2025_18_IND_HOU,IND,00-0033217,TE
2025,18,2025_18_IND_HOU,IND,00-0035021,WR
2025,18,2025_18_IND_HOU,IND,00-0036032,TE
2025,18,2025_18_IND_HOU,IND,00-0036223,RB
2025,18,2025_18_IND_HOU,IND,00-0036252,WR
2025,18,2025_18_IND_HOU,IND,00-0037120,RB
2025,18,2025_18_IND_HOU,IND,00-0037664,WR
2025,18,2025_18_IND_HOU,IND,00-0038997,WR
2025,18,2025_18_IND_HOU,IND,00-0040128,TE
2025,18,2025_18_IND_HOU,IND,00-0040179,RB
2025,18,2025_18_IND_HOU,IND,00-0040206,QB
2025,18,2025_18_KC_LV,KC,00-0030506,TE
2025,18,2025_18_KC_LV,KC,00-0033757,TE
2025,18,2025_18_KC_LV,KC,00-0033857,WR
2025,18,2025_18_KC_LV,KC,00-0033923,RB
2025,18,2025_18_KC_LV,KC,00-0035662,WR
2025,18,2025_18_KC_LV,KC,00-0036637,TE
2025,18,2025_18_KC_LV,KC,00-0036679,QB
2025,18,2025_18_KC_LV,KC,00-0037258,RB
2025,18,2025_18_KC_LV,KC,00-0037324,QB
2025,18,2025_18_KC_LV,KC,00-0038492,WR
2025,18,2025_18_KC_LV,KC,00-0039824,TE
2025,18,2025_18_KC_LV,KC,00-0040078,RB
2025,18,2025_18_KC_LV,KC,00-0040120,WR
2025,18,2025_18_KC_LV,KC,00-0040646,WR
2025,18,2025_18_KC_LV,LV,00-0032211,WR
2025,18,2025_18_KC_LV,LV,00-0034365,TE
2025,18,2025_18_KC_LV,LV,00-0035602,WR
2025,18,2025_18_KC_LV,LV,00-0038040,RB
2025,18,2025_18_KC_LV,LV,00-0038102,QB
2025,18,2025_18_KC_LV,LV,00-0038563,WR
2025,18,2025_18_KC_LV,LV,00-0038579,QB
2025,18,2025_18_KC_LV,LV,00-0038891,WR
2025,18,2025_18_KC_LV,LV,00-0039066,TE
2025,18,2025_18_KC_LV,LV,00-0040122,RB
2025,18,2025_18_KC_LV,LV,00-0040488,TE
2025,18,2025_18_KC_LV,LV,00-0040581,WR
2025,18,2025_18_KC_LV,LV,00-0040729,WR
2025,18,2025_18_LAC_DEN,DEN,00-0033881,TE
2025,18,2025_18_LAC_DEN,DEN,00-0034348,WR
2025,18,2025_18_LAC_DEN,DEN,00-0035406,WR
2025,18,2025_18_LAC_DEN,DEN,00-0036422,TE
2025,18,2025_18_LAC_DEN,DEN,00-0036727,RB
2025,18,2025_18_LAC_DEN,DEN,00-0037085,RB
2025,18,2025_18_LAC_DEN,DEN,00-0038783,TE
2025,18,2025_18_LAC_DEN,DEN,00-0038794,RB
2025,18,2025_18_LAC_DEN,DEN,00-0038976,WR
2025,18,2025_18_LAC_DEN,DEN,00-0039732,QB
2025,18,2025_18_LAC_DEN,DEN,00-0039868,WR
2025,18,2025_18_LAC_DEN,DEN,00-0040134,WR
2025,18,2025_18_LAC_DEN,DEN,00-0040730,RB
2025,18,2025_18_LAC_DEN,LAC,00-0030279,WR
2025,18,2025_18_LAC_DEN,LAC,00-0034159,TE
2025,18,2025_18_LAC_DEN,LAC,00-0034270,TE
2025,18,2025_18_LAC_DEN,LAC,00-0036755,RB
2025,18,2025_18_LAC_DEN,LAC,00-0037012,QB
2025,18,2025_18_LAC_DEN,LAC,00-0037617,RB
2025,18,2025_18_LAC_DEN,LAC,00-0038573,WR
2025,18,2025_18_LAC_DEN,LAC,00-0038614,RB
2025,18,2025_18_LAC_DEN,LAC,00-0039391,RB
2025,18,2025_18_LAC_DEN,LAC,00-0040184,WR
2025,18,2025_18_LAC_DEN,LAC,00-0040189,TE
2025,18,2025_18_LAC_DEN,LAC,00-0040727,WR
2025,18,2025_18_MIA_NE,MIA,00-0034115,RB
2025,18,2025_18_MIA_NE,MIA,00-0034418,WR
2025,18,2025_18_MIA_NE,MIA,00-0035125,RB
2025,18,2025_18_MIA_NE,MIA,00-0036182,WR
2025,18,2025_18_MIA_NE,MIA,00-0037013,QB
2025,18,2025_18_MIA_NE,MIA,00-0037252,TE
2025,18,2025_18_MIA_NE,MIA,00-0038720,TE
2025,18,2025_18_MIA_NE,MIA,00-0039874,RB
2025,18,2025_18_MIA_NE,MIA,00-0039880,WR
2025,18,2025_18_MIA_NE,MIA,00-0039884,WR
2025,18,2025_18_MIA_NE,MIA,00-0040198,RB
2025,18,2025_18_MIA_NE,MIA,00-0040234,QB
2025,18,2025_18_MIA_NE,MIA,00-0040311,WR
2025,18,2025_18_MIA_NE,NE,00-0031588,WR
2025,18,2025_18_MIA_NE,NE,00-0032392,TE
2025,18,2025_18_MIA_NE,NE,00-0033090,TE
2025,18,2025_18_MIA_NE,NE,00-0033949,QB
2025,18,2025_18_MIA_NE,NE,00-0035628,RB
2025,18,2025_18_MIA_NE,NE,00-0036875,RB
2025,18,2025_18_MIA_NE,NE,00-0038608,WR
2025,18,2025_18_MIA_NE,NE,00-0038621,WR
2025,18,2025_18_MIA_NE,NE,00-0039305,RB
2025,18,2025_18_MIA_NE,NE,00-0039851,QB
2025,18,2025_18_MIA_NE,NE,00-0040131,WR
2025,18,2025_18_MIA_NE,NE,00-0040563,WR
2025,18,2025_18_MIA_NE,NE,00-0040566,TE
2025,18,2025_18_MIA_NE,NE,00-0040734,RB
2025,18,2025_18_NO_ATL,ATL,00-0029604,QB
2025,18,2025_18_NO_ATL,ATL,00-0035359,WR
2025,18,2025_18_NO_ATL,ATL,00-0036309,WR
2025,18,2025_18_NO_ATL,ATL,00-0036429,TE
2025,18,2025_18_NO_ATL,ATL,00-0036825,TE
2025,18,2025_18_NO_ATL,ATL,00-0036970,TE
2025,18,2025_18_NO_ATL,ATL,00-0037238,WR
2025,18,2025_18_NO_ATL,ATL,00-0037263,RB
2025,18,2025_18_NO_ATL,ATL,00-0037277,TE
2025,18,2025_18_NO_ATL,ATL,00-0037487,WR
2025,18,2025_18_NO_ATL,ATL,00-0038542,RB
2025,18,2025_18_NO_ATL,ATL,00-0038953,WR
2025,18,2025_18_NO_ATL,NO,00-0033357,QB
2025,18,2025_18_NO_ATL,NO,00-0034367,RB
2025,18,2025_18_NO_ATL,NO,00-0034860,WR
2025,18,2025_18_NO_ATL,NO,00-0036040,TE
2025,18,2025_18_NO_ATL,NO,00-0037098,WR
2025,18,2025_18_NO_ATL,NO,00-0037231,WR
2025,18,2025_18_NO_ATL,NO,00-0038397,RB
2025,18,2025_18_NO_ATL,NO,00-0038647,WR
2025,18,2025_18_NO_ATL,NO,00-0039373,RB
2025,18,2025_18_NO_ATL,NO,00-0039518,TE
2025,18,2025_18_NO_ATL,NO,00-0040244,TE
2025,18,2025_18_NO_ATL,NO,00-0040743,QB
2025,18,2025_18_NYJ_BUF,BUF,00-0033869,QB
2025,18,2025_18_NYJ_BUF,BUF,00-0034857,QB
2025,18,2025_18_NYJ_BUF,BUF,00-0035537,RB
2025,18,2025_18_NYJ_BUF,BUF,00-0035689,TE
2025,18,2025_18_NYJ_BUF,BUF,00-0036187,RB
2025,18,2025_18_NYJ_BUF,BUF,00-0036196,WR
2025,18,2025_18_NYJ_BUF,BUF,00-0036988,WR
2025,18,2025_18_NYJ_BUF,BUF,00-0037248,RB
2025,18,2025_18_NYJ_BUF,BUF,00-0038679,WR
2025,18,2025_18_NYJ_BUF,BUF,00-0038933,TE
2025,18,2025_18_NYJ_BUF,BUF,00-0039875,RB
2025,18,2025_18_NYJ_BUF,BUF,00-0039901,WR
2025,18,2025_18_NYJ_BUF,BUF,00-0040194,TE
2025,18,2025_18_NYJ_BUF,BUF,00-0040363,TE
2025,18,2025_18_NYJ_BUF,NYJ,00-0034959,RB
2025,18,2025_18_NYJ_BUF,NYJ,00-0036842,RB
2025,18,2025_18_NYJ_BUF,NYJ,00-0036906,RB
2025,18,2025_18_NYJ_BUF,NYJ,00-0037475,TE
2025,18,2025_18_NYJ_BUF,NYJ,00-0037614,WR
2025,18,2025_18_NYJ_BUF,NYJ,00-0037805,TE
2025,18,2025_18_NYJ_BUF,NYJ,00-0039451,WR
2025,18,2025_18_NYJ_BUF,NYJ,00-0039890,WR
2025,18,2025_18_NYJ_BUF,NYJ,00-0040398,QB
2025,18,2025_18_NYJ_BUF,NYJ,00-0040406,WR
2025,18,2025_18_NYJ_BUF,NYJ,00-0040582,WR
2025,18,2025_18_SEA_SF,SEA,00-0033576,TE
2025,18,2025_18_SEA_SF,SEA,00-0033908,WR
2025,18,2025_18_SEA_SF,SEA,00-0034869,QB
2025,18,2025_18_SEA_SF,SEA,00-0036414,RB
2025,18,2025_18_SEA_SF,SEA,00-0037093,WR
2025,18,2025_18_SEA_SF,SEA,00-0037545,WR
2025,18,2025_18_SEA_SF,SEA,00-0038134,RB
2025,18,2025_18_SEA_SF,SEA,00-0038488,RB
2025,18,2025_18_SEA_SF,SEA,00-0038543,WR
2025,18,2025_18_SEA_SF,SEA,00-0038752,WR
2025,18,2025_18_SEA_SF,SEA,00-0039165,RB
2025,18,2025_18_SEA_SF,SEA,00-0039793,TE
2025,18,2025_18_SEA_SF,SEA,00-0040649,RB
2025,18,2025_18_SEA_SF,SF,00-0029892,RB
2025,18,2025_18_SEA_SF,SF,00-0032775,WR
2025,18,2025_18_SEA_SF,SF,00-0033280,RB
2025,18,2025_18_SEA_SF,SF,00-0033288,TE
2025,18,2025_18_SEA_SF,SF,00-0033307,WR
2025,18,2025_18_SEA_SF,SF,00-0036259,WR
2025,18,2025_18_SEA_SF,SF,00-0036887,TE
2025,18,2025_18_SEA_SF,SF,00-0037746,RB
2025,18,2025_18_SEA_SF,SF,00-0037834,QB
2025,18,2025_18_SEA_SF,SF,00-0038090,WR
2025,18,2025_18_TEN_JAX,JAX,00-0033246,TE
2025,18,2025_18_TEN_JAX,JAX,00-0033319,QB
2025,18,2025_18_TEN_JAX,JAX,00-0033375,WR
2025,18,2025_18_TEN_JAX,JAX,00-0034960,WR
2025,18,2025_18_TEN_JAX,JAX,00-0036590,TE
2025,18,2025_18_TEN_JAX,JAX,00-0036626,WR
2025,18,2025_18_TEN_JAX,JAX,00-0036971,QB
2025,18,2025_18_TEN_JAX,JAX,00-0036973,RB
2025,18,2025_18_TEN_JAX,JAX,00-0038606,WR
2025,18,2025_18_TEN_JAX,JAX,00-0038935,TE
2025,18,2025_18_TEN_JAX,JAX,00-0039893,WR
2025,18,2025_18_TEN_JAX,JAX,00-0040238,RB
2025,18,2025_18_TEN_JAX,JAX,00-0040719,RB
2025,18,2025_18_TEN_JAX,TEN,00-0032434,QB
2025,18,2025_18_TEN_JAX,TEN,00-0035261,RB
2025,18,2025_18_TEN_JAX,TEN,00-0036133,WR
2025,18,2025_18_TEN_JAX,TEN,00-0036176,WR
2025,18,2025_18_TEN_JAX,TEN,00-0037809,TE
2025,18,2025_18_TEN_JAX,TEN,00-0039032,RB
2025,18,2025_18_TEN_JAX,TEN,00-0039648,TE
2025,18,2025_18_TEN_JAX,TEN,00-0039650,WR
2025,18,2025_18_TEN_JAX,TEN,00-0040170,WR
2025,18,2025_18_TEN_JAX,TEN,00-0040676,QB
2025,18,2025_18_TEN_JAX,TEN,00-0040705,WR
2025,18,2025_18_WAS_PHI,PHI,00-0036265,RB
2025,18,2025_18_WAS_PHI,PHI,00-0036876,TE
2025,18,2025_18_WAS_PHI,PHI,00-0036912,WR
2025,18,2025_18_WAS_PHI,PHI,00-0037086,TE
2025,18,2025_18_WAS_PHI,PHI,00-0037132,WR
2025,18,2025_18_WAS_PHI,PHI,00-0037741,WR
2025,18,2025_18_WAS_PHI,PHI,00-0038400,QB
2025,18,2025_18_WAS_PHI,PHI,00-0038555,RB
2025,18,2025_18_WAS_PHI,PHI,00-0038564,TE
2025,18,2025_18_WAS_PHI,PHI,00-0039746,RB
2025,18,2025_18_WAS_PHI,PHI,00-0040024,WR
2025,18,2025_18_WAS_PHI,WAS,00-0026300,QB
2025,18,2025_18_WAS_PHI,WAS,00-0032398,WR
2025,18,2025_18_WAS_PHI,WAS,00-0033955,RB
2025,18,2025_18_WAS_PHI,WAS,00-0034054,WR
2025,18,2025_18_WAS_PHI,WAS,00-0035659,WR
2025,18,2025_18_WAS_PHI,WAS,00-0035719,WR
2025,18,2025_18_WAS_PHI,WAS,00-0036628,TE
2025,18,2025_18_WAS_PHI,WAS,00-0037742,WR
2025,18,2025_18_WAS_PHI,WAS,00-0038611,RB
2025,18,2025_18_WAS_PHI,WAS,00-0039686,TE
2025,18,2025_18_WAS_PHI,WAS,00-0039912,TE
2025,18,2025_18_WAS_PHI,WAS,00-0040242,RB
