season,week,game_id,team,player_id,qb_rush,rush_in5,rush_far,pass_ez,pass_rz,pass_far
2025,1,2025_01_ARI_NO,ARI,00-0033553,0,1,11,0,1,3
2025,1,2025_01_ARI_NO,ARI,00-0033891,0,0,0,0,0,1
2025,1,2025_01_ARI_NO,ARI,00-0035228,7,0,0,0,0,0
2025,1,2025_01_ARI_NO,ARI,00-0035500,0,0,0,0,0,1
2025,1,2025_01_ARI_NO,ARI,00-0037744,0,0,0,0,1,8
2025,1,2025_01_ARI_NO,ARI,00-0038559,0,0,0,0,0,4
2025,1,2025_01_ARI_NO,ARI,00-0039041,0,0,0,0,1,1
2025,1,2025_01_ARI_NO,ARI,00-0039737,0,0,0,0,0,1
2025,1,2025_01_ARI_NO,ARI,00-0039849,0,0,0,1,0,5
2025,1,2025_01_ARI_NO,ARI,00-0039921,0,0,8,0,0,1
2025,1,2025_01_ARI_NO,NO,00-0031236,0,0,0,0,0,4
2025,1,2025_01_ARI_NO,NO,00-0033906,0,1,10,0,0,2
2025,1,2025_01_ARI_NO,NO,00-0036040,0,0,0,1,1,9
2025,1,2025_01_ARI_NO,NO,00-0037239,0,0,0,1,0,12
2025,1,2025_01_ARI_NO,NO,00-0037545,0,0,0,1,0,8
2025,1,2025_01_ARI_NO,NO,00-0038551,0,0,5,0,0,0
2025,1,2025_01_ARI_NO,NO,00-0039376,4,0,0,0,0,0
2025,1,2025_01_ARI_NO,NO,00-0039424,0,0,0,1,0,1
2025,1,2025_01_ARI_NO,NO,00-0040202,0,0,2,0,0,0
2025,1,2025_01_BAL_BUF,BAL,00-0030564,0,0,0,0,0,2
2025,1,2025_01_BAL_BUF,BAL,00-0032764,0,0,18,0,0,1
2025,1,2025_01_BAL_BUF,BAL,00-0034753,0,0,0,0,0,1
2025,1,2025_01_BAL_BUF,BAL,00-0034796,6,0,0,0,0,0
2025,1,2025_01_BAL_BUF,BAL,00-0034975,0,0,2,0,0,2
2025,1,2025_01_BAL_BUF,BAL,00-0036550,0,0,0,0,0,4
2025,1,2025_01_BAL_BUF,BAL,00-0039064,0,0,2,0,0,9
2025,1,2025_01_BAL_BUF,BAL,00-0039796,0,0,1,0,0,0
2025,1,2025_01_BAL_BUF,BUF,00-0034857,11,0,0,0,0,0
2025,1,2025_01_BAL_BUF,BUF,00-0035537,0,0,2,0,1,1
2025,1,2025_01_BAL_BUF,BUF,00-0035689,0,0,0,0,0,2
2025,1,2025_01_BAL_BUF,BUF,00-0036980,0,0,1,0,0,1
2025,1,2025_01_BAL_BUF,BUF,00-0036988,0,0,0,1,1,7
2025,1,2025_01_BAL_BUF,BUF,00-0037248,0,2,11,0,0,5
2025,1,2025_01_BAL_BUF,BUF,00-0037261,0,0,0,0,2,7
2025,1,2025_01_BAL_BUF,BUF,00-0038933,0,0,0,1,0,3
2025,1,2025_01_BAL_BUF,BUF,00-0039875,0,0,1,0,1,0
2025,1,2025_01_BAL_BUF,BUF,00-0039901,0,0,0,2,0,9
2025,1,2025_01_BAL_BUF,BUF,00-0040194,0,0,0,0,0,1
2025,1,2025_01_CAR_JAX,CAR,00-0034983,0,0,0,0,0,6
2025,1,2025_01_CAR_JAX,CAR,00-0036139,0,0,3,0,0,3
2025,1,2025_01_CAR_JAX,CAR,00-0036555,0,0,16,0,0,5
2025,1,2025_01_CAR_JAX,CAR,00-0037005,0,0,0,0,0,1
2025,1,2025_01_CAR_JAX,CAR,00-0039150,4,0,0,0,0,0
2025,1,2025_01_CAR_JAX,CAR,00-0039342,0,0,0,1,0,6
2025,1,2025_01_CAR_JAX,CAR,00-0039356,0,0,0,0,0,3
2025,1,2025_01_CAR_JAX,CAR,00-0040124,0,0,0,0,0,9
2025,1,2025_01_CAR_JAX,CAR,00-0040644,0,0,1,0,0,0
2025,1,2025_01_CAR_JAX,JAX,00-0033246,0,0,0,0,0,1
2025,1,2025_01_CAR_JAX,JAX,00-0036626,0,0,2,0,0,4
2025,1,2025_01_CAR_JAX,JAX,00-0036971,2,0,0,0,0,0
2025,1,2025_01_CAR_JAX,JAX,00-0036973,0,0,16,0,0,3
2025,1,2025_01_CAR_JAX,JAX,00-0037004,0,0,0,1,0,0
2025,1,2025_01_CAR_JAX,JAX,00-0038555,0,0,5,0,0,0
2025,1,2025_01_CAR_JAX,JAX,00-0038935,0,0,0,0,0,4
2025,1,2025_01_CAR_JAX,JAX,00-0039893,0,0,1,0,0,7
2025,1,2025_01_CAR_JAX,JAX,00-0040238,0,0,1,0,0,1
2025,1,2025_01_CAR_JAX,JAX,00-0040718,0,0,0,0,1,7
2025,1,2025_01_CAR_JAX,JAX,00-0040719,0,0,3,0,0,0
2025,1,2025_01_CIN_CLE,CIN,00-0033526,0,0,0,0,0,2
2025,1,2025_01_CIN_CLE,CIN,00-0034829,0,0,0,1,1,1
2025,1,2025_01_CIN_CLE,CIN,00-0035631,0,0,0,0,0,1
2025,1,2025_01_CIN_CLE,CIN,00-0035644,0,0,0,1,0,4
2025,1,2025_01_CIN_CLE,CIN,00-0036410,0,0,0,0,0,4
2025,1,2025_01_CIN_CLE,CIN,00-0036442,2,0,0,0,0,0
2025,1,2025_01_CIN_CLE,CIN,00-0036900,0,0,0,0,0,5
2025,1,2025_01_CIN_CLE,CIN,00-0038597,0,2,19,0,1,2
2025,1,2025_01_CIN_CLE,CLE,00-0026158,2,0,0,0,0,0
2025,1,2025_01_CIN_CLE,CLE,00-0033885,0,0,0,0,0,6
2025,1,2025_01_CIN_CLE,CLE,00-0036407,0,0,0,0,0,8
2025,1,2025_01_CIN_CLE,CLE,00-0037267,0,2,4,0,0,1
2025,1,2025_01_CIN_CLE,CLE,00-0038979,0,0,0,1,0,7
2025,1,2025_01_CIN_CLE,CLE,00-0039379,0,0,0,0,0,1
2025,1,2025_01_CIN_CLE,CLE,00-0040162,0,0,12,0,2,6
2025,1,2025_01_CIN_CLE,CLE,00-0040466,0,2,1,0,0,0
2025,1,2025_01_CIN_CLE,CLE,00-0040663,0,0,1,0,1,8
2025,1,2025_01_CIN_CLE,CLE,00-0040782,0,0,0,0,0,1
2025,1,2025_01_DAL_PHI,DAL,00-0033077,1,0,0,0,0,0
2025,1,2025_01_DAL_PHI,DAL,00-0035243,0,0,4,0,0,1
2025,1,2025_01_DAL_PHI,DAL,00-0036358,0,0,0,0,0,13
2025,1,2025_01_DAL_PHI,DAL,00-0036997,0,2,13,0,0,3
2025,1,2025_01_DAL_PHI,DAL,00-0037247,0,0,0,0,0,4
2025,1,2025_01_DAL_PHI,DAL,00-0037666,0,0,0,1,0,1
2025,1,2025_01_DAL_PHI,DAL,00-0037801,0,0,2,0,0,2
2025,1,2025_01_DAL_PHI,DAL,00-0038041,0,0,0,0,0,6
2025,1,2025_01_DAL_PHI,DAL,00-0038547,0,0,0,0,0,1
2025,1,2025_01_DAL_PHI,DAL,00-0039530,0,0,0,0,0,1
2025,1,2025_01_DAL_PHI,PHI,00-0034351,0,0,0,0,0,7
2025,1,2025_01_DAL_PHI,PHI,00-0034844,0,2,16,0,1,4
2025,1,2025_01_DAL_PHI,PHI,00-0035676,0,0,0,0,0,1
2025,1,2025_01_DAL_PHI,PHI,00-0036265,0,0,3,0,0,0
2025,1,2025_01_DAL_PHI,PHI,00-0036389,11,0,0,0,0,0
2025,1,2025_01_DAL_PHI,PHI,00-0036876,0,0,0,0,0,1
2025,1,2025_01_DAL_PHI,PHI,00-0036912,0,0,0,0,0,3
2025,1,2025_01_DAL_PHI,PHI,00-0037741,0,0,0,0,0,3
2025,1,2025_01_DAL_PHI,PHI,00-0039746,0,0,3,0,0,0
2025,1,2025_01_DET_GB,DET,00-0032464,0,0,0,0,0,3
2025,1,2025_01_DET_GB,DET,00-0035685,0,0,11,0,1,3
2025,1,2025_01_DET_GB,DET,00-0036963,0,0,0,1,1,4
2025,1,2025_01_DET_GB,DET,00-0037240,0,0,1,0,1,4
2025,1,2025_01_DET_GB,DET,00-0039065,0,0,0,0,2,7
2025,1,2025_01_DET_GB,DET,00-0039139,0,0,9,0,2,8
2025,1,2025_01_DET_GB,DET,00-0040669,0,0,0,1,0,0
2025,1,2025_01_DET_GB,GB,00-0035700,0,1,18,0,0,1
2025,1,2025_01_DET_GB,GB,00-0036264,2,0,0,0,0,0
2025,1,2025_01_DET_GB,GB,00-0037306,0,0,0,0,0,1
2025,1,2025_01_DET_GB,GB,00-0037816,0,0,0,1,1,2
2025,1,2025_01_DET_GB,GB,00-0038393,0,0,0,0,0,2
2025,1,2025_01_DET_GB,GB,00-0038685,0,0,1,0,1,0
2025,1,2025_01_DET_GB,GB,00-0038797,0,0,1,0,0,0
2025,1,2025_01_DET_GB,GB,00-0038996,0,0,1,1,0,3
2025,1,2025_01_DET_GB,GB,00-0039144,0,0,0,0,0,1
2025,1,2025_01_DET_GB,GB,00-0039146,0,0,0,1,0,4
2025,1,2025_01_DET_GB,GB,00-0040009,0,0,0,0,1,0
2025,1,2025_01_DET_GB,GB,00-0040667,0,0,0,0,0,2
2025,1,2025_01_HOU_LA,HOU,00-0033854,0,0,2,0,0,2
2025,1,2025_01_HOU_LA,HOU,00-0034383,0,0,0,0,0,5
2025,1,2025_01_HOU_LA,HOU,00-0034386,0,0,0,0,0,2
2025,1,2025_01_HOU_LA,HOU,00-0034791,0,0,13,0,0,1
2025,1,2025_01_HOU_LA,HOU,00-0036554,0,0,0,0,1,4
2025,1,2025_01_HOU_LA,HOU,00-0037258,0,0,3,0,0,1
2025,1,2025_01_HOU_LA,HOU,00-0038618,0,0,1,0,0,2
2025,1,2025_01_HOU_LA,HOU,00-0039163,5,0,0,0,0,0
2025,1,2025_01_HOU_LA,HOU,00-0039359,0,0,0,0,0,4
2025,1,2025_01_HOU_LA,HOU,00-0040130,0,0,0,0,0,3
2025,1,2025_01_HOU_LA,HOU,00-0040138,0,0,0,0,0,2
2025,1,2025_01_HOU_LA,HOU,00-0040583,0,0,3,0,0,0
2025,1,2025_01_HOU_LA,LA,00-0026498,2,0,0,0,0,0
2025,1,2025_01_HOU_LA,LA,00-0031381,0,0,0,0,0,8
2025,1,2025_01_HOU_LA,LA,00-0036244,0,0,0,0,1,1
2025,1,2025_01_HOU_LA,LA,00-0036849,0,0,0,0,0,1
2025,1,2025_01_HOU_LA,LA,00-0037840,0,2,16,0,0,2
2025,1,2025_01_HOU_LA,LA,00-0038359,0,0,0,0,0,1
2025,1,2025_01_HOU_LA,LA,00-0039074,0,0,0,1,0,1
2025,1,2025_01_HOU_LA,LA,00-0039075,0,0,1,0,0,11
2025,1,2025_01_HOU_LA,LA,00-0039738,0,0,1,0,0,1
2025,1,2025_01_HOU_LA,LA,00-0039751,0,0,1,0,0,0
2025,1,2025_01_KC_LAC,KC,00-0030506,0,0,0,0,1,3
2025,1,2025_01_KC_LAC,KC,00-0033857,0,0,0,0,0,5
2025,1,2025_01_KC_LAC,KC,00-0033873,6,0,0,0,0,0
2025,1,2025_01_KC_LAC,KC,00-0033923,0,0,5,0,0,3
2025,1,2025_01_KC_LAC,KC,00-0035662,0,0,0,0,3,13
2025,1,2025_01_KC_LAC,KC,00-0036637,0,0,0,0,0,1
2025,1,2025_01_KC_LAC,KC,00-0037197,0,0,5,0,0,3
2025,1,2025_01_KC_LAC,KC,00-0038104,0,0,0,0,0,4
2025,1,2025_01_KC_LAC,KC,00-0038492,0,0,0,1,0,0
2025,1,2025_01_KC_LAC,KC,00-0039894,0,0,1,0,0,1
2025,1,2025_01_KC_LAC,LAC,00-0030279,0,0,0,1,0,9
2025,1,2025_01_KC_LAC,LAC,00-0034159,0,0,0,0,0,1
2025,1,2025_01_KC_LAC,LAC,00-0034270,0,0,1,0,0,2
2025,1,2025_01_KC_LAC,LAC,00-0036355,4,0,0,0,0,0
2025,1,2025_01_KC_LAC,LAC,00-0036893,0,0,1,0,0,1
2025,1,2025_01_KC_LAC,LAC,00-0038544,0,0,0,2,0,5
2025,1,2025_01_KC_LAC,LAC,00-0038573,0,0,1,0,0,0
2025,1,2025_01_KC_LAC,LAC,00-0039915,0,0,0,0,0,9
2025,1,2025_01_KC_LAC,LAC,00-0040184,0,0,0,0,0,1
2025,1,2025_01_KC_LAC,LAC,00-0040666,0,0,15,0,0,2
2025,1,2025_01_KC_LAC,LAC,00-0040727,0,0,0,0,0,1
2025,1,2025_01_LV_NE,LV,00-0030565,1,0,0,0,0,0
2025,1,2025_01_LV_NE,LV,00-0034960,0,0,0,0,0,10
2025,1,2025_01_LV_NE,LV,00-0035602,0,0,0,0,0,1
2025,1,2025_01_LV_NE,LV,00-0038040,0,0,3,0,0,0
2025,1,2025_01_LV_NE,LV,00-0038563,0,0,0,0,0,3
2025,1,2025_01_LV_NE,LV,00-0039066,0,0,0,0,1,3
2025,1,2025_01_LV_NE,LV,00-0039338,0,0,0,0,0,8
2025,1,2025_01_LV_NE,LV,00-0040122,0,1,18,0,0,2
2025,1,2025_01_LV_NE,LV,00-0040581,0,0,0,0,0,4
2025,1,2025_01_LV_NE,LV,00-0040729,0,0,0,0,0,1
2025,1,2025_01_LV_NE,NE,00-0031588,0,0,0,0,0,7
2025,1,2025_01_LV_NE,NE,00-0032392,0,0,0,0,1,0
2025,1,2025_01_LV_NE,NE,00-0033090,0,0,0,0,0,8
2025,1,2025_01_LV_NE,NE,00-0033555,0,0,0,0,0,2
2025,1,2025_01_LV_NE,NE,00-0036328,0,0,1,0,0,1
2025,1,2025_01_LV_NE,NE,00-0036875,0,1,6,0,0,3
2025,1,2025_01_LV_NE,NE,00-0038608,0,0,0,0,0,8
2025,1,2025_01_LV_NE,NE,00-0038621,0,0,1,2,1,4
2025,1,2025_01_LV_NE,NE,00-0039851,4,0,0,0,0,1
2025,1,2025_01_LV_NE,NE,00-0040131,0,0,0,0,0,1
2025,1,2025_01_LV_NE,NE,00-0040734,0,0,5,0,0,6
2025,1,2025_01_MIA_IND,IND,00-0033217,0,0,0,0,0,1
2025,1,2025_01_MIA_IND,IND,00-0035021,0,0,1,0,0,0
2025,1,2025_01_MIA_IND,IND,00-0035710,7,0,0,0,0,0
2025,1,2025_01_MIA_IND,IND,00-0036223,0,2,16,0,0,3
2025,1,2025_01_MIA_IND,IND,00-0036252,0,0,0,0,0,8
2025,1,2025_01_MIA_IND,IND,00-0037664,0,0,0,1,0,2
2025,1,2025_01_MIA_IND,IND,00-0038997,0,0,0,0,0,3
2025,1,2025_01_MIA_IND,IND,00-0039890,0,0,0,0,0,2
2025,1,2025_01_MIA_IND,IND,00-0040128,0,0,1,1,1,7
2025,1,2025_01_MIA_IND,IND,00-0040179,0,1,11,0,0,0
2025,1,2025_01_MIA_IND,IND,00-0040476,0,0,1,0,0,0
2025,1,2025_01_MIA_IND,MIA,00-0033040,0,0,0,0,0,6
2025,1,2025_01_MIA_IND,MIA,00-0035125,0,0,0,0,0,2
2025,1,2025_01_MIA_IND,MIA,00-0036182,0,0,0,0,0,2
2025,1,2025_01_MIA_IND,MIA,00-0036212,1,0,0,0,0,0
2025,1,2025_01_MIA_IND,MIA,00-0036613,0,0,0,0,1,4
2025,1,2025_01_MIA_IND,MIA,00-0036620,0,0,0,0,0,2
2025,1,2025_01_MIA_IND,MIA,00-0037013,1,0,0,0,0,0
2025,1,2025_01_MIA_IND,MIA,00-0037348,0,0,0,1,0,3
2025,1,2025_01_MIA_IND,MIA,00-0039040,0,0,7,0,1,3
2025,1,2025_01_MIA_IND,MIA,00-0039880,0,0,1,0,0,5
2025,1,2025_01_MIA_IND,MIA,00-0040198,0,0,2,0,0,1
2025,1,2025_01_MIN_CHI,CHI,00-0034827,0,0,3,0,0,5
2025,1,2025_01_MIN_CHI,CHI,00-0035208,0,0,0,0,1,6
2025,1,2025_01_MIN_CHI,CHI,00-0036275,0,0,17,0,0,5
2025,1,2025_01_MIN_CHI,CHI,00-0036290,0,0,0,0,0,4
2025,1,2025_01_MIN_CHI,CHI,00-0039918,6,0,0,0,0,0
2025,1,2025_01_MIN_CHI,CHI,00-0039919,0,0,0,1,0,8
2025,1,2025_01_MIN_CHI,CHI,00-0040126,0,0,0,0,0,2
2025,1,2025_01_MIN_CHI,CHI,00-0040236,0,0,0,0,0,1
2025,1,2025_01_MIN_CHI,CHI,00-0040735,0,0,0,0,0,1
2025,1,2025_01_MIN_CHI,MIN,00-0030035,0,0,0,0,0,1
2025,1,2025_01_MIN_CHI,MIN,00-0033293,0,0,8,0,0,3
2025,1,2025_01_MIN_CHI,MIN,00-0035229,0,0,0,0,0,4
2025,1,2025_01_MIN_CHI,MIN,00-0035249,0,0,0,0,0,1
2025,1,2025_01_MIN_CHI,MIN,00-0036322,0,0,1,1,1,5
2025,1,2025_01_MIN_CHI,MIN,00-0037291,0,0,0,0,1,2
2025,1,2025_01_MIN_CHI,MIN,00-0037525,0,0,15,0,0,1
2025,1,2025_01_MIN_CHI,MIN,00-0039923,2,0,0,0,0,0
2025,1,2025_01_NYG_WAS,NYG,00-0029263,8,0,0,0,0,0
2025,1,2025_01_NYG_WAS,NYG,00-0035250,0,0,3,0,0,0
2025,1,2025_01_NYG_WAS,NYG,00-0035535,0,0,0,0,0,1
2025,1,2025_01_NYG_WAS,NYG,00-0038115,0,0,0,0,1,0
2025,1,2025_01_NYG_WAS,NYG,00-0038117,0,0,0,1,0,7
2025,1,2025_01_NYG_WAS,NYG,00-0039337,0,0,0,1,2,9
2025,1,2025_01_NYG_WAS,NYG,00-0039384,0,0,10,0,0,5
2025,1,2025_01_NYG_WAS,NYG,00-0039847,0,0,0,0,1,2
2025,1,2025_01_NYG_WAS,NYG,00-0040715,0,1,1,0,0,2
2025,1,2025_01_NYG_WAS,WAS,00-0030061,0,0,0,0,1,4
2025,1,2025_01_NYG_WAS,WAS,00-0032398,0,0,0,0,0,1
2025,1,2025_01_NYG_WAS,WAS,00-0033591,0,0,0,1,0,2
2025,1,2025_01_NYG_WAS,WAS,00-0033699,0,0,6,0,0,3
2025,1,2025_01_NYG_WAS,WAS,00-0033955,0,0,4,0,0,0
2025,1,2025_01_NYG_WAS,WAS,00-0035659,0,0,0,0,0,4
2025,1,2025_01_NYG_WAS,WAS,00-0035719,0,0,1,0,0,10
2025,1,2025_01_NYG_WAS,WAS,00-0039910,8,0,0,0,0,0
2025,1,2025_01_NYG_WAS,WAS,00-0040164,0,0,0,0,0,2
2025,1,2025_01_NYG_WAS,WAS,00-0040242,0,0,10,0,0,1
2025,1,2025_01_PIT_NYJ,NYJ,00-0033943,0,0,0,0,0,3
2025,1,2025_01_PIT_NYJ,NYJ,00-0036427,0,0,0,0,0,2
2025,1,2025_01_PIT_NYJ,NYJ,00-0036945,12,0,0,0,0,0
2025,1,2025_01_PIT_NYJ,NYJ,00-0037740,0,0,0,0,0,9
2025,1,2025_01_PIT_NYJ,NYJ,00-0037805,0,0,0,0,0,2
2025,1,2025_01_PIT_NYJ,NYJ,00-0038120,0,1,18,0,0,4
2025,1,2025_01_PIT_NYJ,NYJ,00-0039794,0,0,6,0,0,0
2025,1,2025_01_PIT_NYJ,NYJ,00-0039798,0,0,2,0,0,0
2025,1,2025_01_PIT_NYJ,NYJ,00-0040736,0,0,0,0,0,1
2025,1,2025_01_PIT_NYJ,PIT,00-0033858,0,0,0,0,1,5
2025,1,2025_01_PIT_NYJ,PIT,00-0035640,0,0,0,0,0,7
2025,1,2025_01_PIT_NYJ,PIT,00-0036862,0,0,0,0,0,1
2025,1,2025_01_PIT_NYJ,PIT,00-0036894,0,0,0,0,0,3
2025,1,2025_01_PIT_NYJ,PIT,00-0036919,0,0,7,0,0,4
2025,1,2025_01_PIT_NYJ,PIT,00-0037228,0,1,10,0,1,1
2025,1,2025_01_PIT_NYJ,PIT,00-0037837,0,0,0,1,0,5
2025,1,2025_01_PIT_NYJ,PIT,00-0040142,0,0,1,0,0,0
2025,1,2025_01_SF_SEA,SEA,00-0033908,0,0,0,0,0,3
2025,1,2025_01_SF_SEA,SEA,00-0034869,2,0,0,0,0,0
2025,1,2025_01_SF_SEA,SEA,00-0038134,0,0,10,0,0,3
2025,1,2025_01_SF_SEA,SEA,00-0038543,0,0,0,0,0,13
2025,1,2025_01_SF_SEA,SEA,00-0039165,0,2,10,0,0,0
2025,1,2025_01_SF_SEA,SEA,00-0039793,0,0,1,0,0,2
2025,1,2025_01_SF_SEA,SEA,00-0040673,1,0,0,0,0,0
2025,1,2025_01_SF_SEA,SEA,00-0040739,0,0,0,0,0,1
2025,1,2025_01_SF_SEA,SF,00-0029892,0,0,0,0,0,2
2025,1,2025_01_SF_SEA,SF,00-0033280,0,0,22,0,3,7
2025,1,2025_01_SF_SEA,SF,00-0033288,0,0,0,0,1,3
2025,1,2025_01_SF_SEA,SF,00-0036259,0,0,0,1,1,3
2025,1,2025_01_SF_SEA,SF,00-0036887,0,0,0,0,0,1
2025,1,2025_01_SF_SEA,SF,00-0037112,0,0,0,1,1,1
2025,1,2025_01_SF_SEA,SF,00-0037746,0,0,9,0,0,2
2025,1,2025_01_SF_SEA,SF,00-0037834,3,0,0,0,0,0
2025,1,2025_01_SF_SEA,SF,00-0039916,0,0,0,2,0,5
2025,1,2025_01_TB_ATL,ATL,00-0034407,0,0,0,0,0,5
2025,1,2025_01_TB_ATL,ATL,00-0034854,0,0,0,0,0,1
2025,1,2025_01_TB_ATL,ATL,00-0036970,0,0,0,0,0,8
2025,1,2025_01_TB_ATL,ATL,00-0037238,0,0,0,2,0,13
2025,1,2025_01_TB_ATL,ATL,00-0037263,0,1,9,0,0,0
2025,1,2025_01_TB_ATL,ATL,00-0038542,0,2,10,0,0,7
2025,1,2025_01_TB_ATL,ATL,00-0039394,0,0,0,0,0,6
2025,1,2025_01_TB_ATL,ATL,00-0039917,5,0,0,0,0,0
2025,1,2025_01_TB_ATL,TB,00-0031408,0,0,0,0,0,8
2025,1,2025_01_TB_ATL,TB,00-0032385,0,0,0,0,0,6
2025,1,2025_01_TB_ATL,TB,00-0034855,4,0,0,0,0,0
2025,1,2025_01_TB_ATL,TB,00-0037256,0,0,2,0,0,1
2025,1,2025_01_TB_ATL,TB,00-0038129,0,0,0,0,0,3
2025,1,2025_01_TB_ATL,TB,00-0038824,0,0,0,0,0,1
2025,1,2025_01_TB_ATL,TB,00-0038951,0,0,1,0,0,0
2025,1,2025_01_TB_ATL,TB,00-0039361,0,0,14,0,1,3
2025,1,2025_01_TB_ATL,TB,00-0040129,0,0,1,0,0,6
2025,1,2025_01_TB_ATL,TB,00-0040237,0,0,0,0,0,1
2025,1,2025_01_TEN_DEN,DEN,00-0033881,0,0,0,0,0,4
2025,1,2025_01_TEN_DEN,DEN,00-0034348,0,0,0,0,1,8
2025,1,2025_01_TEN_DEN,DEN,00-0034487,0,0,0,0,1,0
2025,1,2025_01_TEN_DEN,DEN,00-0036158,0,0,16,0,0,2
2025,1,2025_01_TEN_DEN,DEN,00-0036422,0,0,0,0,0,1
2025,1,2025_01_TEN_DEN,DEN,00-0036727,0,0,0,0,0,1
2025,1,2025_01_TEN_DEN,DEN,00-0037085,0,0,0,0,0,6
2025,1,2025_01_TEN_DEN,DEN,00-0037539,0,0,0,0,0,2
2025,1,2025_01_TEN_DEN,DEN,00-0038976,0,0,0,0,0,4
2025,1,2025_01_TEN_DEN,DEN,00-0039732,6,0,0,0,0,0
2025,1,2025_01_TEN_DEN,DEN,00-0039868,0,0,0,0,0,6
2025,1,2025_01_TEN_DEN,DEN,00-0040730,0,0,6,0,0,1
2025,1,2025_01_TEN_DEN,TEN,00-0032211,0,0,0,0,0,1
2025,1,2025_01_TEN_DEN,TEN,00-0034837,0,0,0,0,0,8
2025,1,2025_01_TEN_DEN,TEN,00-0035261,0,0,18,0,0,1
2025,1,2025_01_TEN_DEN,TEN,00-0037594,0,1,1,0,0,0
2025,1,2025_01_TEN_DEN,TEN,00-0037809,0,0,0,0,0,4
2025,1,2025_01_TEN_DEN,TEN,00-0039650,0,0,0,0,0,1
2025,1,2025_01_TEN_DEN,TEN,00-0040170,0,0,0,0,0,7
2025,1,2025_01_TEN_DEN,TEN,00-0040584,0,0,0,0,0,2
2025,1,2025_01_TEN_DEN,TEN,00-0040705,0,0,1,0,0,1
2025,2,2025_02_ATL_MIN,ATL,00-0034407,0,0,0,1,0,1
2025,2,2025_02_ATL_MIN,ATL,00-0036309,0,0,0,2,0,2
2025,2,2025_02_ATL_MIN,ATL,00-0036970,0,0,0,0,0,5
2025,2,2025_02_ATL_MIN,ATL,00-0037238,0,0,0,0,0,4
2025,2,2025_02_ATL_MIN,ATL,00-0037263,0,1,15,0,1,0
2025,2,2025_02_ATL_MIN,ATL,00-0038542,0,0,22,0,3,2
2025,2,2025_02_ATL_MIN,MIN,00-0030035,0,0,0,0,0,3
2025,2,2025_02_ATL_MIN,MIN,00-0033293,0,0,5,0,0,1
2025,2,2025_02_ATL_MIN,MIN,00-0035229,0,0,0,0,0,3
2025,2,2025_02_ATL_MIN,MIN,00-0036322,0,0,0,1,0,5
2025,2,2025_02_ATL_MIN,MIN,00-0037291,0,0,0,0,1,4
2025,2,2025_02_ATL_MIN,MIN,00-0037525,0,0,9,0,0,3
2025,2,2025_02_ATL_MIN,MIN,00-0039923,5,0,0,0,0,0
2025,2,2025_02_BUF_NYJ,BUF,00-0034857,5,0,0,0,0,0
2025,2,2025_02_BUF_NYJ,BUF,00-0035537,0,0,2,0,1,0
2025,2,2025_02_BUF_NYJ,BUF,00-0035689,0,0,0,0,1,4
2025,2,2025_02_BUF_NYJ,BUF,00-0036980,0,1,1,0,0,1
2025,2,2025_02_BUF_NYJ,BUF,00-0036988,0,0,0,0,0,3
2025,2,2025_02_BUF_NYJ,BUF,00-0037248,0,1,20,0,1,0
2025,2,2025_02_BUF_NYJ,BUF,00-0037261,0,0,0,0,0,2
2025,2,2025_02_BUF_NYJ,BUF,00-0038679,0,0,0,0,0,2
2025,2,2025_02_BUF_NYJ,BUF,00-0038933,0,0,0,1,0,5
2025,2,2025_02_BUF_NYJ,BUF,00-0039875,0,0,9,0,0,0
2025,2,2025_02_BUF_NYJ,BUF,00-0039901,0,0,0,0,0,3
2025,2,2025_02_BUF_NYJ,BUF,00-0040194,0,0,0,0,0,1
2025,2,2025_02_BUF_NYJ,NYJ,00-0028118,3,0,0,0,0,0
2025,2,2025_02_BUF_NYJ,NYJ,00-0036427,0,0,0,0,0,1
2025,2,2025_02_BUF_NYJ,NYJ,00-0036945,5,0,0,0,0,0
2025,2,2025_02_BUF_NYJ,NYJ,00-0037740,0,0,0,0,0,8
2025,2,2025_02_BUF_NYJ,NYJ,00-0037805,0,0,0,1,0,0
2025,2,2025_02_BUF_NYJ,NYJ,00-0038120,0,0,10,0,0,3
2025,2,2025_02_BUF_NYJ,NYJ,00-0039794,0,0,2,0,1,0
2025,2,2025_02_BUF_NYJ,NYJ,00-0039798,0,0,0,0,0,3
2025,2,2025_02_BUF_NYJ,NYJ,00-0040582,0,0,1,0,0,2
2025,2,2025_02_BUF_NYJ,NYJ,00-0040736,0,0,0,0,1,1
2025,2,2025_02_CAR_ARI,ARI,00-0033119,1,0,0,0,0,0
2025,2,2025_02_CAR_ARI,ARI,00-0033553,0,2,9,0,0,1
2025,2,2025_02_CAR_ARI,ARI,00-0035228,6,0,0,0,0,0
2025,2,2025_02_CAR_ARI,ARI,00-0035500,0,0,0,0,0,1
2025,2,2025_02_CAR_ARI,ARI,00-0037744,0,0,0,0,0,7
2025,2,2025_02_CAR_ARI,ARI,00-0038559,0,0,0,1,0,1
2025,2,2025_02_CAR_ARI,ARI,00-0039041,0,0,0,1,0,2
2025,2,2025_02_CAR_ARI,ARI,00-0039849,0,0,0,1,1,3
2025,2,2025_02_CAR_ARI,ARI,00-0039921,0,0,3,0,2,4
2025,2,2025_02_CAR_ARI,CAR,00-0034983,0,0,0,3,2,4
2025,2,2025_02_CAR_ARI,CAR,00-0036139,0,1,5,0,0,1
2025,2,2025_02_CAR_ARI,CAR,00-0036555,0,0,10,0,1,5
2025,2,2025_02_CAR_ARI,CAR,00-0037005,0,0,0,0,0,3
2025,2,2025_02_CAR_ARI,CAR,00-0038840,0,0,0,0,0,5
2025,2,2025_02_CAR_ARI,CAR,00-0039150,1,0,0,0,0,0
2025,2,2025_02_CAR_ARI,CAR,00-0039342,0,0,1,2,1,5
2025,2,2025_02_CAR_ARI,CAR,00-0039356,0,0,0,1,3,5
2025,2,2025_02_CAR_ARI,CAR,00-0040124,0,0,0,0,2,8
2025,2,2025_02_CAR_ARI,CAR,00-0040187,0,0,0,0,0,1
2025,2,2025_02_CAR_ARI,CAR,00-0040644,0,0,0,0,0,1
2025,2,2025_02_CHI_DET,CHI,00-0034827,0,0,0,0,0,6
2025,2,2025_02_CHI_DET,CHI,00-0035208,0,0,1,0,0,5
2025,2,2025_02_CHI_DET,CHI,00-0036275,0,1,11,0,0,3
2025,2,2025_02_CHI_DET,CHI,00-0036290,0,0,0,0,0,2
2025,2,2025_02_CHI_DET,CHI,00-0038416,2,0,0,0,0,0
2025,2,2025_02_CHI_DET,CHI,00-0039918,5,0,0,0,0,0
2025,2,2025_02_CHI_DET,CHI,00-0039919,0,0,0,1,1,9
2025,2,2025_02_CHI_DET,CHI,00-0040126,0,0,0,0,0,1
2025,2,2025_02_CHI_DET,CHI,00-0040236,0,0,7,0,0,3
2025,2,2025_02_CHI_DET,CHI,00-0040735,0,0,0,0,1,1
2025,2,2025_02_CHI_DET,DET,00-0032464,0,0,1,0,0,1
2025,2,2025_02_CHI_DET,DET,00-0033106,1,0,0,0,0,0
2025,2,2025_02_CHI_DET,DET,00-0035567,0,0,3,0,0,0
2025,2,2025_02_CHI_DET,DET,00-0035685,0,3,8,0,0,1
2025,2,2025_02_CHI_DET,DET,00-0036754,0,0,0,0,1,2
2025,2,2025_02_CHI_DET,DET,00-0036963,0,0,2,2,2,7
2025,2,2025_02_CHI_DET,DET,00-0037240,0,0,0,0,0,4
2025,2,2025_02_CHI_DET,DET,00-0039065,0,0,0,0,0,4
2025,2,2025_02_CHI_DET,DET,00-0039139,0,0,12,0,0,3
2025,2,2025_02_CHI_DET,DET,00-0040669,0,0,0,0,0,1
2025,2,2025_02_CLE_BAL,BAL,00-0030564,0,0,0,0,0,2
2025,2,2025_02_CLE_BAL,BAL,00-0032764,0,1,10,0,0,0
2025,2,2025_02_CLE_BAL,BAL,00-0034753,0,0,1,2,0,1
2025,2,2025_02_CLE_BAL,BAL,00-0034796,2,0,0,0,0,0
2025,2,2025_02_CLE_BAL,BAL,00-0034975,0,0,3,0,0,3
2025,2,2025_02_CLE_BAL,BAL,00-0036550,0,0,0,0,0,4
2025,2,2025_02_CLE_BAL,BAL,00-0036630,0,0,0,1,0,1
2025,2,2025_02_CLE_BAL,BAL,00-0037340,0,0,0,1,0,0
2025,2,2025_02_CLE_BAL,BAL,00-0039064,0,0,1,0,0,11
2025,2,2025_02_CLE_BAL,BAL,00-0039792,0,0,0,1,0,1
2025,2,2025_02_CLE_BAL,CLE,00-0026158,1,0,0,0,0,0
2025,2,2025_02_CLE_BAL,CLE,00-0033885,0,0,0,0,0,5
2025,2,2025_02_CLE_BAL,CLE,00-0036407,0,0,0,0,0,8
2025,2,2025_02_CLE_BAL,CLE,00-0037267,0,0,6,0,0,6
2025,2,2025_02_CLE_BAL,CLE,00-0038979,0,0,0,1,0,6
2025,2,2025_02_CLE_BAL,CLE,00-0039379,0,0,0,0,0,1
2025,2,2025_02_CLE_BAL,CLE,00-0040162,0,0,4,1,0,2
2025,2,2025_02_CLE_BAL,CLE,00-0040663,0,0,0,0,0,5
2025,2,2025_02_CLE_BAL,CLE,00-0040782,0,0,1,0,1,2
2025,2,2025_02_CLE_BAL,CLE,00-0040784,0,0,10,0,0,3
2025,2,2025_02_DEN_IND,DEN,00-0033881,0,0,0,0,0,2
2025,2,2025_02_DEN_IND,DEN,00-0034348,0,0,0,1,0,3
2025,2,2025_02_DEN_IND,DEN,00-0034487,0,0,0,0,0,1
2025,2,2025_02_DEN_IND,DEN,00-0036158,0,3,11,0,0,2
2025,2,2025_02_DEN_IND,DEN,00-0036422,0,0,0,1,0,2
2025,2,2025_02_DEN_IND,DEN,00-0037085,0,0,1,0,0,2
2025,2,2025_02_DEN_IND,DEN,00-0038976,0,0,0,0,0,2
2025,2,2025_02_DEN_IND,DEN,00-0039732,3,0,0,0,0,0
2025,2,2025_02_DEN_IND,DEN,00-0039868,0,0,1,0,3,6
2025,2,2025_02_DEN_IND,DEN,00-0040134,0,0,0,0,0,3
2025,2,2025_02_DEN_IND,DEN,00-0040730,0,0,5,0,0,2
2025,2,2025_02_DEN_IND,IND,00-0033217,0,0,0,0,1,0
2025,2,2025_02_DEN_IND,IND,00-0035710,6,0,0,0,0,0
2025,2,2025_02_DEN_IND,IND,00-0036223,0,0,25,0,1,1
2025,2,2025_02_DEN_IND,IND,00-0036252,0,0,0,0,1,4
2025,2,2025_02_DEN_IND,IND,00-0037664,0,0,0,1,0,4
2025,2,2025_02_DEN_IND,IND,00-0038997,0,0,0,1,1,6
2025,2,2025_02_DEN_IND,IND,00-0039890,0,0,0,0,0,4
2025,2,2025_02_DEN_IND,IND,00-0040128,0,0,1,0,1,6
2025,2,2025_02_DEN_IND,IND,00-0040179,0,0,0,0,1,0
2025,2,2025_02_JAX_CIN,CIN,00-0034829,0,0,0,0,1,3
2025,2,2025_02_JAX_CIN,CIN,00-0035100,1,0,0,0,0,0
2025,2,2025_02_JAX_CIN,CIN,00-0035631,0,0,0,0,0,2
2025,2,2025_02_JAX_CIN,CIN,00-0035644,0,0,0,0,0,4
2025,2,2025_02_JAX_CIN,CIN,00-0036410,0,0,0,1,0,7
2025,2,2025_02_JAX_CIN,CIN,00-0036900,0,0,0,1,2,13
2025,2,2025_02_JAX_CIN,CIN,00-0038597,0,3,13,0,0,3
2025,2,2025_02_JAX_CIN,CIN,00-0038619,0,0,0,0,0,5
2025,2,2025_02_JAX_CIN,CIN,00-0038839,0,0,0,1,0,0
2025,2,2025_02_JAX_CIN,JAX,00-0033375,0,0,0,1,0,0
2025,2,2025_02_JAX_CIN,JAX,00-0036626,0,0,1,2,1,4
2025,2,2025_02_JAX_CIN,JAX,00-0036971,2,0,0,0,0,0
2025,2,2025_02_JAX_CIN,JAX,00-0036973,0,0,14,0,2,1
2025,2,2025_02_JAX_CIN,JAX,00-0038606,0,0,0,0,0,5
2025,2,2025_02_JAX_CIN,JAX,00-0038935,0,0,0,0,0,5
2025,2,2025_02_JAX_CIN,JAX,00-0039893,0,0,0,2,1,9
2025,2,2025_02_JAX_CIN,JAX,00-0040238,0,0,2,0,0,0
2025,2,2025_02_JAX_CIN,JAX,00-0040718,0,0,0,1,0,5
2025,2,2025_02_JAX_CIN,JAX,00-0040719,0,0,8,0,1,1
2025,2,2025_02_LAC_LV,LAC,00-0030279,0,0,0,1,0,6
2025,2,2025_02_LAC_LV,LAC,00-0034159,0,0,0,0,0,1
2025,2,2025_02_LAC_LV,LAC,00-0036355,7,0,0,0,0,0
2025,2,2025_02_LAC_LV,LAC,00-0036893,0,0,8,0,0,2
2025,2,2025_02_LAC_LV,LAC,00-0038544,0,0,1,0,0,7
2025,2,2025_02_LAC_LV,LAC,00-0039915,0,0,0,0,0,5
2025,2,2025_02_LAC_LV,LAC,00-0040666,0,3,5,0,0,2
2025,2,2025_02_LAC_LV,LAC,00-0040727,0,0,0,0,1,2
2025,2,2025_02_LAC_LV,LV,00-0030565,5,0,0,0,0,0
2025,2,2025_02_LAC_LV,LV,00-0034960,0,0,0,2,1,9
2025,2,2025_02_LAC_LV,LV,00-0038040,0,0,2,0,0,3
2025,2,2025_02_LAC_LV,LV,00-0038563,0,0,1,0,1,7
2025,2,2025_02_LAC_LV,LV,00-0039066,0,0,0,0,0,2
2025,2,2025_02_LAC_LV,LV,00-0039338,0,0,0,1,0,7
2025,2,2025_02_LAC_LV,LV,00-0039407,0,0,0,0,0,2
2025,2,2025_02_LAC_LV,LV,00-0040122,0,0,11,0,2,2
2025,2,2025_02_LAC_LV,LV,00-0040581,0,0,0,0,0,4
2025,2,2025_02_LA_TEN,LA,00-0031381,0,0,0,5,0,8
2025,2,2025_02_LA_TEN,LA,00-0033110,0,0,0,0,1,3
2025,2,2025_02_LA_TEN,LA,00-0036849,0,0,0,0,0,1
2025,2,2025_02_LA_TEN,LA,00-0037840,0,0,17,0,1,1
2025,2,2025_02_LA_TEN,LA,00-0039074,0,0,0,0,1,0
2025,2,2025_02_LA_TEN,LA,00-0039075,0,0,1,0,1,8
2025,2,2025_02_LA_TEN,LA,00-0039738,0,1,4,0,0,0
2025,2,2025_02_LA_TEN,LA,00-0039751,0,0,0,0,1,1
2025,2,2025_02_LA_TEN,TEN,00-0032211,0,0,0,0,0,3
2025,2,2025_02_LA_TEN,TEN,00-0034837,0,0,0,1,0,5
2025,2,2025_02_LA_TEN,TEN,00-0035261,0,0,20,0,0,1
2025,2,2025_02_LA_TEN,TEN,00-0036415,0,0,0,0,0,2
2025,2,2025_02_LA_TEN,TEN,00-0037809,0,0,0,0,0,6
2025,2,2025_02_LA_TEN,TEN,00-0040170,0,0,0,1,0,5
2025,2,2025_02_LA_TEN,TEN,00-0040584,0,0,0,0,0,2
2025,2,2025_02_LA_TEN,TEN,00-0040676,4,0,0,0,0,0
2025,2,2025_02_LA_TEN,TEN,00-0040705,0,0,2,1,2,2
2025,2,2025_02_NE_MIA,MIA,00-0033040,0,0,0,0,0,7
2025,2,2025_02_NE_MIA,MIA,00-0035125,0,0,0,0,0,2
2025,2,2025_02_NE_MIA,MIA,00-0036182,0,0,0,0,0,3
2025,2,2025_02_NE_MIA,MIA,00-0036613,0,0,0,1,0,5
2025,2,2025_02_NE_MIA,MIA,00-0036620,0,0,0,0,0,1
2025,2,2025_02_NE_MIA,MIA,00-0039040,0,0,11,0,0,10
2025,2,2025_02_NE_MIA,MIA,00-0039880,0,0,3,0,0,2
2025,2,2025_02_NE_MIA,MIA,00-0040198,0,0,1,0,0,1
2025,2,2025_02_NE_MIA,NE,00-0031588,0,0,0,0,0,5
2025,2,2025_02_NE_MIA,NE,00-0032392,0,0,0,0,0,3
2025,2,2025_02_NE_MIA,NE,00-0033090,0,0,0,1,0,2
2025,2,2025_02_NE_MIA,NE,00-0033555,0,0,0,1,0,1
2025,2,2025_02_NE_MIA,NE,00-0036328,0,0,5,0,0,1
2025,2,2025_02_NE_MIA,NE,00-0036875,0,0,11,0,0,5
2025,2,2025_02_NE_MIA,NE,00-0038608,0,0,0,1,0,0
2025,2,2025_02_NE_MIA,NE,00-0038621,0,0,0,0,0,1
2025,2,2025_02_NE_MIA,NE,00-0039851,7,0,0,0,0,0
2025,2,2025_02_NE_MIA,NE,00-0040734,0,0,3,0,0,2
2025,2,2025_02_NYG_DAL,DAL,00-0033077,3,0,0,0,0,0
2025,2,2025_02_NYG_DAL,DAL,00-0035243,0,1,4,0,0,2
2025,2,2025_02_NYG_DAL,DAL,00-0036358,0,0,0,0,1,10
2025,2,2025_02_NYG_DAL,DAL,00-0036997,0,0,18,0,0,7
2025,2,2025_02_NYG_DAL,DAL,00-0037247,0,0,0,3,1,5
2025,2,2025_02_NYG_DAL,DAL,00-0037666,0,0,0,0,0,4
2025,2,2025_02_NYG_DAL,DAL,00-0037801,0,0,2,1,0,3
2025,2,2025_02_NYG_DAL,DAL,00-0038041,0,0,0,0,0,12
2025,2,2025_02_NYG_DAL,DAL,00-0038547,0,0,0,0,0,2
2025,2,2025_02_NYG_DAL,DAL,00-0039530,0,0,0,0,0,1
2025,2,2025_02_NYG_DAL,NYG,00-0029263,3,0,0,0,0,0
2025,2,2025_02_NYG_DAL,NYG,00-0035250,0,0,1,0,0,1
2025,2,2025_02_NYG_DAL,NYG,00-0035535,0,0,0,1,0,2
2025,2,2025_02_NYG_DAL,NYG,00-0038117,0,0,0,0,1,9
2025,2,2025_02_NYG_DAL,NYG,00-0039337,0,0,0,1,0,12
2025,2,2025_02_NYG_DAL,NYG,00-0039384,0,0,5,0,0,5
2025,2,2025_02_NYG_DAL,NYG,00-0039847,0,0,0,0,2,3
2025,2,2025_02_NYG_DAL,NYG,00-0040691,1,0,0,0,0,0
2025,2,2025_02_NYG_DAL,NYG,00-0040715,0,1,10,0,1,2
2025,2,2025_02_PHI_KC,KC,00-0030506,0,0,0,1,0,5
2025,2,2025_02_PHI_KC,KC,00-0033857,0,0,0,0,0,3
2025,2,2025_02_PHI_KC,KC,00-0033873,7,0,0,0,0,0
2025,2,2025_02_PHI_KC,KC,00-0033923,0,0,8,0,0,1
2025,2,2025_02_PHI_KC,KC,00-0035662,0,0,0,0,0,5
2025,2,2025_02_PHI_KC,KC,00-0036637,0,0,0,0,1,4
2025,2,2025_02_PHI_KC,KC,00-0037197,0,0,10,0,0,2
2025,2,2025_02_PHI_KC,KC,00-0038104,0,0,0,0,0,5
2025,2,2025_02_PHI_KC,KC,00-0038519,0,0,0,0,0,1
2025,2,2025_02_PHI_KC,KC,00-0040078,0,0,1,0,0,1
2025,2,2025_02_PHI_KC,PHI,00-0034844,0,2,20,0,0,2
2025,2,2025_02_PHI_KC,PHI,00-0035676,0,0,0,0,0,8
2025,2,2025_02_PHI_KC,PHI,00-0036265,0,0,3,0,0,0
2025,2,2025_02_PHI_KC,PHI,00-0036389,7,0,0,0,0,0
2025,2,2025_02_PHI_KC,PHI,00-0036876,0,0,0,0,0,1
2025,2,2025_02_PHI_KC,PHI,00-0036912,0,0,0,0,0,6
2025,2,2025_02_PHI_KC,PHI,00-0037086,0,0,0,0,0,2
2025,2,2025_02_PHI_KC,PHI,00-0037614,0,0,0,0,0,1
2025,2,2025_02_PHI_KC,PHI,00-0037741,0,0,0,0,0,1
2025,2,2025_02_SEA_PIT,PIT,00-0023459,1,0,0,0,0,0
2025,2,2025_02_SEA_PIT,PIT,00-0033858,0,0,0,0,0,4
2025,2,2025_02_SEA_PIT,PIT,00-0035640,0,0,0,1,0,5
2025,2,2025_02_SEA_PIT,PIT,00-0036894,0,0,0,1,0,3
2025,2,2025_02_SEA_PIT,PIT,00-0036919,0,1,4,0,0,5
2025,2,2025_02_SEA_PIT,PIT,00-0037228,0,1,13,0,0,4
2025,2,2025_02_SEA_PIT,PIT,00-0037304,0,0,0,0,0,1
2025,2,2025_02_SEA_PIT,PIT,00-0037837,0,0,0,0,0,4
2025,2,2025_02_SEA_PIT,PIT,00-0038558,0,0,0,0,0,1
2025,2,2025_02_SEA_PIT,PIT,00-0039739,0,0,0,0,0,2
2025,2,2025_02_SEA_PIT,PIT,00-0040142,0,0,1,0,0,0
2025,2,2025_02_SEA_PIT,SEA,00-0033908,0,0,0,0,0,9
2025,2,2025_02_SEA_PIT,SEA,00-0038134,0,0,13,0,0,1
2025,2,2025_02_SEA_PIT,SEA,00-0038543,0,0,0,0,0,10
2025,2,2025_02_SEA_PIT,SEA,00-0039165,0,0,15,0,0,0
2025,2,2025_02_SEA_PIT,SEA,00-0039793,0,0,1,0,1,2
2025,2,2025_02_SEA_PIT,SEA,00-0040648,0,0,0,0,0,4
2025,2,2025_02_SEA_PIT,SEA,00-0040739,0,0,0,0,1,2
2025,2,2025_02_SF_NO,NO,00-0031236,0,0,0,0,0,2
2025,2,2025_02_SF_NO,NO,00-0033906,0,0,21,0,0,6
2025,2,2025_02_SF_NO,NO,00-0036040,0,0,0,1,0,8
2025,2,2025_02_SF_NO,NO,00-0037239,0,0,0,0,1,9
2025,2,2025_02_SF_NO,NO,00-0037545,0,0,0,0,2,3
2025,2,2025_02_SF_NO,NO,00-0038551,0,0,5,0,0,1
2025,2,2025_02_SF_NO,NO,00-0039376,4,0,0,0,0,0
2025,2,2025_02_SF_NO,NO,00-0039424,0,0,0,1,0,0
2025,2,2025_02_SF_NO,SF,00-0029892,0,0,0,0,1,0
2025,2,2025_02_SF_NO,SF,00-0033280,0,0,13,1,1,5
2025,2,2025_02_SF_NO,SF,00-0033307,0,0,0,0,0,3
2025,2,2025_02_SF_NO,SF,00-0034272,0,0,0,0,0,1
2025,2,2025_02_SF_NO,SF,00-0036259,0,0,0,0,0,10
2025,2,2025_02_SF_NO,SF,00-0036887,0,0,0,0,1,2
2025,2,2025_02_SF_NO,SF,00-0036972,3,0,0,0,0,0
2025,2,2025_02_SF_NO,SF,00-0037112,0,0,0,0,0,5
2025,2,2025_02_SF_NO,SF,00-0037746,0,0,6,0,0,1
2025,2,2025_02_SF_NO,SF,00-0038643,0,0,0,0,0,1
2025,2,2025_02_SF_NO,SF,00-0039916,0,0,1,0,0,6
2025,2,2025_02_TB_HOU,HOU,00-0034383,0,0,0,0,0,4
2025,2,2025_02_TB_HOU,HOU,00-0034386,0,0,0,1,1,0
2025,2,2025_02_TB_HOU,HOU,00-0034791,0,1,11,0,0,2
2025,2,2025_02_TB_HOU,HOU,00-0036232,0,0,0,0,0,1
2025,2,2025_02_TB_HOU,HOU,00-0036554,0,0,0,2,1,6
2025,2,2025_02_TB_HOU,HOU,00-0038618,0,0,0,0,0,3
2025,2,2025_02_TB_HOU,HOU,00-0039163,3,0,0,0,0,0
2025,2,2025_02_TB_HOU,HOU,00-0040130,0,0,0,0,0,1
2025,2,2025_02_TB_HOU,HOU,00-0040583,0,0,3,0,0,1
2025,2,2025_02_TB_HOU,TB,00-0031408,0,0,0,1,2,8
2025,2,2025_02_TB_HOU,TB,00-0032385,0,0,0,0,0,4
2025,2,2025_02_TB_HOU,TB,00-0034855,3,0,0,0,0,0
2025,2,2025_02_TB_HOU,TB,00-0037256,0,1,9,0,0,2
2025,2,2025_02_TB_HOU,TB,00-0038129,0,0,0,0,1,3
2025,2,2025_02_TB_HOU,TB,00-0038824,0,0,0,1,0,0
2025,2,2025_02_TB_HOU,TB,00-0039050,0,0,0,0,0,1
2025,2,2025_02_TB_HOU,TB,00-0039361,0,0,17,0,0,6
2025,2,2025_02_TB_HOU,TB,00-0040129,0,0,0,1,1,5
2025,2,2025_02_WAS_GB,GB,00-0035700,0,1,22,0,0,0
2025,2,2025_02_WAS_GB,GB,00-0036264,1,0,0,0,0,0
2025,2,2025_02_WAS_GB,GB,00-0037816,0,0,0,1,0,4
2025,2,2025_02_WAS_GB,GB,00-0038393,0,0,0,0,0,6
2025,2,2025_02_WAS_GB,GB,00-0038465,0,0,0,0,0,1
2025,2,2025_02_WAS_GB,GB,00-0038685,0,0,0,0,0,4
2025,2,2025_02_WAS_GB,GB,00-0038996,0,0,0,1,1,5
2025,2,2025_02_WAS_GB,GB,00-0039144,0,0,0,0,0,2
2025,2,2025_02_WAS_GB,GB,00-0040009,0,0,2,0,0,0
2025,2,2025_02_WAS_GB,GB,00-0040667,0,0,2,0,0,2
2025,2,2025_02_WAS_GB,WAS,00-0030061,0,0,0,0,1,7
2025,2,2025_02_WAS_GB,WAS,00-0033591,0,0,0,0,0,4
2025,2,2025_02_WAS_GB,WAS,00-0033699,0,0,8,0,0,4
2025,2,2025_02_WAS_GB,WAS,00-0035659,0,0,0,0,1,8
2025,2,2025_02_WAS_GB,WAS,00-0035719,0,0,0,0,1,7
2025,2,2025_02_WAS_GB,WAS,00-0039355,0,0,0,0,0,1
2025,2,2025_02_WAS_GB,WAS,00-0039910,7,0,0,0,0,0
2025,2,2025_02_WAS_GB,WAS,00-0039912,0,0,0,0,0,1
2025,2,2025_02_WAS_GB,WAS,00-0040164,0,0,0,0,0,4
2025,2,2025_02_WAS_GB,WAS,00-0040242,0,0,4,0,0,1
2025,3,2025_03_ARI_SF,ARI,00-0033553,0,0,9,0,0,4
2025,3,2025_03_ARI_SF,ARI,00-0033891,0,0,0,0,0,3
2025,3,2025_03_ARI_SF,ARI,00-0035228,6,0,0,0,0,0
2025,3,2025_03_ARI_SF,ARI,00-0035500,0,0,1,0,0,2
2025,3,2025_03_ARI_SF,ARI,00-0037744,0,0,0,2,0,6
2025,3,2025_03_ARI_SF,ARI,00-0038559,0,0,0,0,0,2
2025,3,2025_03_ARI_SF,ARI,00-0038705,0,0,2,0,1,0
2025,3,2025_03_ARI_SF,ARI,00-0039041,0,0,0,0,0,1
2025,3,2025_03_ARI_SF,ARI,00-0039737,0,0,0,0,0,3
2025,3,2025_03_ARI_SF,ARI,00-0039849,0,0,0,0,0,6
2025,3,2025_03_ARI_SF,ARI,00-0039921,0,1,9,0,0,4
2025,3,2025_03_ARI_SF,SF,00-0029892,0,0,0,1,0,0
2025,3,2025_03_ARI_SF,SF,00-0033280,0,2,15,0,1,14
2025,3,2025_03_ARI_SF,SF,00-0033307,0,0,0,0,0,6
2025,3,2025_03_ARI_SF,SF,00-0034272,0,0,0,0,0,1
2025,3,2025_03_ARI_SF,SF,00-0037112,0,0,0,0,0,3
2025,3,2025_03_ARI_SF,SF,00-0037746,0,0,2,0,0,0
2025,3,2025_03_ARI_SF,SF,00-0038090,0,0,0,0,0,1
2025,3,2025_03_ARI_SF,SF,00-0039916,0,0,0,0,1,10
2025,3,2025_03_ATL_CAR,ATL,00-0034407,0,0,0,0,0,5
2025,3,2025_03_ATL_CAR,ATL,00-0035359,0,0,0,0,0,2
2025,3,2025_03_ATL_CAR,ATL,00-0036309,0,0,0,0,0,11
2025,3,2025_03_ATL_CAR,ATL,00-0036429,0,0,0,0,0,1
2025,3,2025_03_ATL_CAR,ATL,00-0036970,0,0,0,0,0,6
2025,3,2025_03_ATL_CAR,ATL,00-0037238,0,0,0,0,0,8
2025,3,2025_03_ATL_CAR,ATL,00-0037263,0,0,1,0,0,2
2025,3,2025_03_ATL_CAR,ATL,00-0038542,0,0,13,0,0,6
2025,3,2025_03_ATL_CAR,ATL,00-0039917,2,0,0,0,0,0
2025,3,2025_03_ATL_CAR,ATL,00-0040547,0,0,7,0,0,0
2025,3,2025_03_ATL_CAR,CAR,00-0033589,0,0,0,0,0,1
2025,3,2025_03_ATL_CAR,CAR,00-0034983,0,0,0,0,1,3
2025,3,2025_03_ATL_CAR,CAR,00-0036139,0,2,8,0,0,1
2025,3,2025_03_ATL_CAR,CAR,00-0036555,0,0,17,0,2,1
2025,3,2025_03_ATL_CAR,CAR,00-0037005,0,0,0,0,1,1
2025,3,2025_03_ATL_CAR,CAR,00-0038840,0,0,0,0,0,2
2025,3,2025_03_ATL_CAR,CAR,00-0039150,2,0,0,0,0,0
2025,3,2025_03_ATL_CAR,CAR,00-0039356,0,0,0,0,1,1
2025,3,2025_03_ATL_CAR,CAR,00-0040124,0,0,0,1,0,7
2025,3,2025_03_ATL_CAR,CAR,00-0040187,0,0,0,0,0,1
2025,3,2025_03_CIN_MIN,CIN,00-0033526,0,0,4,0,0,0
2025,3,2025_03_CIN_MIN,CIN,00-0034829,0,0,0,0,0,3
2025,3,2025_03_CIN_MIN,CIN,00-0035100,1,0,0,0,0,0
2025,3,2025_03_CIN_MIN,CIN,00-0035631,0,0,0,0,1,2
2025,3,2025_03_CIN_MIN,CIN,00-0035644,0,0,0,0,0,5
2025,3,2025_03_CIN_MIN,CIN,00-0036410,0,0,0,0,0,2
2025,3,2025_03_CIN_MIN,CIN,00-0036900,0,0,1,0,0,6
2025,3,2025_03_CIN_MIN,CIN,00-0038597,0,1,9,0,0,5
2025,3,2025_03_CIN_MIN,CIN,00-0038839,0,0,0,0,0,1
2025,3,2025_03_CIN_MIN,CIN,00-0039631,0,0,0,0,0,1
2025,3,2025_03_CIN_MIN,CIN,00-0040208,0,0,5,0,0,0
2025,3,2025_03_CIN_MIN,MIN,00-0030035,0,0,0,1,0,1
2025,3,2025_03_CIN_MIN,MIN,00-0032950,2,0,0,0,0,0
2025,3,2025_03_CIN_MIN,MIN,00-0035229,0,0,0,1,2,3
2025,3,2025_03_CIN_MIN,MIN,00-0035249,0,0,0,0,1,0
2025,3,2025_03_CIN_MIN,MIN,00-0036322,0,0,0,0,0,7
2025,3,2025_03_CIN_MIN,MIN,00-0036414,0,0,5,0,0,1
2025,3,2025_03_CIN_MIN,MIN,00-0037291,0,0,0,0,1,4
2025,3,2025_03_CIN_MIN,MIN,00-0037525,0,2,14,0,0,0
2025,3,2025_03_CIN_MIN,MIN,00-0038440,0,0,8,0,0,1
2025,3,2025_03_CIN_MIN,MIN,00-0040154,0,0,0,0,0,1
2025,3,2025_03_DAL_CHI,CHI,00-0034827,0,0,3,1,0,4
2025,3,2025_03_DAL_CHI,CHI,00-0035208,0,0,1,0,1,3
2025,3,2025_03_DAL_CHI,CHI,00-0036275,0,0,13,0,0,4
2025,3,2025_03_DAL_CHI,CHI,00-0036290,0,0,0,1,0,0
2025,3,2025_03_DAL_CHI,CHI,00-0039918,3,0,0,0,0,0
2025,3,2025_03_DAL_CHI,CHI,00-0039919,0,0,0,1,0,6
2025,3,2025_03_DAL_CHI,CHI,00-0040126,0,0,0,0,0,3
2025,3,2025_03_DAL_CHI,CHI,00-0040236,0,0,6,0,1,0
2025,3,2025_03_DAL_CHI,CHI,00-0040735,0,0,1,0,1,2
2025,3,2025_03_DAL_CHI,DAL,00-0035243,0,0,9,0,1,2
2025,3,2025_03_DAL_CHI,DAL,00-0036997,0,0,10,0,2,3
2025,3,2025_03_DAL_CHI,DAL,00-0037247,0,0,0,2,1,6
2025,3,2025_03_DAL_CHI,DAL,00-0037666,0,0,0,2,0,4
2025,3,2025_03_DAL_CHI,DAL,00-0037801,0,0,1,1,0,2
2025,3,2025_03_DAL_CHI,DAL,00-0038041,0,0,0,1,1,12
2025,3,2025_03_DAL_CHI,DAL,00-0038547,0,0,0,0,0,1
2025,3,2025_03_DAL_CHI,DAL,00-0039410,0,0,0,0,0,3
2025,3,2025_03_DEN_LAC,DEN,00-0034348,0,0,0,0,0,8
2025,3,2025_03_DEN_LAC,DEN,00-0036158,0,0,11,0,0,2
2025,3,2025_03_DEN_LAC,DEN,00-0037539,0,0,0,0,0,2
2025,3,2025_03_DEN_LAC,DEN,00-0038976,0,0,0,0,0,4
2025,3,2025_03_DEN_LAC,DEN,00-0039732,7,0,0,0,0,0
2025,3,2025_03_DEN_LAC,DEN,00-0039868,0,0,0,0,1,3
2025,3,2025_03_DEN_LAC,DEN,00-0040730,0,0,2,0,0,3
2025,3,2025_03_DEN_LAC,LAC,00-0030279,0,0,0,3,1,7
2025,3,2025_03_DEN_LAC,LAC,00-0034270,0,0,0,0,0,2
2025,3,2025_03_DEN_LAC,LAC,00-0036355,2,0,0,0,0,0
2025,3,2025_03_DEN_LAC,LAC,00-0036893,0,0,6,0,0,0
2025,3,2025_03_DEN_LAC,LAC,00-0037654,0,0,0,0,0,1
2025,3,2025_03_DEN_LAC,LAC,00-0038544,0,0,0,1,2,6
2025,3,2025_03_DEN_LAC,LAC,00-0038573,0,0,1,0,0,0
2025,3,2025_03_DEN_LAC,LAC,00-0039915,0,0,0,0,1,6
2025,3,2025_03_DEN_LAC,LAC,00-0040189,0,0,0,1,1,5
2025,3,2025_03_DEN_LAC,LAC,00-0040666,0,1,18,0,0,7
2025,3,2025_03_DEN_LAC,LAC,00-0040727,0,0,0,0,0,1
2025,3,2025_03_DET_BAL,BAL,00-0030564,0,0,0,0,0,2
2025,3,2025_03_DET_BAL,BAL,00-0032764,0,3,9,0,0,1
2025,3,2025_03_DET_BAL,BAL,00-0034753,0,0,0,1,0,5
2025,3,2025_03_DET_BAL,BAL,00-0034796,7,0,0,0,0,0
2025,3,2025_03_DET_BAL,BAL,00-0034975,0,0,0,0,0,4
2025,3,2025_03_DET_BAL,BAL,00-0036550,0,0,0,1,0,6
2025,3,2025_03_DET_BAL,BAL,00-0036630,0,0,0,1,0,0
2025,3,2025_03_DET_BAL,BAL,00-0038046,0,0,0,0,0,3
2025,3,2025_03_DET_BAL,BAL,00-0039064,0,0,0,0,0,3
2025,3,2025_03_DET_BAL,BAL,00-0039792,0,0,0,0,0,1
2025,3,2025_03_DET_BAL,DET,00-0032464,0,0,0,0,0,2
2025,3,2025_03_DET_BAL,DET,00-0033106,3,0,0,0,0,0
2025,3,2025_03_DET_BAL,DET,00-0035685,0,1,11,0,0,1
2025,3,2025_03_DET_BAL,DET,00-0036963,0,0,0,1,1,6
2025,3,2025_03_DET_BAL,DET,00-0037240,0,0,0,0,0,3
2025,3,2025_03_DET_BAL,DET,00-0039065,0,0,0,0,1,3
2025,3,2025_03_DET_BAL,DET,00-0039139,0,3,19,0,3,3
2025,3,2025_03_DET_BAL,DET,00-0040669,0,0,0,0,0,2
2025,3,2025_03_GB_CLE,CLE,00-0033885,0,0,0,0,0,7
2025,3,2025_03_GB_CLE,CLE,00-0036407,0,0,0,0,0,5
2025,3,2025_03_GB_CLE,CLE,00-0037267,0,0,0,0,2,2
2025,3,2025_03_GB_CLE,CLE,00-0038609,0,0,0,1,0,0
2025,3,2025_03_GB_CLE,CLE,00-0038979,0,0,0,0,0,3
2025,3,2025_03_GB_CLE,CLE,00-0039379,0,0,0,0,0,3
2025,3,2025_03_GB_CLE,CLE,00-0040162,0,0,1,0,0,0
2025,3,2025_03_GB_CLE,CLE,00-0040663,0,0,0,0,0,4
2025,3,2025_03_GB_CLE,CLE,00-0040782,0,0,0,0,0,4
2025,3,2025_03_GB_CLE,CLE,00-0040784,0,2,16,0,0,2
2025,3,2025_03_GB_CLE,GB,00-0035700,0,2,14,0,0,9
2025,3,2025_03_GB_CLE,GB,00-0036264,3,0,0,0,0,0
2025,3,2025_03_GB_CLE,GB,00-0037306,0,0,0,1,0,1
2025,3,2025_03_GB_CLE,GB,00-0037816,0,0,0,0,0,2
2025,3,2025_03_GB_CLE,GB,00-0038393,0,0,0,0,1,3
2025,3,2025_03_GB_CLE,GB,00-0038797,0,0,6,0,0,0
2025,3,2025_03_GB_CLE,GB,00-0038996,0,0,0,0,0,4
2025,3,2025_03_GB_CLE,GB,00-0040009,0,0,2,0,0,0
2025,3,2025_03_GB_CLE,GB,00-0040667,0,0,3,0,0,4
2025,3,2025_03_HOU_JAX,HOU,00-0034383,0,0,0,1,0,5
2025,3,2025_03_HOU_JAX,HOU,00-0034775,0,0,0,0,0,8
2025,3,2025_03_HOU_JAX,HOU,00-0034791,0,0,9,0,1,3
2025,3,2025_03_HOU_JAX,HOU,00-0036554,0,0,0,0,0,11
2025,3,2025_03_HOU_JAX,HOU,00-0038618,0,0,0,0,0,3
2025,3,2025_03_HOU_JAX,HOU,00-0039163,3,0,0,0,0,0
2025,3,2025_03_HOU_JAX,HOU,00-0040130,0,0,0,0,0,1
2025,3,2025_03_HOU_JAX,HOU,00-0040138,0,0,0,0,0,1
2025,3,2025_03_HOU_JAX,HOU,00-0040583,0,0,6,0,0,2
2025,3,2025_03_HOU_JAX,JAX,00-0033246,0,0,0,0,0,1
2025,3,2025_03_HOU_JAX,JAX,00-0033375,0,0,0,0,0,1
2025,3,2025_03_HOU_JAX,JAX,00-0036626,0,0,0,0,0,3
2025,3,2025_03_HOU_JAX,JAX,00-0036971,1,0,0,0,0,0
2025,3,2025_03_HOU_JAX,JAX,00-0036973,0,0,16,0,0,2
2025,3,2025_03_HOU_JAX,JAX,00-0037004,0,0,0,0,0,3
2025,3,2025_03_HOU_JAX,JAX,00-0038606,0,0,0,0,1,10
2025,3,2025_03_HOU_JAX,JAX,00-0038935,0,0,0,0,0,7
2025,3,2025_03_HOU_JAX,JAX,00-0039893,0,0,0,0,0,6
2025,3,2025_03_HOU_JAX,JAX,00-0040238,0,0,0,0,0,1
2025,3,2025_03_HOU_JAX,JAX,00-0040718,0,0,0,0,0,2
2025,3,2025_03_HOU_JAX,JAX,00-0040719,0,1,5,0,0,1
2025,3,2025_03_IND_TEN,IND,00-0035710,4,0,0,0,0,0
2025,3,2025_03_IND_TEN,IND,00-0036223,0,3,14,0,0,4
2025,3,2025_03_IND_TEN,IND,00-0036252,0,0,0,0,1,5
2025,3,2025_03_IND_TEN,IND,00-0037120,0,0,2,0,0,0
2025,3,2025_03_IND_TEN,IND,00-0037664,0,0,0,0,0,5
2025,3,2025_03_IND_TEN,IND,00-0038997,0,0,0,0,0,3
2025,3,2025_03_IND_TEN,IND,00-0039164,1,0,0,0,0,0
2025,3,2025_03_IND_TEN,IND,00-0039890,0,0,0,0,0,2
2025,3,2025_03_IND_TEN,IND,00-0040128,0,0,0,0,0,5
2025,3,2025_03_IND_TEN,IND,00-0040179,0,0,1,0,0,0
2025,3,2025_03_IND_TEN,TEN,00-0032211,0,0,0,0,0,4
2025,3,2025_03_IND_TEN,TEN,00-0034837,0,0,0,0,0,7
2025,3,2025_03_IND_TEN,TEN,00-0035261,0,1,15,0,0,4
2025,3,2025_03_IND_TEN,TEN,00-0036415,0,0,0,0,0,1
2025,3,2025_03_IND_TEN,TEN,00-0037594,0,1,1,0,0,0
2025,3,2025_03_IND_TEN,TEN,00-0037809,0,0,0,0,0,6
2025,3,2025_03_IND_TEN,TEN,00-0040170,0,0,0,2,0,3
2025,3,2025_03_IND_TEN,TEN,00-0040584,0,0,0,0,0,3
2025,3,2025_03_IND_TEN,TEN,00-0040676,3,0,0,0,0,0
2025,3,2025_03_IND_TEN,TEN,00-0040705,0,1,1,0,2,2
2025,3,2025_03_KC_NYG,KC,00-0030506,0,0,0,0,1,6
2025,3,2025_03_KC_NYG,KC,00-0033857,0,0,0,0,1,3
2025,3,2025_03_KC_NYG,KC,00-0033873,2,0,0,0,0,0
2025,3,2025_03_KC_NYG,KC,00-0033923,0,1,9,0,0,1
2025,3,2025_03_KC_NYG,KC,00-0035662,0,0,0,0,0,6
2025,3,2025_03_KC_NYG,KC,00-0036637,0,0,0,0,0,6
2025,3,2025_03_KC_NYG,KC,00-0037197,0,0,10,0,0,1
2025,3,2025_03_KC_NYG,KC,00-0038104,0,0,0,1,0,8
2025,3,2025_03_KC_NYG,KC,00-0038519,0,0,1,0,0,0
2025,3,2025_03_KC_NYG,KC,00-0040078,0,0,2,0,1,0
2025,3,2025_03_KC_NYG,NYG,00-0029263,5,0,0,0,0,0
2025,3,2025_03_KC_NYG,NYG,00-0031484,0,0,0,0,0,1
2025,3,2025_03_KC_NYG,NYG,00-0035250,0,0,4,0,0,0
2025,3,2025_03_KC_NYG,NYG,00-0035535,0,0,0,0,1,3
2025,3,2025_03_KC_NYG,NYG,00-0038115,0,0,0,0,0,1
2025,3,2025_03_KC_NYG,NYG,00-0038117,0,0,0,0,0,4
2025,3,2025_03_KC_NYG,NYG,00-0039337,0,0,0,0,0,7
2025,3,2025_03_KC_NYG,NYG,00-0039384,0,0,7,0,0,3
2025,3,2025_03_KC_NYG,NYG,00-0039847,0,0,0,1,0,1
2025,3,2025_03_KC_NYG,NYG,00-0040691,1,0,0,0,0,0
2025,3,2025_03_KC_NYG,NYG,00-0040715,0,0,10,0,0,8
2025,3,2025_03_LA_PHI,LA,00-0031381,0,0,0,2,1,5
2025,3,2025_03_LA_PHI,LA,00-0033110,0,0,0,1,0,1
2025,3,2025_03_LA_PHI,LA,00-0036849,0,0,0,0,0,1
2025,3,2025_03_LA_PHI,LA,00-0037840,0,1,19,0,1,2
2025,3,2025_03_LA_PHI,LA,00-0039074,0,0,0,0,0,1
2025,3,2025_03_LA_PHI,LA,00-0039075,0,0,1,0,0,15
2025,3,2025_03_LA_PHI,LA,00-0039738,0,0,8,0,0,0
2025,3,2025_03_LA_PHI,LA,00-0039751,0,0,2,0,0,3
2025,3,2025_03_LA_PHI,PHI,00-0034351,0,0,0,0,0,2
2025,3,2025_03_LA_PHI,PHI,00-0034844,0,1,17,0,1,4
2025,3,2025_03_LA_PHI,PHI,00-0035676,0,0,0,2,1,7
2025,3,2025_03_LA_PHI,PHI,00-0036389,8,0,0,0,0,0
2025,3,2025_03_LA_PHI,PHI,00-0036912,0,0,0,1,2,6
2025,3,2025_03_LA_PHI,PHI,00-0037614,0,0,0,0,0,1
2025,3,2025_03_LA_PHI,PHI,00-0037741,0,0,0,0,1,2
2025,3,2025_03_LV_WAS,LV,00-0030565,2,0,0,0,0,0
2025,3,2025_03_LV_WAS,LV,00-0034960,0,0,0,0,0,4
2025,3,2025_03_LV_WAS,LV,00-0038040,0,0,5,0,0,2
2025,3,2025_03_LV_WAS,LV,00-0038563,0,0,1,1,1,7
2025,3,2025_03_LV_WAS,LV,00-0039066,0,0,0,0,0,1
2025,3,2025_03_LV_WAS,LV,00-0039338,0,0,0,1,0,4
2025,3,2025_03_LV_WAS,LV,00-0039407,0,0,3,0,0,1
2025,3,2025_03_LV_WAS,LV,00-0040122,0,0,17,0,0,0
2025,3,2025_03_LV_WAS,LV,00-0040581,0,0,0,0,0,4
2025,3,2025_03_LV_WAS,LV,00-0040729,0,0,0,0,0,1
2025,3,2025_03_LV_WAS,WAS,00-0030061,0,0,0,0,0,3
2025,3,2025_03_LV_WAS,WAS,00-0032268,6,0,0,0,0,0
2025,3,2025_03_LV_WAS,WAS,00-0032398,0,0,0,0,0,2
2025,3,2025_03_LV_WAS,WAS,00-0033955,0,0,4,0,0,0
2025,3,2025_03_LV_WAS,WAS,00-0035659,0,0,0,0,0,4
2025,3,2025_03_LV_WAS,WAS,00-0035719,0,0,3,0,0,3
2025,3,2025_03_LV_WAS,WAS,00-0038611,0,1,10,0,0,0
2025,3,2025_03_LV_WAS,WAS,00-0039355,0,0,0,0,0,3
2025,3,2025_03_LV_WAS,WAS,00-0040164,0,0,0,1,0,1
2025,3,2025_03_LV_WAS,WAS,00-0040242,0,2,6,0,0,1
2025,3,2025_03_MIA_BUF,BUF,00-0034857,4,0,0,0,0,0
2025,3,2025_03_MIA_BUF,BUF,00-0035537,0,0,3,0,0,2
2025,3,2025_03_MIA_BUF,BUF,00-0036980,0,0,1,0,0,3
2025,3,2025_03_MIA_BUF,BUF,00-0036988,0,0,0,0,1,0
2025,3,2025_03_MIA_BUF,BUF,00-0037248,0,1,18,0,1,2
2025,3,2025_03_MIA_BUF,BUF,00-0037261,0,0,0,0,2,2
2025,3,2025_03_MIA_BUF,BUF,00-0038679,0,0,0,0,0,2
2025,3,2025_03_MIA_BUF,BUF,00-0038933,0,0,0,1,2,3
2025,3,2025_03_MIA_BUF,BUF,00-0039875,0,0,0,0,0,1
2025,3,2025_03_MIA_BUF,BUF,00-0039901,0,0,0,0,1,3
2025,3,2025_03_MIA_BUF,BUF,00-0040194,0,0,0,1,0,0
2025,3,2025_03_MIA_BUF,MIA,00-0033040,0,0,0,1,1,8
2025,3,2025_03_MIA_BUF,MIA,00-0036212,2,0,0,0,0,0
2025,3,2025_03_MIA_BUF,MIA,00-0036613,0,0,0,1,0,5
2025,3,2025_03_MIA_BUF,MIA,00-0037348,0,0,0,0,1,1
2025,3,2025_03_MIA_BUF,MIA,00-0038720,0,0,0,0,0,1
2025,3,2025_03_MIA_BUF,MIA,00-0039040,0,0,12,0,0,9
2025,3,2025_03_MIA_BUF,MIA,00-0039880,0,0,2,0,1,4
2025,3,2025_03_MIA_BUF,MIA,00-0040198,0,2,7,0,0,0
2025,3,2025_03_NO_SEA,NO,00-0031236,0,0,0,0,0,5
2025,3,2025_03_NO_SEA,NO,00-0033906,0,0,18,0,0,2
2025,3,2025_03_NO_SEA,NO,00-0036040,0,0,0,0,1,7
2025,3,2025_03_NO_SEA,NO,00-0036741,0,0,0,1,0,2
2025,3,2025_03_NO_SEA,NO,00-0037231,0,0,0,0,0,1
2025,3,2025_03_NO_SEA,NO,00-0037239,0,0,0,1,1,12
2025,3,2025_03_NO_SEA,NO,00-0037545,0,0,0,0,1,5
2025,3,2025_03_NO_SEA,NO,00-0038551,0,0,7,0,0,2
2025,3,2025_03_NO_SEA,NO,00-0039376,2,0,0,0,0,0
2025,3,2025_03_NO_SEA,SEA,00-0033576,0,0,0,0,1,0
2025,3,2025_03_NO_SEA,SEA,00-0033908,0,0,0,0,1,2
2025,3,2025_03_NO_SEA,SEA,00-0037093,0,0,0,0,0,1
2025,3,2025_03_NO_SEA,SEA,00-0038134,0,2,14,0,0,1
2025,3,2025_03_NO_SEA,SEA,00-0038543,0,0,0,0,2,4
2025,3,2025_03_NO_SEA,SEA,00-0039299,0,0,10,0,0,2
2025,3,2025_03_NO_SEA,SEA,00-0039793,0,0,0,0,0,1
2025,3,2025_03_NO_SEA,SEA,00-0040067,0,0,5,0,0,0
2025,3,2025_03_NO_SEA,SEA,00-0040648,0,0,0,1,0,3
2025,3,2025_03_NO_SEA,SEA,00-0040673,1,0,0,0,0,0
2025,3,2025_03_NO_SEA,SEA,00-0040739,0,0,0,0,1,0
2025,3,2025_03_NYJ_TB,NYJ,00-0028118,7,0,0,0,0,0
2025,3,2025_03_NYJ_TB,NYJ,00-0034521,0,0,0,2,0,1
2025,3,2025_03_NYJ_TB,NYJ,00-0036427,0,0,0,0,0,3
2025,3,2025_03_NYJ_TB,NYJ,00-0037740,0,0,0,1,1,11
2025,3,2025_03_NYJ_TB,NYJ,00-0038120,0,0,9,1,1,4
2025,3,2025_03_NYJ_TB,NYJ,00-0039794,0,0,6,0,1,1
2025,3,2025_03_NYJ_TB,NYJ,00-0040582,0,0,0,0,0,2
2025,3,2025_03_NYJ_TB,NYJ,00-0040736,0,0,0,0,0,6
2025,3,2025_03_NYJ_TB,TB,00-0031408,0,0,0,1,1,7
2025,3,2025_03_NYJ_TB,TB,00-0032385,0,0,0,1,0,4
2025,3,2025_03_NYJ_TB,TB,00-0034855,3,0,0,0,0,0
2025,3,2025_03_NYJ_TB,TB,00-0037256,0,0,5,0,1,0
2025,3,2025_03_NYJ_TB,TB,00-0038824,0,0,0,0,0,1
2025,3,2025_03_NYJ_TB,TB,00-0039361,0,0,25,0,1,3
2025,3,2025_03_NYJ_TB,TB,00-0040129,0,0,0,0,1,7
2025,3,2025_03_NYJ_TB,TB,00-0040237,0,0,0,0,0,1
2025,3,2025_03_PIT_NE,NE,00-0031588,0,0,0,0,0,3
2025,3,2025_03_PIT_NE,NE,00-0032392,0,0,0,0,0,3
2025,3,2025_03_PIT_NE,NE,00-0033090,0,0,0,2,2,7
2025,3,2025_03_PIT_NE,NE,00-0033555,0,0,0,0,0,4
2025,3,2025_03_PIT_NE,NE,00-0036328,0,0,7,0,0,0
2025,3,2025_03_PIT_NE,NE,00-0036875,0,1,3,0,0,3
2025,3,2025_03_PIT_NE,NE,00-0038608,0,0,0,1,0,2
2025,3,2025_03_PIT_NE,NE,00-0038621,0,0,0,0,0,5
2025,3,2025_03_PIT_NE,NE,00-0039851,7,0,0,0,0,0
2025,3,2025_03_PIT_NE,NE,00-0040131,0,0,0,0,0,1
2025,3,2025_03_PIT_NE,NE,00-0040734,0,0,11,0,0,3
2025,3,2025_03_PIT_NE,PIT,00-0023459,1,0,0,0,0,0
2025,3,2025_03_PIT_NE,PIT,00-0033858,0,0,0,0,0,3
2025,3,2025_03_PIT_NE,PIT,00-0035640,0,0,0,1,0,3
2025,3,2025_03_PIT_NE,PIT,00-0036894,0,0,0,0,0,3
2025,3,2025_03_PIT_NE,PIT,00-0036919,0,1,3,0,0,1
2025,3,2025_03_PIT_NE,PIT,00-0037228,0,2,16,0,0,6
2025,3,2025_03_PIT_NE,PIT,00-0037837,0,0,0,1,0,4
2025,4,2025_04_BAL_KC,BAL,00-0030564,0,0,0,0,0,1
2025,4,2025_04_BAL_KC,BAL,00-0032764,0,0,8,0,0,3
2025,4,2025_04_BAL_KC,BAL,00-0034753,0,0,0,0,0,8
2025,4,2025_04_BAL_KC,BAL,00-0034796,6,0,0,0,0,0
2025,4,2025_04_BAL_KC,BAL,00-0034975,0,0,3,0,1,5
2025,4,2025_04_BAL_KC,BAL,00-0036550,0,0,0,0,0,2
2025,4,2025_04_BAL_KC,BAL,00-0036630,0,0,0,0,0,2
2025,4,2025_04_BAL_KC,BAL,00-0039064,0,0,0,0,0,8
2025,4,2025_04_BAL_KC,KC,00-0030506,0,0,0,0,1,4
2025,4,2025_04_BAL_KC,KC,00-0033857,0,0,0,2,2,2
2025,4,2025_04_BAL_KC,KC,00-0033873,4,0,0,0,0,0
2025,4,2025_04_BAL_KC,KC,00-0033923,0,0,13,0,0,1
2025,4,2025_04_BAL_KC,KC,00-0035662,0,0,0,1,0,4
2025,4,2025_04_BAL_KC,KC,00-0036637,0,0,0,0,0,1
2025,4,2025_04_BAL_KC,KC,00-0037197,0,0,7,0,3,0
2025,4,2025_04_BAL_KC,KC,00-0038104,0,0,0,2,0,0
2025,4,2025_04_BAL_KC,KC,00-0039894,0,0,2,0,0,8
2025,4,2025_04_BAL_KC,KC,00-0040078,0,0,4,0,1,3
2025,4,2025_04_CAR_NE,CAR,00-0033589,0,0,1,0,0,0
2025,4,2025_04_CAR_NE,CAR,00-0034983,0,0,0,0,0,2
2025,4,2025_04_CAR_NE,CAR,00-0036139,0,0,9,0,0,1
2025,4,2025_04_CAR_NE,CAR,00-0036555,0,0,10,0,0,3
2025,4,2025_04_CAR_NE,CAR,00-0037005,0,0,0,1,1,6
2025,4,2025_04_CAR_NE,CAR,00-0037282,0,0,0,0,0,2
2025,4,2025_04_CAR_NE,CAR,00-0038840,0,0,0,0,0,4
2025,4,2025_04_CAR_NE,CAR,00-0039150,1,0,0,0,0,0
2025,4,2025_04_CAR_NE,CAR,00-0040124,0,0,0,0,0,8
2025,4,2025_04_CAR_NE,CAR,00-0040187,0,0,0,1,0,3
2025,4,2025_04_CAR_NE,CAR,00-0040644,0,1,6,0,0,0
2025,4,2025_04_CAR_NE,NE,00-0031588,0,0,0,0,2,5
2025,4,2025_04_CAR_NE,NE,00-0032392,0,0,0,0,0,1
2025,4,2025_04_CAR_NE,NE,00-0033090,0,0,0,0,1,1
2025,4,2025_04_CAR_NE,NE,00-0033555,0,0,0,1,0,0
2025,4,2025_04_CAR_NE,NE,00-0036328,0,2,4,0,0,0
2025,4,2025_04_CAR_NE,NE,00-0036875,0,0,9,0,0,1
2025,4,2025_04_CAR_NE,NE,00-0038608,0,0,0,0,0,3
2025,4,2025_04_CAR_NE,NE,00-0039851,3,0,0,0,0,0
2025,4,2025_04_CAR_NE,NE,00-0040131,0,0,1,0,0,0
2025,4,2025_04_CAR_NE,NE,00-0040734,0,1,6,0,0,2
2025,4,2025_04_CHI_LV,CHI,00-0034827,0,0,0,0,1,4
2025,4,2025_04_CHI_LV,CHI,00-0035208,0,0,0,0,2,4
2025,4,2025_04_CHI_LV,CHI,00-0036275,0,1,13,0,0,6
2025,4,2025_04_CHI_LV,CHI,00-0036290,0,0,0,1,1,7
2025,4,2025_04_CHI_LV,CHI,00-0039918,7,0,0,0,0,0
2025,4,2025_04_CHI_LV,CHI,00-0039919,0,0,0,1,1,6
2025,4,2025_04_CHI_LV,CHI,00-0040236,0,0,4,0,0,0
2025,4,2025_04_CHI_LV,CHI,00-0040735,0,0,0,0,1,1
2025,4,2025_04_CHI_LV,LV,00-0030565,4,0,0,0,0,0
2025,4,2025_04_CHI_LV,LV,00-0031687,0,0,4,0,0,1
2025,4,2025_04_CHI_LV,LV,00-0034960,0,0,0,0,0,7
2025,4,2025_04_CHI_LV,LV,00-0038563,0,0,2,0,0,2
2025,4,2025_04_CHI_LV,LV,00-0039338,0,0,0,1,0,5
2025,4,2025_04_CHI_LV,LV,00-0040122,0,0,21,0,2,0
2025,4,2025_04_CHI_LV,LV,00-0040581,0,0,0,0,1,1
2025,4,2025_04_CIN_DEN,CIN,00-0033526,0,0,1,0,0,1
2025,4,2025_04_CIN_DEN,CIN,00-0034829,0,0,0,0,0,1
2025,4,2025_04_CIN_DEN,CIN,00-0035100,2,0,0,0,0,0
2025,4,2025_04_CIN_DEN,CIN,00-0036410,0,0,0,1,1,4
2025,4,2025_04_CIN_DEN,CIN,00-0036900,0,0,0,0,0,8
2025,4,2025_04_CIN_DEN,CIN,00-0038597,0,0,10,0,0,3
2025,4,2025_04_CIN_DEN,CIN,00-0038619,0,0,1,0,0,1
2025,4,2025_04_CIN_DEN,CIN,00-0038839,0,0,0,0,0,2
2025,4,2025_04_CIN_DEN,DEN,00-0033881,0,0,0,0,2,5
2025,4,2025_04_CIN_DEN,DEN,00-0034348,0,0,0,1,0,5
2025,4,2025_04_CIN_DEN,DEN,00-0036158,0,0,16,0,0,1
2025,4,2025_04_CIN_DEN,DEN,00-0036422,0,0,0,0,0,3
2025,4,2025_04_CIN_DEN,DEN,00-0036727,0,0,1,0,0,0
2025,4,2025_04_CIN_DEN,DEN,00-0037085,0,0,0,0,0,2
2025,4,2025_04_CIN_DEN,DEN,00-0038783,0,0,0,0,0,3
2025,4,2025_04_CIN_DEN,DEN,00-0038976,0,0,1,0,0,6
2025,4,2025_04_CIN_DEN,DEN,00-0039732,3,0,0,0,0,0
2025,4,2025_04_CIN_DEN,DEN,00-0039868,0,0,0,1,1,6
2025,4,2025_04_CIN_DEN,DEN,00-0040134,0,0,0,1,0,0
2025,4,2025_04_CIN_DEN,DEN,00-0040730,0,1,13,0,1,4
2025,4,2025_04_CLE_DET,CLE,00-0026158,2,0,0,0,0,0
2025,4,2025_04_CLE_DET,CLE,00-0033885,0,0,0,0,1,2
2025,4,2025_04_CLE_DET,CLE,00-0036407,0,0,0,0,1,8
2025,4,2025_04_CLE_DET,CLE,00-0037267,0,0,1,0,0,2
2025,4,2025_04_CLE_DET,CLE,00-0038710,0,0,0,0,0,1
2025,4,2025_04_CLE_DET,CLE,00-0038979,0,0,0,0,1,1
2025,4,2025_04_CLE_DET,CLE,00-0040162,0,0,1,0,0,1
2025,4,2025_04_CLE_DET,CLE,00-0040663,0,0,1,0,1,5
2025,4,2025_04_CLE_DET,CLE,00-0040782,0,0,0,0,0,6
2025,4,2025_04_CLE_DET,CLE,00-0040784,0,2,19,0,0,4
2025,4,2025_04_CLE_DET,DET,00-0032464,0,0,0,0,1,2
2025,4,2025_04_CLE_DET,DET,00-0035685,0,2,7,0,0,1
2025,4,2025_04_CLE_DET,DET,00-0036963,0,0,0,0,2,5
2025,4,2025_04_CLE_DET,DET,00-0037240,0,0,1,0,0,8
2025,4,2025_04_CLE_DET,DET,00-0038896,0,0,2,0,0,0
2025,4,2025_04_CLE_DET,DET,00-0039065,0,0,0,0,0,4
2025,4,2025_04_CLE_DET,DET,00-0039139,0,0,15,0,0,2
2025,4,2025_04_GB_DAL,DAL,00-0033077,1,0,0,0,0,0
2025,4,2025_04_GB_DAL,DAL,00-0035243,0,0,2,0,0,2
2025,4,2025_04_GB_DAL,DAL,00-0036997,0,4,16,0,1,2
2025,4,2025_04_GB_DAL,DAL,00-0037247,0,0,0,1,0,10
2025,4,2025_04_GB_DAL,DAL,00-0037666,0,0,0,0,0,6
2025,4,2025_04_GB_DAL,DAL,00-0037801,0,0,1,0,0,4
2025,4,2025_04_GB_DAL,DAL,00-0038041,0,0,0,1,0,6
2025,4,2025_04_GB_DAL,DAL,00-0038547,0,0,0,0,0,2
2025,4,2025_04_GB_DAL,DAL,00-0038738,0,0,1,0,0,1
2025,4,2025_04_GB_DAL,DAL,00-0039410,0,0,1,0,0,2
2025,4,2025_04_GB_DAL,GB,00-0035700,0,4,18,0,0,4
2025,4,2025_04_GB_DAL,GB,00-0036264,2,0,0,0,0,0
2025,4,2025_04_GB_DAL,GB,00-0037816,0,0,0,3,0,5
2025,4,2025_04_GB_DAL,GB,00-0038393,0,0,0,0,0,4
2025,4,2025_04_GB_DAL,GB,00-0038465,0,0,0,0,0,1
2025,4,2025_04_GB_DAL,GB,00-0038685,0,0,0,0,0,1
2025,4,2025_04_GB_DAL,GB,00-0038797,0,0,8,0,1,2
2025,4,2025_04_GB_DAL,GB,00-0038996,0,0,0,0,2,3
2025,4,2025_04_GB_DAL,GB,00-0039144,0,0,0,0,0,1
2025,4,2025_04_GB_DAL,GB,00-0040009,0,0,1,0,1,2
2025,4,2025_04_GB_DAL,GB,00-0040667,0,0,1,1,1,4
2025,4,2025_04_IND_LA,IND,00-0035021,0,0,1,0,0,1
2025,4,2025_04_IND_LA,IND,00-0036223,0,1,16,0,0,5
2025,4,2025_04_IND_LA,IND,00-0036252,0,0,0,1,0,9
2025,4,2025_04_IND_LA,IND,00-0037120,0,0,0,0,0,1
2025,4,2025_04_IND_LA,IND,00-0038997,0,0,0,0,0,5
2025,4,2025_04_IND_LA,IND,00-0039890,0,0,0,0,0,4
2025,4,2025_04_IND_LA,IND,00-0040128,0,2,0,0,0,6
2025,4,2025_04_IND_LA,LA,00-0026498,2,0,0,0,0,0
2025,4,2025_04_IND_LA,LA,00-0031381,0,0,0,1,1,4
2025,4,2025_04_IND_LA,LA,00-0033110,0,0,0,0,0,5
2025,4,2025_04_IND_LA,LA,00-0036244,0,0,0,0,0,2
2025,4,2025_04_IND_LA,LA,00-0036849,0,0,0,0,0,2
2025,4,2025_04_IND_LA,LA,00-0037840,0,0,13,0,0,4
2025,4,2025_04_IND_LA,LA,00-0039074,0,0,0,0,0,1
2025,4,2025_04_IND_LA,LA,00-0039075,0,0,0,0,2,13
2025,4,2025_04_IND_LA,LA,00-0039738,0,0,9,0,0,4
2025,4,2025_04_IND_LA,LA,00-0039751,0,0,0,0,0,1
2025,4,2025_04_JAX_SF,JAX,00-0033246,0,0,0,0,0,1
2025,4,2025_04_JAX_SF,JAX,00-0033375,0,0,0,0,0,1
2025,4,2025_04_JAX_SF,JAX,00-0036971,4,0,0,0,0,0
2025,4,2025_04_JAX_SF,JAX,00-0036973,0,0,19,0,1,1
2025,4,2025_04_JAX_SF,JAX,00-0037004,0,0,0,1,1,1
2025,4,2025_04_JAX_SF,JAX,00-0038606,0,0,1,0,0,2
2025,4,2025_04_JAX_SF,JAX,00-0038935,0,0,0,0,0,7
2025,4,2025_04_JAX_SF,JAX,00-0039893,0,0,1,0,0,7
2025,4,2025_04_JAX_SF,JAX,00-0040238,0,0,0,0,0,1
2025,4,2025_04_JAX_SF,JAX,00-0040718,0,0,0,0,1,4
2025,4,2025_04_JAX_SF,JAX,00-0040719,0,0,4,0,0,1
2025,4,2025_04_JAX_SF,SF,00-0029892,0,0,0,0,0,3
2025,4,2025_04_JAX_SF,SF,00-0032775,0,0,0,0,0,2
2025,4,2025_04_JAX_SF,SF,00-0033280,0,0,17,1,1,9
2025,4,2025_04_JAX_SF,SF,00-0033307,0,0,0,0,0,4
2025,4,2025_04_JAX_SF,SF,00-0036259,0,0,0,1,1,2
2025,4,2025_04_JAX_SF,SF,00-0036887,0,0,0,0,1,1
2025,4,2025_04_JAX_SF,SF,00-0037112,0,0,0,0,0,5
2025,4,2025_04_JAX_SF,SF,00-0037746,0,0,5,0,0,0
2025,4,2025_04_JAX_SF,SF,00-0037834,2,0,0,0,0,0
2025,4,2025_04_JAX_SF,SF,00-0038090,0,0,0,0,0,1
2025,4,2025_04_JAX_SF,SF,00-0039916,0,0,0,0,0,5
2025,4,2025_04_LAC_NYG,LAC,00-0030279,0,0,0,0,0,7
2025,4,2025_04_LAC_NYG,LAC,00-0034270,0,0,0,0,0,1
2025,4,2025_04_LAC_NYG,LAC,00-0036355,1,0,0,0,0,0
2025,4,2025_04_LAC_NYG,LAC,00-0037654,0,0,0,0,0,1
2025,4,2025_04_LAC_NYG,LAC,00-0038544,0,0,0,0,0,13
2025,4,2025_04_LAC_NYG,LAC,00-0038614,0,0,0,0,0,1
2025,4,2025_04_LAC_NYG,LAC,00-0039915,0,0,0,0,0,6
2025,4,2025_04_LAC_NYG,LAC,00-0040189,0,0,0,0,0,3
2025,4,2025_04_LAC_NYG,LAC,00-0040666,0,0,12,0,0,5
2025,4,2025_04_LAC_NYG,LAC,00-0040727,0,0,0,0,0,1
2025,4,2025_04_LAC_NYG,NYG,00-0035250,0,0,7,0,0,0
2025,4,2025_04_LAC_NYG,NYG,00-0035535,0,0,0,0,0,4
2025,4,2025_04_LAC_NYG,NYG,00-0038115,0,0,0,0,0,1
2025,4,2025_04_LAC_NYG,NYG,00-0038117,0,0,0,1,1,3
2025,4,2025_04_LAC_NYG,NYG,00-0039337,0,0,0,0,0,3
2025,4,2025_04_LAC_NYG,NYG,00-0039847,0,0,0,0,1,4
2025,4,2025_04_LAC_NYG,NYG,00-0040691,10,0,0,0,0,0
2025,4,2025_04_LAC_NYG,NYG,00-0040715,0,4,21,0,0,2
2025,4,2025_04_MIN_PIT,MIN,00-0030035,0,0,0,0,0,2
2025,4,2025_04_MIN_PIT,MIN,00-0032950,2,0,0,0,0,0
2025,4,2025_04_MIN_PIT,MIN,00-0035229,0,0,0,0,1,4
2025,4,2025_04_MIN_PIT,MIN,00-0035249,0,0,0,0,1,0
2025,4,2025_04_MIN_PIT,MIN,00-0036322,0,0,0,0,1,10
2025,4,2025_04_MIN_PIT,MIN,00-0037291,0,0,0,1,2,1
2025,4,2025_04_MIN_PIT,MIN,00-0037525,0,1,15,0,0,3
2025,4,2025_04_MIN_PIT,MIN,00-0038440,0,0,2,1,1,6
2025,4,2025_04_MIN_PIT,MIN,00-0038994,0,0,0,0,0,8
2025,4,2025_04_MIN_PIT,PIT,00-0023459,1,0,0,0,0,0
2025,4,2025_04_MIN_PIT,PIT,00-0033858,0,0,0,0,0,3
2025,4,2025_04_MIN_PIT,PIT,00-0035298,0,0,0,0,1,0
2025,4,2025_04_MIN_PIT,PIT,00-0035640,0,0,0,0,1,4
2025,4,2025_04_MIN_PIT,PIT,00-0036862,0,0,0,1,0,0
2025,4,2025_04_MIN_PIT,PIT,00-0036919,0,3,16,0,3,3
2025,4,2025_04_MIN_PIT,PIT,00-0037304,0,0,1,0,0,0
2025,4,2025_04_MIN_PIT,PIT,00-0037837,0,0,0,0,0,2
2025,4,2025_04_MIN_PIT,PIT,00-0038558,0,0,0,0,1,2
2025,4,2025_04_MIN_PIT,PIT,00-0040142,0,0,6,0,0,1
2025,4,2025_04_NO_BUF,BUF,00-0033282,0,0,0,0,0,2
2025,4,2025_04_NO_BUF,BUF,00-0034857,4,0,0,0,0,0
2025,4,2025_04_NO_BUF,BUF,00-0035537,0,0,1,0,0,0
2025,4,2025_04_NO_BUF,BUF,00-0035689,0,0,0,0,0,1
2025,4,2025_04_NO_BUF,BUF,00-0036980,0,0,1,0,0,0
2025,4,2025_04_NO_BUF,BUF,00-0036988,0,0,0,0,1,2
2025,4,2025_04_NO_BUF,BUF,00-0037248,0,1,21,0,0,4
2025,4,2025_04_NO_BUF,BUF,00-0037261,0,0,0,0,0,5
2025,4,2025_04_NO_BUF,BUF,00-0038933,0,0,0,0,0,2
2025,4,2025_04_NO_BUF,BUF,00-0039875,0,0,1,0,0,0
2025,4,2025_04_NO_BUF,BUF,00-0039901,0,0,0,0,0,4
2025,4,2025_04_NO_BUF,BUF,00-0040194,0,0,0,0,0,1
2025,4,2025_04_NO_BUF,NO,00-0031236,0,0,0,1,0,3
2025,4,2025_04_NO_BUF,NO,00-0033906,0,0,15,0,2,3
2025,4,2025_04_NO_BUF,NO,00-0036040,0,0,0,0,0,3
2025,4,2025_04_NO_BUF,NO,00-0036741,0,0,0,0,0,1
2025,4,2025_04_NO_BUF,NO,00-0037239,0,0,0,1,0,5
2025,4,2025_04_NO_BUF,NO,00-0037545,0,0,2,1,0,4
2025,4,2025_04_NO_BUF,NO,00-0038551,0,0,11,0,0,0
2025,4,2025_04_NO_BUF,NO,00-0039376,6,0,0,0,1,0
2025,4,2025_04_NYJ_MIA,MIA,00-0031610,0,0,0,2,0,2
2025,4,2025_04_NYJ_MIA,MIA,00-0033040,0,0,0,0,0,6
2025,4,2025_04_NYJ_MIA,MIA,00-0036182,0,0,0,0,0,1
2025,4,2025_04_NYJ_MIA,MIA,00-0036212,3,0,0,0,0,0
2025,4,2025_04_NYJ_MIA,MIA,00-0036613,0,0,0,0,2,4
2025,4,2025_04_NYJ_MIA,MIA,00-0038720,0,0,0,0,1,1
2025,4,2025_04_NYJ_MIA,MIA,00-0039040,0,0,20,0,1,1
2025,4,2025_04_NYJ_MIA,MIA,00-0039880,0,0,2,0,0,3
2025,4,2025_04_NYJ_MIA,MIA,00-0040198,0,0,6,0,0,1
2025,4,2025_04_NYJ_MIA,NYJ,00-0033943,0,0,0,0,0,2
2025,4,2025_04_NYJ_MIA,NYJ,00-0034521,0,0,0,0,0,1
2025,4,2025_04_NYJ_MIA,NYJ,00-0036945,7,0,0,0,0,0
2025,4,2025_04_NYJ_MIA,NYJ,00-0037740,0,0,0,0,0,8
2025,4,2025_04_NYJ_MIA,NYJ,00-0037805,0,0,0,0,0,1
2025,4,2025_04_NYJ_MIA,NYJ,00-0038120,0,0,14,0,0,6
2025,4,2025_04_NYJ_MIA,NYJ,00-0039794,0,0,4,0,0,0
2025,4,2025_04_NYJ_MIA,NYJ,00-0039798,0,0,3,0,0,2
2025,4,2025_04_NYJ_MIA,NYJ,00-0040736,0,0,0,0,0,7
2025,4,2025_04_PHI_TB,PHI,00-0034351,0,0,0,0,2,2
2025,4,2025_04_PHI_TB,PHI,00-0034844,0,0,19,0,0,4
2025,4,2025_04_PHI_TB,PHI,00-0035676,0,0,0,0,0,9
2025,4,2025_04_PHI_TB,PHI,00-0036265,0,0,3,0,0,0
2025,4,2025_04_PHI_TB,PHI,00-0036313,0,0,1,0,0,0
2025,4,2025_04_PHI_TB,PHI,00-0036389,9,0,0,0,0,0
2025,4,2025_04_PHI_TB,PHI,00-0036912,0,0,0,0,0,2
2025,4,2025_04_PHI_TB,PHI,00-0037086,0,0,0,0,0,2
2025,4,2025_04_PHI_TB,PHI,00-0037614,0,0,0,0,0,2
2025,4,2025_04_PHI_TB,PHI,00-0039746,0,0,0,0,0,1
2025,4,2025_04_PHI_TB,TB,00-0032385,0,0,1,0,0,4
2025,4,2025_04_PHI_TB,TB,00-0033921,0,0,0,1,0,9
2025,4,2025_04_PHI_TB,TB,00-0034855,2,0,0,0,0,0
2025,4,2025_04_PHI_TB,TB,00-0037256,0,0,6,0,0,5
2025,4,2025_04_PHI_TB,TB,00-0038129,0,0,0,0,0,4
2025,4,2025_04_PHI_TB,TB,00-0039361,0,0,15,0,1,4
2025,4,2025_04_PHI_TB,TB,00-0040129,0,0,1,0,0,10
2025,4,2025_04_PHI_TB,TB,00-0040237,0,0,1,0,0,1
2025,4,2025_04_SEA_ARI,ARI,00-0035228,5,0,0,0,0,0
2025,4,2025_04_SEA_ARI,ARI,00-0035500,0,0,1,0,2,3
2025,4,2025_04_SEA_ARI,ARI,00-0036924,0,0,1,0,0,0
2025,4,2025_04_SEA_ARI,ARI,00-0037744,0,0,0,0,1,10
2025,4,2025_04_SEA_ARI,ARI,00-0038559,0,0,0,0,0,6
2025,4,2025_04_SEA_ARI,ARI,00-0038705,0,0,2,0,1,1
2025,4,2025_04_SEA_ARI,ARI,00-0039521,0,0,0,0,0,1
2025,4,2025_04_SEA_ARI,ARI,00-0039849,0,0,0,1,0,9
2025,4,2025_04_SEA_ARI,ARI,00-0039921,0,0,8,0,0,5
2025,4,2025_04_SEA_ARI,SEA,00-0033908,0,0,0,0,1,4
2025,4,2025_04_SEA_ARI,SEA,00-0034869,1,0,0,0,0,0
2025,4,2025_04_SEA_ARI,SEA,00-0038134,0,0,19,0,0,2
2025,4,2025_04_SEA_ARI,SEA,00-0038543,0,0,3,0,0,5
2025,4,2025_04_SEA_ARI,SEA,00-0038752,0,0,0,0,0,1
2025,4,2025_04_SEA_ARI,SEA,00-0039165,0,2,10,0,0,2
2025,4,2025_04_SEA_ARI,SEA,00-0039793,0,0,0,0,1,2
2025,4,2025_04_SEA_ARI,SEA,00-0040648,0,0,0,0,0,2
2025,4,2025_04_SEA_ARI,SEA,00-0040739,0,0,0,1,0,3
2025,4,2025_04_TEN_HOU,HOU,00-0034383,0,0,0,0,0,6
2025,4,2025_04_TEN_HOU,HOU,00-0034775,0,0,0,0,0,4
2025,4,2025_04_TEN_HOU,HOU,00-0034791,0,0,13,0,0,2
2025,4,2025_04_TEN_HOU,HOU,00-0036554,0,0,0,0,0,6
2025,4,2025_04_TEN_HOU,HOU,00-0038618,0,0,0,0,0,3
2025,4,2025_04_TEN_HOU,HOU,00-0039163,4,0,0,0,0,0
2025,4,2025_04_TEN_HOU,HOU,00-0040130,0,0,0,0,0,1
2025,4,2025_04_TEN_HOU,HOU,00-0040138,0,0,1,0,0,1
2025,4,2025_04_TEN_HOU,HOU,00-0040583,0,0,17,0,1,4
2025,4,2025_04_TEN_HOU,TEN,00-0032211,0,0,0,0,0,4
2025,4,2025_04_TEN_HOU,TEN,00-0034837,0,0,0,0,0,3
2025,4,2025_04_TEN_HOU,TEN,00-0035261,0,0,14,0,0,3
2025,4,2025_04_TEN_HOU,TEN,00-0036415,0,0,0,0,0,1
2025,4,2025_04_TEN_HOU,TEN,00-0037594,0,0,1,0,0,1
2025,4,2025_04_TEN_HOU,TEN,00-0037809,0,0,0,0,0,3
2025,4,2025_04_TEN_HOU,TEN,00-0040170,0,0,0,0,0,7
2025,4,2025_04_TEN_HOU,TEN,00-0040584,0,0,0,0,0,1
2025,4,2025_04_TEN_HOU,TEN,00-0040676,2,0,0,0,0,0
2025,4,2025_04_TEN_HOU,TEN,00-0040705,0,0,1,0,0,0
2025,4,2025_04_WAS_ATL,ATL,00-0034407,0,0,0,0,0,2
2025,4,2025_04_WAS_ATL,ATL,00-0036309,0,0,0,0,0,1
2025,4,2025_04_WAS_ATL,ATL,00-0036970,0,0,0,0,1,4
2025,4,2025_04_WAS_ATL,ATL,00-0037238,0,0,0,1,0,9
2025,4,2025_04_WAS_ATL,ATL,00-0037263,0,1,15,0,0,0
2025,4,2025_04_WAS_ATL,ATL,00-0038542,0,0,17,0,2,3
2025,4,2025_04_WAS_ATL,ATL,00-0039394,0,0,0,0,0,3
2025,4,2025_04_WAS_ATL,ATL,00-0039917,1,0,0,0,0,0
2025,4,2025_04_WAS_ATL,WAS,00-0030061,0,0,0,0,1,3
2025,4,2025_04_WAS_ATL,WAS,00-0032268,2,0,0,0,0,0
2025,4,2025_04_WAS_ATL,WAS,00-0032398,0,0,1,0,0,3
2025,4,2025_04_WAS_ATL,WAS,00-0033955,0,0,2,0,0,2
2025,4,2025_04_WAS_ATL,WAS,00-0035719,0,0,3,0,1,5
2025,4,2025_04_WAS_ATL,WAS,00-0037524,0,0,0,0,0,1
2025,4,2025_04_WAS_ATL,WAS,00-0038611,0,0,7,0,0,0
2025,4,2025_04_WAS_ATL,WAS,00-0039355,0,0,0,1,0,2
2025,4,2025_04_WAS_ATL,WAS,00-0040164,0,0,0,0,0,3
2025,4,2025_04_WAS_ATL,WAS,00-0040242,0,0,7,0,0,2
2025,5,2025_05_DAL_NYJ,DAL,00-0033077,4,0,0,0,0,0
2025,5,2025_05_DAL_NYJ,DAL,00-0036997,0,1,15,0,1,1
2025,5,2025_05_DAL_NYJ,DAL,00-0037247,0,0,0,1,0,3
2025,5,2025_05_DAL_NYJ,DAL,00-0037666,0,0,0,0,0,1
2025,5,2025_05_DAL_NYJ,DAL,00-0038041,0,0,0,2,0,7
2025,5,2025_05_DAL_NYJ,DAL,00-0038547,0,0,0,0,0,2
2025,5,2025_05_DAL_NYJ,DAL,00-0038738,0,0,0,0,0,1
2025,5,2025_05_DAL_NYJ,DAL,00-0039410,0,0,2,0,0,9
2025,5,2025_05_DAL_NYJ,DAL,00-0040586,0,0,4,0,0,0
2025,5,2025_05_DAL_NYJ,NYJ,00-0033943,0,0,0,0,1,3
2025,5,2025_05_DAL_NYJ,NYJ,00-0034521,0,0,0,0,1,1
2025,5,2025_05_DAL_NYJ,NYJ,00-0034959,0,0,0,1,0,1
2025,5,2025_05_DAL_NYJ,NYJ,00-0036945,6,0,0,0,0,0
2025,5,2025_05_DAL_NYJ,NYJ,00-0037740,0,0,0,0,2,8
2025,5,2025_05_DAL_NYJ,NYJ,00-0037805,0,0,0,0,0,4
2025,5,2025_05_DAL_NYJ,NYJ,00-0038120,0,1,13,0,2,3
2025,5,2025_05_DAL_NYJ,NYJ,00-0039798,0,0,1,0,0,4
2025,5,2025_05_DAL_NYJ,NYJ,00-0040582,0,0,0,0,0,1
2025,5,2025_05_DAL_NYJ,NYJ,00-0040736,0,0,0,0,2,10
2025,5,2025_05_DEN_PHI,DEN,00-0033881,0,0,0,0,1,5
2025,5,2025_05_DEN_PHI,DEN,00-0034348,0,0,0,0,0,10
2025,5,2025_05_DEN_PHI,DEN,00-0034487,0,0,0,0,0,2
2025,5,2025_05_DEN_PHI,DEN,00-0036158,0,1,19,0,0,1
2025,5,2025_05_DEN_PHI,DEN,00-0036422,0,0,0,0,0,1
2025,5,2025_05_DEN_PHI,DEN,00-0036727,0,0,1,0,0,0
2025,5,2025_05_DEN_PHI,DEN,00-0037085,0,0,0,0,0,2
2025,5,2025_05_DEN_PHI,DEN,00-0038783,0,0,0,0,0,1
2025,5,2025_05_DEN_PHI,DEN,00-0038976,0,0,1,0,0,5
2025,5,2025_05_DEN_PHI,DEN,00-0039732,3,0,0,0,0,0
2025,5,2025_05_DEN_PHI,DEN,00-0039868,0,0,0,0,1,4
2025,5,2025_05_DEN_PHI,DEN,00-0040730,0,0,4,0,0,3
2025,5,2025_05_DEN_PHI,PHI,00-0034351,0,0,0,1,0,8
2025,5,2025_05_DEN_PHI,PHI,00-0034844,0,0,6,0,0,3
2025,5,2025_05_DEN_PHI,PHI,00-0035676,0,0,0,0,0,8
2025,5,2025_05_DEN_PHI,PHI,00-0036265,0,0,2,0,0,0
2025,5,2025_05_DEN_PHI,PHI,00-0036389,1,0,0,0,0,0
2025,5,2025_05_DEN_PHI,PHI,00-0036912,0,0,0,1,0,9
2025,5,2025_05_DEN_PHI,PHI,00-0037086,0,0,0,0,0,2
2025,5,2025_05_DEN_PHI,PHI,00-0037741,0,0,0,0,0,3
2025,5,2025_05_DEN_PHI,PHI,00-0039746,0,0,1,0,0,2
2025,5,2025_05_DET_CIN,CIN,00-0033526,0,0,4,0,1,1
2025,5,2025_05_DET_CIN,CIN,00-0034829,0,0,0,0,0,5
2025,5,2025_05_DET_CIN,CIN,00-0035100,4,0,0,0,0,0
2025,5,2025_05_DET_CIN,CIN,00-0035631,0,0,0,0,0,1
2025,5,2025_05_DET_CIN,CIN,00-0036410,0,0,0,1,0,6
2025,5,2025_05_DET_CIN,CIN,00-0036900,0,0,0,1,0,9
2025,5,2025_05_DET_CIN,CIN,00-0038597,0,0,8,0,0,8
2025,5,2025_05_DET_CIN,CIN,00-0038619,0,0,0,1,0,6
2025,5,2025_05_DET_CIN,DET,00-0035685,0,2,16,0,0,1
2025,5,2025_05_DET_CIN,DET,00-0036754,0,0,0,1,0,2
2025,5,2025_05_DET_CIN,DET,00-0036963,0,0,0,0,0,9
2025,5,2025_05_DET_CIN,DET,00-0037240,0,0,1,0,0,1
2025,5,2025_05_DET_CIN,DET,00-0039065,0,0,0,0,1,5
2025,5,2025_05_DET_CIN,DET,00-0039139,0,0,12,0,1,1
2025,5,2025_05_DET_CIN,DET,00-0040669,0,0,0,1,0,0
2025,5,2025_05_HOU_BAL,BAL,00-0030564,0,0,0,0,0,2
2025,5,2025_05_HOU_BAL,BAL,00-0032764,0,2,13,0,0,1
2025,5,2025_05_HOU_BAL,BAL,00-0034753,0,0,0,0,0,3
2025,5,2025_05_HOU_BAL,BAL,00-0034975,0,0,1,0,0,2
2025,5,2025_05_HOU_BAL,BAL,00-0036550,0,0,0,0,0,3
2025,5,2025_05_HOU_BAL,BAL,00-0037340,0,0,0,0,0,1
2025,5,2025_05_HOU_BAL,BAL,00-0037838,0,0,0,0,0,1
2025,5,2025_05_HOU_BAL,BAL,00-0038046,0,0,0,0,0,1
2025,5,2025_05_HOU_BAL,BAL,00-0038454,0,0,3,0,0,1
2025,5,2025_05_HOU_BAL,BAL,00-0039064,0,0,0,0,1,4
2025,5,2025_05_HOU_BAL,HOU,00-0034383,0,0,0,0,2,4
2025,5,2025_05_HOU_BAL,HOU,00-0034775,0,0,0,0,0,4
2025,5,2025_05_HOU_BAL,HOU,00-0034791,0,2,9,0,0,1
2025,5,2025_05_HOU_BAL,HOU,00-0036232,0,0,0,0,0,2
2025,5,2025_05_HOU_BAL,HOU,00-0036554,0,0,1,1,1,3
2025,5,2025_05_HOU_BAL,HOU,00-0036898,1,0,0,0,0,0
2025,5,2025_05_HOU_BAL,HOU,00-0037258,0,0,7,0,0,0
2025,5,2025_05_HOU_BAL,HOU,00-0038618,0,0,0,1,2,0
2025,5,2025_05_HOU_BAL,HOU,00-0039163,1,0,0,0,0,0
2025,5,2025_05_HOU_BAL,HOU,00-0039458,0,0,0,0,0,2
2025,5,2025_05_HOU_BAL,HOU,00-0039603,0,0,2,0,0,0
2025,5,2025_05_HOU_BAL,HOU,00-0040130,0,0,0,0,0,4
2025,5,2025_05_HOU_BAL,HOU,00-0040138,0,0,1,0,1,2
2025,5,2025_05_HOU_BAL,HOU,00-0040583,0,1,6,0,0,1
2025,5,2025_05_KC_JAX,JAX,00-0033246,0,0,0,0,0,1
2025,5,2025_05_KC_JAX,JAX,00-0033375,0,0,0,0,0,1
2025,5,2025_05_KC_JAX,JAX,00-0036626,0,0,0,0,2,2
2025,5,2025_05_KC_JAX,JAX,00-0036971,10,0,0,0,0,0
2025,5,2025_05_KC_JAX,JAX,00-0036973,0,0,12,0,1,3
2025,5,2025_05_KC_JAX,JAX,00-0037004,0,0,0,0,0,1
2025,5,2025_05_KC_JAX,JAX,00-0038606,0,0,0,1,0,2
2025,5,2025_05_KC_JAX,JAX,00-0038935,0,0,0,0,0,1
2025,5,2025_05_KC_JAX,JAX,00-0039893,0,0,0,1,0,5
2025,5,2025_05_KC_JAX,JAX,00-0040718,0,0,0,0,0,3
2025,5,2025_05_KC_JAX,JAX,00-0040719,0,0,4,0,0,1
2025,5,2025_05_KC_JAX,KC,00-0030506,0,0,0,0,2,6
2025,5,2025_05_KC_JAX,KC,00-0033857,0,0,0,0,1,2
2025,5,2025_05_KC_JAX,KC,00-0033873,6,0,0,0,0,0
2025,5,2025_05_KC_JAX,KC,00-0033923,0,4,3,0,0,1
2025,5,2025_05_KC_JAX,KC,00-0035662,0,0,0,0,1,7
2025,5,2025_05_KC_JAX,KC,00-0037197,0,0,7,0,0,3
2025,5,2025_05_KC_JAX,KC,00-0038104,0,0,0,1,0,4
2025,5,2025_05_KC_JAX,KC,00-0039894,0,0,1,1,0,8
2025,5,2025_05_KC_JAX,KC,00-0040078,0,0,1,0,0,3
2025,5,2025_05_LV_IND,IND,00-0032104,0,1,1,0,0,0
2025,5,2025_05_LV_IND,IND,00-0035021,0,0,0,0,0,5
2025,5,2025_05_LV_IND,IND,00-0035710,1,0,0,0,0,0
2025,5,2025_05_LV_IND,IND,00-0036223,0,4,13,0,1,3
2025,5,2025_05_LV_IND,IND,00-0036252,0,0,0,1,2,3
2025,5,2025_05_LV_IND,IND,00-0037757,0,0,0,1,0,0
2025,5,2025_05_LV_IND,IND,00-0038997,0,0,0,0,0,8
2025,5,2025_05_LV_IND,IND,00-0039164,0,0,0,0,0,1
2025,5,2025_05_LV_IND,IND,00-0039890,0,0,0,0,0,1
2025,5,2025_05_LV_IND,IND,00-0040128,0,0,0,0,1,3
2025,5,2025_05_LV_IND,IND,00-0040179,0,0,5,0,0,1
2025,5,2025_05_LV_IND,LV,00-0030565,3,0,0,0,0,0
2025,5,2025_05_LV_IND,LV,00-0031687,0,0,7,0,0,0
2025,5,2025_05_LV_IND,LV,00-0034365,0,0,0,0,0,3
2025,5,2025_05_LV_IND,LV,00-0034960,0,0,0,2,0,4
2025,5,2025_05_LV_IND,LV,00-0035602,0,0,0,0,0,1
2025,5,2025_05_LV_IND,LV,00-0036423,0,0,0,1,0,5
2025,5,2025_05_LV_IND,LV,00-0038563,0,0,1,0,1,5
2025,5,2025_05_LV_IND,LV,00-0040122,0,0,14,0,2,5
2025,5,2025_05_LV_IND,LV,00-0040581,0,0,0,0,0,2
2025,5,2025_05_LV_IND,LV,00-0040729,0,0,0,0,1,4
2025,5,2025_05_MIA_CAR,CAR,00-0034983,0,0,0,0,0,3
2025,5,2025_05_MIA_CAR,CAR,00-0036139,0,1,22,0,0,4
2025,5,2025_05_MIA_CAR,CAR,00-0037005,0,0,0,0,0,2
2025,5,2025_05_MIA_CAR,CAR,00-0037282,0,0,0,0,0,1
2025,5,2025_05_MIA_CAR,CAR,00-0038840,0,0,0,0,0,1
2025,5,2025_05_MIA_CAR,CAR,00-0039150,1,0,0,0,0,0
2025,5,2025_05_MIA_CAR,CAR,00-0039342,0,0,0,1,0,2
2025,5,2025_05_MIA_CAR,CAR,00-0040124,0,0,0,0,2,6
2025,5,2025_05_MIA_CAR,CAR,00-0040187,0,0,0,0,1,0
2025,5,2025_05_MIA_CAR,CAR,00-0040218,0,0,2,0,1,2
2025,5,2025_05_MIA_CAR,CAR,00-0040644,0,0,4,0,0,1
2025,5,2025_05_MIA_CAR,MIA,00-0031610,0,0,0,1,0,4
2025,5,2025_05_MIA_CAR,MIA,00-0035125,0,0,0,0,0,1
2025,5,2025_05_MIA_CAR,MIA,00-0036212,1,0,0,0,0,0
2025,5,2025_05_MIA_CAR,MIA,00-0036613,0,0,0,0,2,7
2025,5,2025_05_MIA_CAR,MIA,00-0037348,0,0,0,0,0,2
2025,5,2025_05_MIA_CAR,MIA,00-0038720,0,0,0,1,0,4
2025,5,2025_05_MIA_CAR,MIA,00-0039040,0,1,9,1,0,6
2025,5,2025_05_MIA_CAR,MIA,00-0039880,0,0,0,0,2,3
2025,5,2025_05_MIA_CAR,MIA,00-0040198,0,0,3,0,0,0
2025,5,2025_05_MIN_CLE,CLE,00-0033885,0,0,0,2,1,6
2025,5,2025_05_MIN_CLE,CLE,00-0036407,0,0,0,0,1,4
2025,5,2025_05_MIN_CLE,CLE,00-0037267,0,1,4,0,0,2
2025,5,2025_05_MIN_CLE,CLE,00-0039379,0,0,0,0,0,1
2025,5,2025_05_MIN_CLE,CLE,00-0039920,0,0,1,0,0,0
2025,5,2025_05_MIN_CLE,CLE,00-0040162,0,0,1,0,0,2
2025,5,2025_05_MIN_CLE,CLE,00-0040663,0,0,0,1,0,3
2025,5,2025_05_MIN_CLE,CLE,00-0040704,2,0,0,0,0,0
2025,5,2025_05_MIN_CLE,CLE,00-0040782,0,0,0,2,0,5
2025,5,2025_05_MIN_CLE,CLE,00-0040784,0,0,23,0,0,2
2025,5,2025_05_MIN_CLE,MIN,00-0032950,3,0,0,0,0,0
2025,5,2025_05_MIN_CLE,MIN,00-0035229,0,0,0,0,0,6
2025,5,2025_05_MIN_CLE,MIN,00-0035249,0,0,0,0,1,2
2025,5,2025_05_MIN_CLE,MIN,00-0036322,0,0,0,1,0,10
2025,5,2025_05_MIN_CLE,MIN,00-0037291,0,0,1,0,0,4
2025,5,2025_05_MIN_CLE,MIN,00-0037525,0,1,12,0,0,4
2025,5,2025_05_MIN_CLE,MIN,00-0038440,0,0,5,0,0,0
2025,5,2025_05_MIN_CLE,MIN,00-0038994,0,0,0,1,1,4
2025,5,2025_05_NE_BUF,BUF,00-0033282,0,0,0,0,1,1
2025,5,2025_05_NE_BUF,BUF,00-0034857,9,0,0,0,0,0
2025,5,2025_05_NE_BUF,BUF,00-0035537,0,0,2,0,0,0
2025,5,2025_05_NE_BUF,BUF,00-0035689,0,0,0,0,0,2
2025,5,2025_05_NE_BUF,BUF,00-0036988,0,0,0,0,0,2
2025,5,2025_05_NE_BUF,BUF,00-0037248,0,0,15,0,0,1
2025,5,2025_05_NE_BUF,BUF,00-0037261,0,0,1,0,3,6
2025,5,2025_05_NE_BUF,BUF,00-0038679,0,0,0,0,0,1
2025,5,2025_05_NE_BUF,BUF,00-0038933,0,0,0,0,0,6
2025,5,2025_05_NE_BUF,BUF,00-0039875,0,0,2,0,0,0
2025,5,2025_05_NE_BUF,BUF,00-0039901,0,0,0,1,0,6
2025,5,2025_05_NE_BUF,NE,00-0031588,0,0,0,1,0,11
2025,5,2025_05_NE_BUF,NE,00-0033090,0,0,0,1,0,3
2025,5,2025_05_NE_BUF,NE,00-0036328,0,0,6,0,0,1
2025,5,2025_05_NE_BUF,NE,00-0036875,0,1,6,0,0,2
2025,5,2025_05_NE_BUF,NE,00-0038608,0,0,0,0,0,3
2025,5,2025_05_NE_BUF,NE,00-0038621,0,0,0,1,0,2
2025,5,2025_05_NE_BUF,NE,00-0039851,3,0,0,0,0,0
2025,5,2025_05_NE_BUF,NE,00-0040734,0,0,6,0,0,3
2025,5,2025_05_NYG_NO,NO,00-0031236,0,0,0,0,0,1
2025,5,2025_05_NYG_NO,NO,00-0033357,0,0,6,0,0,0
2025,5,2025_05_NYG_NO,NO,00-0033906,0,0,8,0,3,3
2025,5,2025_05_NYG_NO,NO,00-0036040,0,0,0,1,0,3
2025,5,2025_05_NYG_NO,NO,00-0037239,0,0,0,0,1,10
2025,5,2025_05_NYG_NO,NO,00-0037545,0,0,0,0,0,5
2025,5,2025_05_NYG_NO,NO,00-0038551,0,0,10,0,0,1
2025,5,2025_05_NYG_NO,NO,00-0039376,5,0,0,0,0,1
2025,5,2025_05_NYG_NO,NO,00-0039424,0,0,0,0,0,2
2025,5,2025_05_NYG_NO,NYG,00-0035250,0,0,6,0,0,2
2025,5,2025_05_NYG_NO,NYG,00-0035535,0,0,0,0,0,6
2025,5,2025_05_NYG_NO,NYG,00-0038115,0,0,0,0,1,3
2025,5,2025_05_NYG_NO,NYG,00-0038117,0,0,1,0,1,6
2025,5,2025_05_NYG_NO,NYG,00-0038938,0,0,0,0,0,3
2025,5,2025_05_NYG_NO,NYG,00-0039847,0,0,0,3,1,3
2025,5,2025_05_NYG_NO,NYG,00-0040432,0,0,0,0,0,3
2025,5,2025_05_NYG_NO,NYG,00-0040691,7,0,0,0,0,0
2025,5,2025_05_NYG_NO,NYG,00-0040715,0,0,15,0,1,6
2025,5,2025_05_SF_LA,LA,00-0026498,1,0,0,0,0,0
2025,5,2025_05_SF_LA,LA,00-0031381,0,0,0,0,0,11
2025,5,2025_05_SF_LA,LA,00-0036244,0,0,0,1,0,0
2025,5,2025_05_SF_LA,LA,00-0036849,0,0,0,1,0,3
2025,5,2025_05_SF_LA,LA,00-0037840,0,1,13,0,4,6
2025,5,2025_05_SF_LA,LA,00-0039074,0,0,0,0,0,2
2025,5,2025_05_SF_LA,LA,00-0039075,0,0,0,1,1,10
2025,5,2025_05_SF_LA,LA,00-0039738,0,0,1,0,1,1
2025,5,2025_05_SF_LA,LA,00-0039751,0,0,0,0,0,3
2025,5,2025_05_SF_LA,LA,00-0040737,0,0,0,0,0,1
2025,5,2025_05_SF_LA,SF,00-0029892,0,1,0,0,0,4
2025,5,2025_05_SF_LA,SF,00-0032775,0,0,0,1,0,6
2025,5,2025_05_SF_LA,SF,00-0033280,0,1,21,1,0,8
2025,5,2025_05_SF_LA,SF,00-0033307,0,0,0,0,1,10
2025,5,2025_05_SF_LA,SF,00-0034272,0,0,0,0,0,3
2025,5,2025_05_SF_LA,SF,00-0034867,0,0,0,0,0,1
2025,5,2025_05_SF_LA,SF,00-0036887,0,0,0,0,0,2
2025,5,2025_05_SF_LA,SF,00-0036972,4,0,0,0,0,0
2025,5,2025_05_SF_LA,SF,00-0037112,0,0,0,1,1,9
2025,5,2025_05_SF_LA,SF,00-0037746,0,0,5,0,0,0
2025,5,2025_05_SF_LA,SF,00-0038090,0,0,1,0,0,0
2025,5,2025_05_TB_SEA,SEA,00-0033908,0,0,0,0,0,9
2025,5,2025_05_TB_SEA,SEA,00-0037093,0,0,0,0,0,1
2025,5,2025_05_TB_SEA,SEA,00-0038134,0,1,9,0,0,1
2025,5,2025_05_TB_SEA,SEA,00-0038543,0,0,0,1,0,8
2025,5,2025_05_TB_SEA,SEA,00-0039165,0,1,8,0,0,2
2025,5,2025_05_TB_SEA,SEA,00-0039793,0,0,0,1,2,4
2025,5,2025_05_TB_SEA,SEA,00-0040648,0,0,0,1,0,3
2025,5,2025_05_TB_SEA,SEA,00-0040673,1,0,0,0,0,0
2025,5,2025_05_TB_SEA,SEA,00-0040739,0,0,0,0,0,1
2025,5,2025_05_TB_SEA,TB,00-0032385,0,0,1,1,0,4
2025,5,2025_05_TB_SEA,TB,00-0033921,0,0,0,0,1,3
2025,5,2025_05_TB_SEA,TB,00-0034855,4,0,0,0,0,0
2025,5,2025_05_TB_SEA,TB,00-0037256,0,2,12,0,1,3
2025,5,2025_05_TB_SEA,TB,00-0038129,0,0,0,0,0,5
2025,5,2025_05_TB_SEA,TB,00-0038951,0,0,3,0,1,2
2025,5,2025_05_TB_SEA,TB,00-0039589,0,0,1,0,0,0
2025,5,2025_05_TB_SEA,TB,00-0040129,0,0,0,1,1,5
2025,5,2025_05_TB_SEA,TB,00-0040237,0,0,0,0,0,4
2025,5,2025_05_TEN_ARI,ARI,00-0033891,0,0,0,0,0,3
2025,5,2025_05_TEN_ARI,ARI,00-0035228,4,0,0,0,0,0
2025,5,2025_05_TEN_ARI,ARI,00-0035500,0,0,0,0,1,1
2025,5,2025_05_TEN_ARI,ARI,00-0036924,0,1,17,0,0,5
2025,5,2025_05_TEN_ARI,ARI,00-0037157,0,1,3,0,0,1
2025,5,2025_05_TEN_ARI,ARI,00-0037744,0,0,0,1,0,6
2025,5,2025_05_TEN_ARI,ARI,00-0038559,0,0,0,0,0,4
2025,5,2025_05_TEN_ARI,ARI,00-0038705,0,0,3,0,0,0
2025,5,2025_05_TEN_ARI,ARI,00-0039041,0,0,0,0,0,2
2025,5,2025_05_TEN_ARI,ARI,00-0039737,0,0,0,0,0,1
2025,5,2025_05_TEN_ARI,ARI,00-0039849,0,0,0,0,0,5
2025,5,2025_05_TEN_ARI,TEN,00-0032211,0,0,0,0,0,4
2025,5,2025_05_TEN_ARI,TEN,00-0034837,0,0,0,0,1,9
2025,5,2025_05_TEN_ARI,TEN,00-0035261,0,1,13,0,0,3
2025,5,2025_05_TEN_ARI,TEN,00-0037594,0,0,1,0,0,1
2025,5,2025_05_TEN_ARI,TEN,00-0037809,0,0,0,0,0,5
2025,5,2025_05_TEN_ARI,TEN,00-0039032,0,0,4,0,0,0
2025,5,2025_05_TEN_ARI,TEN,00-0040170,0,0,0,0,0,4
2025,5,2025_05_TEN_ARI,TEN,00-0040584,0,0,0,0,1,4
2025,5,2025_05_TEN_ARI,TEN,00-0040676,1,0,0,0,0,0
2025,5,2025_05_TEN_ARI,TEN,00-0040705,0,0,0,0,0,5
2025,5,2025_05_WAS_LAC,LAC,00-0030279,0,0,0,1,1,7
2025,5,2025_05_WAS_LAC,LAC,00-0034270,0,0,0,0,0,3
2025,5,2025_05_WAS_LAC,LAC,00-0036355,3,0,0,0,0,0
2025,5,2025_05_WAS_LAC,LAC,00-0037012,1,0,0,0,0,0
2025,5,2025_05_WAS_LAC,LAC,00-0037617,0,0,5,0,0,1
2025,5,2025_05_WAS_LAC,LAC,00-0038544,0,0,1,0,0,4
2025,5,2025_05_WAS_LAC,LAC,00-0039391,0,1,3,0,0,1
2025,5,2025_05_WAS_LAC,LAC,00-0039915,0,0,0,2,0,5
2025,5,2025_05_WAS_LAC,LAC,00-0040189,0,0,0,0,0,1
2025,5,2025_05_WAS_LAC,LAC,00-0040666,0,0,12,0,0,6
2025,5,2025_05_WAS_LAC,WAS,00-0030061,0,0,0,0,0,1
2025,5,2025_05_WAS_LAC,WAS,00-0032398,0,0,0,1,0,0
2025,5,2025_05_WAS_LAC,WAS,00-0033955,0,0,1,0,0,2
2025,5,2025_05_WAS_LAC,WAS,00-0035719,0,0,0,1,1,9
2025,5,2025_05_WAS_LAC,WAS,00-0036628,0,0,0,0,0,1
2025,5,2025_05_WAS_LAC,WAS,00-0037524,0,0,0,0,0,1
2025,5,2025_05_WAS_LAC,WAS,00-0038611,0,0,5,0,0,0
2025,5,2025_05_WAS_LAC,WAS,00-0039355,0,0,0,1,0,1
2025,5,2025_05_WAS_LAC,WAS,00-0039910,8,0,0,0,0,0
2025,5,2025_05_WAS_LAC,WAS,00-0040164,0,0,0,0,0,2
2025,5,2025_05_WAS_LAC,WAS,00-0040242,0,1,13,0,1,1
2025,6,2025_06_ARI_IND,ARI,00-0033119,3,0,0,0,0,0
2025,6,2025_06_ARI_IND,ARI,00-0033891,0,0,0,0,1,7
2025,6,2025_06_ARI_IND,ARI,00-0035500,0,0,0,0,2,1
2025,6,2025_06_ARI_IND,ARI,00-0036924,0,0,9,0,1,4
2025,6,2025_06_ARI_IND,ARI,00-0037157,0,2,9,0,0,2
2025,6,2025_06_ARI_IND,ARI,00-0037744,0,0,0,3,2,6
2025,6,2025_06_ARI_IND,ARI,00-0038559,0,0,0,0,1,4
2025,6,2025_06_ARI_IND,ARI,00-0038705,0,0,1,0,0,1
2025,6,2025_06_ARI_IND,ARI,00-0039041,0,0,0,0,0,2
2025,6,2025_06_ARI_IND,ARI,00-0039849,0,0,0,0,0,2
2025,6,2025_06_ARI_IND,IND,00-0032104,0,0,1,0,0,1
2025,6,2025_06_ARI_IND,IND,00-0033217,0,0,0,0,0,2
2025,6,2025_06_ARI_IND,IND,00-0035710,3,0,0,0,0,0
2025,6,2025_06_ARI_IND,IND,00-0036223,0,3,18,0,0,4
2025,6,2025_06_ARI_IND,IND,00-0036252,0,0,0,0,0,3
2025,6,2025_06_ARI_IND,IND,00-0037664,0,0,0,0,0,4
2025,6,2025_06_ARI_IND,IND,00-0038997,0,0,0,1,3,3
2025,6,2025_06_ARI_IND,IND,00-0040128,0,0,0,0,3,6
2025,6,2025_06_BUF_ATL,ATL,00-0036825,0,0,1,0,0,0
2025,6,2025_06_BUF_ATL,ATL,00-0036970,0,0,0,0,2,2
2025,6,2025_06_BUF_ATL,ATL,00-0037238,0,0,0,0,2,14
2025,6,2025_06_BUF_ATL,ATL,00-0037263,0,0,10,0,0,1
2025,6,2025_06_BUF_ATL,ATL,00-0038542,0,0,19,0,1,7
2025,6,2025_06_BUF_ATL,ATL,00-0039394,0,0,0,0,0,2
2025,6,2025_06_BUF_ATL,ATL,00-0039917,1,0,0,0,0,0
2025,6,2025_06_BUF_ATL,BUF,00-0034857,6,0,0,0,0,0
2025,6,2025_06_BUF_ATL,BUF,00-0035537,0,0,1,0,0,2
2025,6,2025_06_BUF_ATL,BUF,00-0035689,0,0,0,1,0,1
2025,6,2025_06_BUF_ATL,BUF,00-0036980,0,0,0,0,0,2
2025,6,2025_06_BUF_ATL,BUF,00-0036988,0,0,0,0,0,2
2025,6,2025_06_BUF_ATL,BUF,00-0037248,0,0,17,0,0,0
2025,6,2025_06_BUF_ATL,BUF,00-0037261,0,0,0,0,0,5
2025,6,2025_06_BUF_ATL,BUF,00-0038679,0,0,0,0,0,5
2025,6,2025_06_BUF_ATL,BUF,00-0039875,0,0,0,0,1,1
2025,6,2025_06_BUF_ATL,BUF,00-0039901,0,0,0,0,1,5
2025,6,2025_06_CHI_WAS,CHI,00-0034827,0,0,2,0,0,5
2025,6,2025_06_CHI_WAS,CHI,00-0035208,0,0,1,0,0,6
2025,6,2025_06_CHI_WAS,CHI,00-0036275,0,0,14,0,0,3
2025,6,2025_06_CHI_WAS,CHI,00-0036290,0,0,0,0,0,2
2025,6,2025_06_CHI_WAS,CHI,00-0039021,0,0,1,0,0,0
2025,6,2025_06_CHI_WAS,CHI,00-0039918,3,0,0,0,0,0
2025,6,2025_06_CHI_WAS,CHI,00-0039919,0,0,0,0,0,5
2025,6,2025_06_CHI_WAS,CHI,00-0040126,0,0,0,0,1,2
2025,6,2025_06_CHI_WAS,CHI,00-0040236,0,0,5,0,0,1
2025,6,2025_06_CHI_WAS,CHI,00-0040735,0,0,0,0,0,4
2025,6,2025_06_CHI_WAS,WAS,00-0030061,0,0,0,1,0,5
2025,6,2025_06_CHI_WAS,WAS,00-0032398,0,0,0,0,0,5
2025,6,2025_06_CHI_WAS,WAS,00-0033955,0,0,2,0,0,4
2025,6,2025_06_CHI_WAS,WAS,00-0035719,0,0,1,0,0,5
2025,6,2025_06_CHI_WAS,WAS,00-0039355,0,0,0,0,0,1
2025,6,2025_06_CHI_WAS,WAS,00-0039910,9,0,0,0,0,0
2025,6,2025_06_CHI_WAS,WAS,00-0040164,0,0,1,0,0,2
2025,6,2025_06_CHI_WAS,WAS,00-0040242,0,0,17,0,0,1
2025,6,2025_06_CIN_GB,CIN,00-0033526,0,0,6,0,0,3
2025,6,2025_06_CIN_GB,CIN,00-0034613,0,0,0,1,1,3
2025,6,2025_06_CIN_GB,CIN,00-0035631,0,0,0,0,0,2
2025,6,2025_06_CIN_GB,CIN,00-0035644,0,0,0,0,0,4
2025,6,2025_06_CIN_GB,CIN,00-0036410,0,0,0,0,1,7
2025,6,2025_06_CIN_GB,CIN,00-0036900,0,0,1,0,2,10
2025,6,2025_06_CIN_GB,CIN,00-0038597,0,1,8,0,0,2
2025,6,2025_06_CIN_GB,CIN,00-0038619,0,0,0,0,1,3
2025,6,2025_06_CIN_GB,GB,00-0035700,0,1,17,0,0,5
2025,6,2025_06_CIN_GB,GB,00-0036264,6,0,0,0,0,0
2025,6,2025_06_CIN_GB,GB,00-0037091,0,0,1,0,0,0
2025,6,2025_06_CIN_GB,GB,00-0037816,0,0,0,0,1,8
2025,6,2025_06_CIN_GB,GB,00-0038393,0,0,0,0,0,2
2025,6,2025_06_CIN_GB,GB,00-0038685,0,0,1,0,0,0
2025,6,2025_06_CIN_GB,GB,00-0038797,0,0,3,0,0,1
2025,6,2025_06_CIN_GB,GB,00-0038996,0,0,0,0,1,1
2025,6,2025_06_CIN_GB,GB,00-0039144,0,0,0,0,0,2
2025,6,2025_06_CIN_GB,GB,00-0040009,0,0,1,0,0,0
2025,6,2025_06_CIN_GB,GB,00-0040667,0,0,2,0,0,5
2025,6,2025_06_CLE_PIT,CLE,00-0033885,0,0,0,0,2,4
2025,6,2025_06_CLE_PIT,CLE,00-0036407,0,0,0,0,3,10
2025,6,2025_06_CLE_PIT,CLE,00-0037267,0,0,2,0,1,5
2025,6,2025_06_CLE_PIT,CLE,00-0038710,0,0,0,0,0,1
2025,6,2025_06_CLE_PIT,CLE,00-0039379,0,0,0,0,1,2
2025,6,2025_06_CLE_PIT,CLE,00-0040162,0,0,3,0,0,2
2025,6,2025_06_CLE_PIT,CLE,00-0040259,0,0,0,0,0,4
2025,6,2025_06_CLE_PIT,CLE,00-0040663,0,0,0,0,1,9
2025,6,2025_06_CLE_PIT,CLE,00-0040782,0,0,0,0,1,4
2025,6,2025_06_CLE_PIT,CLE,00-0040784,0,0,12,0,0,1
2025,6,2025_06_CLE_PIT,PIT,00-0023459,1,0,0,0,0,0
2025,6,2025_06_CLE_PIT,PIT,00-0033858,0,0,1,0,0,4
2025,6,2025_06_CLE_PIT,PIT,00-0035640,0,0,0,0,0,9
2025,6,2025_06_CLE_PIT,PIT,00-0036894,0,0,0,0,0,1
2025,6,2025_06_CLE_PIT,PIT,00-0036919,0,0,6,0,0,6
2025,6,2025_06_CLE_PIT,PIT,00-0037228,0,0,11,0,0,2
2025,6,2025_06_CLE_PIT,PIT,00-0037304,0,0,0,1,0,0
2025,6,2025_06_CLE_PIT,PIT,00-0038558,0,0,0,0,0,5
2025,6,2025_06_CLE_PIT,PIT,00-0039739,0,0,0,0,0,1
2025,6,2025_06_CLE_PIT,PIT,00-0040142,0,0,6,0,0,0
2025,6,2025_06_DAL_CAR,CAR,00-0034983,0,0,0,0,0,2
2025,6,2025_06_DAL_CAR,CAR,00-0036139,0,0,30,0,1,4
2025,6,2025_06_DAL_CAR,CAR,00-0036425,0,0,1,0,0,0
2025,6,2025_06_DAL_CAR,CAR,00-0037005,0,0,0,0,0,4
2025,6,2025_06_DAL_CAR,CAR,00-0039150,1,0,0,0,0,0
2025,6,2025_06_DAL_CAR,CAR,00-0039342,0,0,0,0,0,2
2025,6,2025_06_DAL_CAR,CAR,00-0040124,0,0,0,2,0,3
2025,6,2025_06_DAL_CAR,CAR,00-0040187,0,0,0,0,0,1
2025,6,2025_06_DAL_CAR,CAR,00-0040218,0,0,1,0,0,2
2025,6,2025_06_DAL_CAR,CAR,00-0040644,0,0,3,0,0,0
2025,6,2025_06_DAL_CAR,DAL,00-0033077,1,0,0,0,0,0
2025,6,2025_06_DAL_CAR,DAL,00-0036997,0,0,13,0,3,5
2025,6,2025_06_DAL_CAR,DAL,00-0037247,0,0,0,1,0,10
2025,6,2025_06_DAL_CAR,DAL,00-0037666,0,0,0,0,0,1
2025,6,2025_06_DAL_CAR,DAL,00-0038041,0,0,0,1,2,0
2025,6,2025_06_DAL_CAR,DAL,00-0038547,0,0,0,1,0,1
2025,6,2025_06_DAL_CAR,DAL,00-0038738,0,0,0,0,1,1
2025,6,2025_06_DAL_CAR,DAL,00-0039410,0,0,1,1,0,5
2025,6,2025_06_DAL_CAR,DAL,00-0039530,0,0,0,0,0,1
2025,6,2025_06_DAL_CAR,DAL,00-0040586,0,0,3,0,0,0
2025,6,2025_06_DEN_NYJ,DEN,00-0033881,0,0,1,0,0,6
2025,6,2025_06_DEN_NYJ,DEN,00-0034348,0,0,0,1,0,2
2025,6,2025_06_DEN_NYJ,DEN,00-0036158,0,0,14,0,0,1
2025,6,2025_06_DEN_NYJ,DEN,00-0036727,0,0,1,0,0,0
2025,6,2025_06_DEN_NYJ,DEN,00-0038783,0,0,0,0,1,1
2025,6,2025_06_DEN_NYJ,DEN,00-0038794,0,0,1,0,0,1
2025,6,2025_06_DEN_NYJ,DEN,00-0038976,0,0,1,0,0,3
2025,6,2025_06_DEN_NYJ,DEN,00-0039732,3,0,0,0,0,0
2025,6,2025_06_DEN_NYJ,DEN,00-0039868,0,0,1,0,0,4
2025,6,2025_06_DEN_NYJ,DEN,00-0040134,0,0,0,0,1,1
2025,6,2025_06_DEN_NYJ,DEN,00-0040730,0,0,2,0,0,4
2025,6,2025_06_DEN_NYJ,NYJ,00-0033943,0,0,0,0,0,3
2025,6,2025_06_DEN_NYJ,NYJ,00-0034959,0,0,0,0,0,1
2025,6,2025_06_DEN_NYJ,NYJ,00-0036427,0,0,0,0,1,0
2025,6,2025_06_DEN_NYJ,NYJ,00-0036945,7,0,0,0,0,0
2025,6,2025_06_DEN_NYJ,NYJ,00-0037740,0,0,0,0,0,8
2025,6,2025_06_DEN_NYJ,NYJ,00-0038120,0,0,22,0,0,0
2025,6,2025_06_DEN_NYJ,NYJ,00-0039798,0,0,2,0,0,1
2025,6,2025_06_DEN_NYJ,NYJ,00-0040582,0,0,0,0,0,1
2025,6,2025_06_DEN_NYJ,NYJ,00-0040736,0,0,0,0,0,1
2025,6,2025_06_DET_KC,DET,00-0033106,1,0,0,0,0,0
2025,6,2025_06_DET_KC,DET,00-0035685,0,0,4,0,0,2
2025,6,2025_06_DET_KC,DET,00-0036963,0,0,1,0,2,8
2025,6,2025_06_DET_KC,DET,00-0037240,0,0,0,0,0,7
2025,6,2025_06_DET_KC,DET,00-0039065,0,0,0,1,0,5
2025,6,2025_06_DET_KC,DET,00-0039139,0,2,15,0,0,2
2025,6,2025_06_DET_KC,KC,00-0030506,0,0,0,0,1,6
2025,6,2025_06_DET_KC,KC,00-0033857,0,0,0,0,0,3
2025,6,2025_06_DET_KC,KC,00-0033873,6,0,0,0,0,0
2025,6,2025_06_DET_KC,KC,00-0033923,0,0,6,0,1,0
2025,6,2025_06_DET_KC,KC,00-0035662,0,0,0,1,1,2
2025,6,2025_06_DET_KC,KC,00-0036637,0,0,0,0,0,2
2025,6,2025_06_DET_KC,KC,00-0037197,0,0,12,0,0,3
2025,6,2025_06_DET_KC,KC,00-0039894,0,0,1,0,2,2
2025,6,2025_06_DET_KC,KC,00-0040078,0,0,0,0,0,4
2025,6,2025_06_LAC_MIA,LAC,00-0030279,0,0,0,1,1,5
2025,6,2025_06_LAC_MIA,LAC,00-0034159,0,0,0,0,0,2
2025,6,2025_06_LAC_MIA,LAC,00-0036355,1,0,0,0,0,0
2025,6,2025_06_LAC_MIA,LAC,00-0037617,0,0,6,0,0,1
2025,6,2025_06_LAC_MIA,LAC,00-0039391,0,0,18,0,2,2
2025,6,2025_06_LAC_MIA,LAC,00-0039915,0,0,0,1,2,6
2025,6,2025_06_LAC_MIA,LAC,00-0040184,0,0,0,0,1,1
2025,6,2025_06_LAC_MIA,LAC,00-0040189,0,0,0,1,2,5
2025,6,2025_06_LAC_MIA,LAC,00-0040727,0,0,0,0,1,4
2025,6,2025_06_LAC_MIA,MIA,00-0031610,0,0,0,1,0,2
2025,6,2025_06_LAC_MIA,MIA,00-0035125,0,0,1,0,0,1
2025,6,2025_06_LAC_MIA,MIA,00-0036182,0,0,0,0,0,1
2025,6,2025_06_LAC_MIA,MIA,00-0036212,1,0,0,0,0,0
2025,6,2025_06_LAC_MIA,MIA,00-0036613,0,0,0,0,0,8
2025,6,2025_06_LAC_MIA,MIA,00-0036620,0,0,0,0,0,1
2025,6,2025_06_LAC_MIA,MIA,00-0037348,0,0,0,0,0,1
2025,6,2025_06_LAC_MIA,MIA,00-0038720,0,0,0,0,1,2
2025,6,2025_06_LAC_MIA,MIA,00-0039040,0,1,15,0,1,5
2025,6,2025_06_LAC_MIA,MIA,00-0039880,0,0,1,0,2,3
2025,6,2025_06_LAC_MIA,MIA,00-0040198,0,0,2,0,0,1
2025,6,2025_06_LA_BAL,BAL,00-0030564,0,0,0,0,0,4
2025,6,2025_06_LA_BAL,BAL,00-0032764,0,2,22,0,0,2
2025,6,2025_06_LA_BAL,BAL,00-0033662,1,0,0,0,0,0
2025,6,2025_06_LA_BAL,BAL,00-0034753,0,2,1,0,0,6
2025,6,2025_06_LA_BAL,BAL,00-0034975,0,0,6,0,0,6
2025,6,2025_06_LA_BAL,BAL,00-0035993,3,0,0,0,0,0
2025,6,2025_06_LA_BAL,BAL,00-0036550,0,0,0,0,0,1
2025,6,2025_06_LA_BAL,BAL,00-0037838,0,0,0,0,0,2
2025,6,2025_06_LA_BAL,BAL,00-0038046,0,0,0,0,0,1
2025,6,2025_06_LA_BAL,BAL,00-0039064,0,0,0,0,1,9
2025,6,2025_06_LA_BAL,LA,00-0026498,2,0,0,0,0,0
2025,6,2025_06_LA_BAL,LA,00-0031381,0,0,0,2,1,6
2025,6,2025_06_LA_BAL,LA,00-0033110,0,0,0,0,1,3
2025,6,2025_06_LA_BAL,LA,00-0037840,0,1,12,0,0,2
2025,6,2025_06_LA_BAL,LA,00-0039074,0,0,0,0,0,2
2025,6,2025_06_LA_BAL,LA,00-0039075,0,0,0,1,0,2
2025,6,2025_06_LA_BAL,LA,00-0039738,0,0,5,0,0,0
2025,6,2025_06_LA_BAL,LA,00-0039751,0,0,0,0,0,4
2025,6,2025_06_LA_BAL,LA,00-0040590,0,0,0,0,0,2
2025,6,2025_06_LA_BAL,LA,00-0040737,0,0,1,0,0,0
2025,6,2025_06_NE_NO,NE,00-0031588,0,0,0,0,1,2
2025,6,2025_06_NE_NO,NE,00-0032392,0,0,0,0,0,1
2025,6,2025_06_NE_NO,NE,00-0033090,0,0,0,0,0,3
2025,6,2025_06_NE_NO,NE,00-0033555,0,0,0,0,0,3
2025,6,2025_06_NE_NO,NE,00-0036875,0,2,11,0,0,1
2025,6,2025_06_NE_NO,NE,00-0038608,0,0,0,0,0,5
2025,6,2025_06_NE_NO,NE,00-0038621,0,0,0,0,0,4
2025,6,2025_06_NE_NO,NE,00-0039851,6,0,0,0,0,0
2025,6,2025_06_NE_NO,NE,00-0040131,0,0,0,0,0,2
2025,6,2025_06_NE_NO,NE,00-0040734,0,0,9,0,0,2
2025,6,2025_06_NE_NO,NO,00-0031236,0,0,0,0,0,1
2025,6,2025_06_NE_NO,NO,00-0033357,0,1,0,0,0,0
2025,6,2025_06_NE_NO,NO,00-0033906,0,0,10,0,0,5
2025,6,2025_06_NE_NO,NO,00-0034981,0,0,0,0,0,1
2025,6,2025_06_NE_NO,NO,00-0036040,0,0,0,0,0,2
2025,6,2025_06_NE_NO,NO,00-0037239,0,0,0,1,1,8
2025,6,2025_06_NE_NO,NO,00-0037545,0,0,0,0,0,6
2025,6,2025_06_NE_NO,NO,00-0038551,0,0,8,0,0,1
2025,6,2025_06_NE_NO,NO,00-0039376,4,0,0,0,0,0
2025,6,2025_06_PHI_NYG,NYG,00-0035250,0,0,3,0,0,0
2025,6,2025_06_PHI_NYG,NYG,00-0035406,0,0,0,2,0,6
2025,6,2025_06_PHI_NYG,NYG,00-0038117,0,0,0,0,1,6
2025,6,2025_06_PHI_NYG,NYG,00-0038938,0,0,0,0,0,5
2025,6,2025_06_PHI_NYG,NYG,00-0039384,0,0,4,0,0,0
2025,6,2025_06_PHI_NYG,NYG,00-0039847,0,0,0,0,0,4
2025,6,2025_06_PHI_NYG,NYG,00-0040691,10,0,0,0,0,0
2025,6,2025_06_PHI_NYG,NYG,00-0040715,0,3,16,0,0,2
2025,6,2025_06_PHI_NYG,PHI,00-0034351,0,0,0,0,2,9
2025,6,2025_06_PHI_NYG,PHI,00-0034844,0,1,11,1,0,2
2025,6,2025_06_PHI_NYG,PHI,00-0035676,0,0,0,0,2,7
2025,6,2025_06_PHI_NYG,PHI,00-0036265,0,0,1,0,0,2
2025,6,2025_06_PHI_NYG,PHI,00-0036389,7,0,0,0,0,0
2025,6,2025_06_PHI_NYG,PHI,00-0036912,0,0,0,0,1,4
2025,6,2025_06_PHI_NYG,PHI,00-0037741,0,0,0,0,1,1
2025,6,2025_06_SEA_JAX,JAX,00-0033246,0,0,0,0,0,2
2025,6,2025_06_SEA_JAX,JAX,00-0033375,0,0,0,0,0,1
2025,6,2025_06_SEA_JAX,JAX,00-0036626,0,0,1,0,0,5
2025,6,2025_06_SEA_JAX,JAX,00-0036971,2,0,0,0,0,0
2025,6,2025_06_SEA_JAX,JAX,00-0036973,0,0,12,0,0,5
2025,6,2025_06_SEA_JAX,JAX,00-0037004,0,0,0,0,0,3
2025,6,2025_06_SEA_JAX,JAX,00-0038606,0,0,0,0,0,4
2025,6,2025_06_SEA_JAX,JAX,00-0039893,0,0,0,0,0,10
2025,6,2025_06_SEA_JAX,JAX,00-0040238,0,0,1,0,0,2
2025,6,2025_06_SEA_JAX,JAX,00-0040718,0,0,0,0,0,7
2025,6,2025_06_SEA_JAX,JAX,00-0040719,0,0,2,0,0,3
2025,6,2025_06_SEA_JAX,SEA,00-0033908,0,0,0,1,0,2
2025,6,2025_06_SEA_JAX,SEA,00-0034869,1,0,0,0,0,0
2025,6,2025_06_SEA_JAX,SEA,00-0038134,0,0,10,0,0,1
2025,6,2025_06_SEA_JAX,SEA,00-0038543,0,0,0,0,0,13
2025,6,2025_06_SEA_JAX,SEA,00-0039165,0,2,10,0,0,1
2025,6,2025_06_SEA_JAX,SEA,00-0039793,0,0,0,0,0,3
2025,6,2025_06_SEA_JAX,SEA,00-0040648,0,0,0,0,0,1
2025,6,2025_06_SEA_JAX,SEA,00-0040739,0,0,0,0,0,2
2025,6,2025_06_SF_TB,SF,00-0029892,0,0,0,0,0,1
2025,6,2025_06_SF_TB,SF,00-0032775,0,0,0,0,0,3
2025,6,2025_06_SF_TB,SF,00-0033280,0,1,16,0,1,7
2025,6,2025_06_SF_TB,SF,00-0033307,0,0,0,0,1,8
2025,6,2025_06_SF_TB,SF,00-0034272,0,0,0,0,0,3
2025,6,2025_06_SF_TB,SF,00-0036259,0,0,0,0,0,3
2025,6,2025_06_SF_TB,SF,00-0036972,5,0,0,0,0,0
2025,6,2025_06_SF_TB,SF,00-0037112,0,0,0,0,0,7
2025,6,2025_06_SF_TB,SF,00-0037746,0,0,0,0,1,2
2025,6,2025_06_SF_TB,TB,00-0032385,0,0,0,0,0,3
2025,6,2025_06_SF_TB,TB,00-0034855,2,0,0,0,0,0
2025,6,2025_06_SF_TB,TB,00-0037256,0,1,16,0,1,2
2025,6,2025_06_SF_TB,TB,00-0038129,0,0,0,0,0,6
2025,6,2025_06_SF_TB,TB,00-0038951,0,0,6,0,0,0
2025,6,2025_06_SF_TB,TB,00-0039589,0,0,0,0,0,4
2025,6,2025_06_SF_TB,TB,00-0040129,0,0,0,0,0,4
2025,6,2025_06_SF_TB,TB,00-0040237,0,0,0,0,0,3
2025,6,2025_06_TEN_LV,LV,00-0030565,1,0,0,0,0,0
2025,6,2025_06_TEN_LV,LV,00-0031687,0,0,5,0,0,0
2025,6,2025_06_TEN_LV,LV,00-0034365,0,0,0,0,0,1
2025,6,2025_06_TEN_LV,LV,00-0034678,0,0,0,1,0,0
2025,6,2025_06_TEN_LV,LV,00-0034960,0,0,0,0,1,3
2025,6,2025_06_TEN_LV,LV,00-0038563,0,0,0,0,1,4
2025,6,2025_06_TEN_LV,LV,00-0039066,0,0,0,0,1,6
2025,6,2025_06_TEN_LV,LV,00-0040122,0,2,21,0,0,4
2025,6,2025_06_TEN_LV,LV,00-0040729,0,0,0,0,0,1
2025,6,2025_06_TEN_LV,TEN,00-0032211,0,0,0,0,0,3
2025,6,2025_06_TEN_LV,TEN,00-0034837,0,0,0,0,0,1
2025,6,2025_06_TEN_LV,TEN,00-0035261,0,0,10,0,0,2
2025,6,2025_06_TEN_LV,TEN,00-0036415,0,0,0,0,1,5
2025,6,2025_06_TEN_LV,TEN,00-0037809,0,0,0,0,1,5
2025,6,2025_06_TEN_LV,TEN,00-0039032,0,0,5,0,1,3
2025,6,2025_06_TEN_LV,TEN,00-0039648,0,0,0,1,0,0
2025,6,2025_06_TEN_LV,TEN,00-0040170,0,0,0,0,0,5
2025,6,2025_06_TEN_LV,TEN,00-0040584,0,0,0,1,0,2
2025,6,2025_06_TEN_LV,TEN,00-0040705,0,0,0,0,0,3
2025,7,2025_07_ATL_SF,ATL,00-0036309,0,0,0,0,0,5
2025,7,2025_07_ATL_SF,ATL,00-0036429,0,0,0,0,0,1
2025,7,2025_07_ATL_SF,ATL,00-0036970,0,0,0,0,0,10
2025,7,2025_07_ATL_SF,ATL,00-0037238,0,0,0,0,0,10
2025,7,2025_07_ATL_SF,ATL,00-0037263,0,0,4,0,0,0
2025,7,2025_07_ATL_SF,ATL,00-0038542,0,0,14,0,1,7
2025,7,2025_07_ATL_SF,ATL,00-0039394,0,0,0,0,0,2
2025,7,2025_07_ATL_SF,ATL,00-0039917,2,0,0,0,0,0
2025,7,2025_07_ATL_SF,SF,00-0029892,0,0,1,0,0,1
2025,7,2025_07_ATL_SF,SF,00-0032775,0,0,0,0,0,1
2025,7,2025_07_ATL_SF,SF,00-0033280,0,2,22,0,1,7
2025,7,2025_07_ATL_SF,SF,00-0033288,0,0,0,0,0,2
2025,7,2025_07_ATL_SF,SF,00-0033307,0,0,0,0,0,2
2025,7,2025_07_ATL_SF,SF,00-0036259,0,0,0,0,0,7
2025,7,2025_07_ATL_SF,SF,00-0036887,0,0,0,0,0,1
2025,7,2025_07_ATL_SF,SF,00-0036972,3,0,0,0,0,0
2025,7,2025_07_ATL_SF,SF,00-0037746,0,0,9,0,0,0
2025,7,2025_07_ATL_SF,SF,00-0038090,0,0,0,0,0,1
2025,7,2025_07_ATL_SF,SF,00-0040245,0,0,0,0,0,1
2025,7,2025_07_CAR_NYJ,CAR,00-0036139,0,0,17,0,0,2
2025,7,2025_07_CAR_NYJ,CAR,00-0036555,0,0,14,0,0,3
2025,7,2025_07_CAR_NYJ,CAR,00-0037005,0,0,0,0,0,1
2025,7,2025_07_CAR_NYJ,CAR,00-0039150,2,0,0,0,0,0
2025,7,2025_07_CAR_NYJ,CAR,00-0039342,0,0,0,2,1,8
2025,7,2025_07_CAR_NYJ,CAR,00-0039356,0,0,0,1,0,1
2025,7,2025_07_CAR_NYJ,CAR,00-0039491,0,0,0,0,0,2
2025,7,2025_07_CAR_NYJ,CAR,00-0040124,0,0,0,0,0,5
2025,7,2025_07_CAR_NYJ,CAR,00-0040187,0,0,0,0,1,2
2025,7,2025_07_CAR_NYJ,CAR,00-0040218,0,0,1,0,0,2
2025,7,2025_07_CAR_NYJ,NYJ,00-0028118,3,0,0,0,0,0
2025,7,2025_07_CAR_NYJ,NYJ,00-0033943,0,0,0,0,0,9
2025,7,2025_07_CAR_NYJ,NYJ,00-0034521,0,0,0,0,0,3
2025,7,2025_07_CAR_NYJ,NYJ,00-0036427,0,0,0,0,0,3
2025,7,2025_07_CAR_NYJ,NYJ,00-0036945,4,0,0,0,0,0
2025,7,2025_07_CAR_NYJ,NYJ,00-0037805,0,0,0,0,0,1
2025,7,2025_07_CAR_NYJ,NYJ,00-0038120,0,0,11,0,0,3
2025,7,2025_07_CAR_NYJ,NYJ,00-0039798,0,0,2,0,0,4
2025,7,2025_07_CAR_NYJ,NYJ,00-0040582,0,0,0,0,0,3
2025,7,2025_07_CAR_NYJ,NYJ,00-0040736,0,0,0,0,0,5
2025,7,2025_07_GB_ARI,ARI,00-0033119,6,0,0,0,0,0
2025,7,2025_07_GB_ARI,ARI,00-0033891,0,0,0,0,0,2
2025,7,2025_07_GB_ARI,ARI,00-0035500,0,0,0,0,0,2
2025,7,2025_07_GB_ARI,ARI,00-0035628,0,0,1,0,0,0
2025,7,2025_07_GB_ARI,ARI,00-0036924,0,0,7,0,0,2
2025,7,2025_07_GB_ARI,ARI,00-0037157,0,0,14,0,1,3
2025,7,2025_07_GB_ARI,ARI,00-0037744,0,0,0,0,3,10
2025,7,2025_07_GB_ARI,ARI,00-0038559,0,0,0,0,1,3
2025,7,2025_07_GB_ARI,ARI,00-0039041,0,0,0,0,0,1
2025,7,2025_07_GB_ARI,ARI,00-0039849,0,0,0,0,0,6
2025,7,2025_07_GB_ARI,GB,00-0035700,0,1,12,0,0,1
2025,7,2025_07_GB_ARI,GB,00-0036264,3,0,0,0,0,0
2025,7,2025_07_GB_ARI,GB,00-0037306,0,0,0,0,0,1
2025,7,2025_07_GB_ARI,GB,00-0037816,0,0,0,0,0,8
2025,7,2025_07_GB_ARI,GB,00-0038393,0,0,0,1,0,1
2025,7,2025_07_GB_ARI,GB,00-0038685,0,0,0,0,1,0
2025,7,2025_07_GB_ARI,GB,00-0038797,0,0,6,0,0,1
2025,7,2025_07_GB_ARI,GB,00-0038996,0,0,0,0,2,8
2025,7,2025_07_GB_ARI,GB,00-0040667,0,0,0,0,0,4
2025,7,2025_07_HOU_SEA,HOU,00-0033854,0,0,0,0,0,1
2025,7,2025_07_HOU_SEA,HOU,00-0034383,0,0,0,0,0,10
2025,7,2025_07_HOU_SEA,HOU,00-0034419,0,0,0,0,1,2
2025,7,2025_07_HOU_SEA,HOU,00-0034791,0,0,5,0,1,2
2025,7,2025_07_HOU_SEA,HOU,00-0036554,0,0,0,0,0,10
2025,7,2025_07_HOU_SEA,HOU,00-0038618,0,0,0,1,0,3
2025,7,2025_07_HOU_SEA,HOU,00-0039163,2,0,0,0,0,0
2025,7,2025_07_HOU_SEA,HOU,00-0040130,0,0,0,1,0,2
2025,7,2025_07_HOU_SEA,HOU,00-0040138,0,0,0,0,1,6
2025,7,2025_07_HOU_SEA,HOU,00-0040583,0,2,8,2,0,3
2025,7,2025_07_HOU_SEA,SEA,00-0033908,0,0,0,0,0,1
2025,7,2025_07_HOU_SEA,SEA,00-0034869,1,0,0,0,0,0
2025,7,2025_07_HOU_SEA,SEA,00-0038134,0,0,17,0,0,0
2025,7,2025_07_HOU_SEA,SEA,00-0038543,0,0,0,1,0,13
2025,7,2025_07_HOU_SEA,SEA,00-0038752,0,0,0,0,0,1
2025,7,2025_07_HOU_SEA,SEA,00-0039165,0,2,10,0,1,1
2025,7,2025_07_HOU_SEA,SEA,00-0039793,0,0,1,0,0,3
2025,7,2025_07_HOU_SEA,SEA,00-0040648,0,0,0,1,0,2
2025,7,2025_07_HOU_SEA,SEA,00-0040739,0,0,0,0,2,3
2025,7,2025_07_IND_LAC,IND,00-0032104,0,0,2,0,1,0
2025,7,2025_07_IND_LAC,IND,00-0033217,0,0,0,0,1,1
2025,7,2025_07_IND_LAC,IND,00-0035710,2,0,0,0,0,0
2025,7,2025_07_IND_LAC,IND,00-0036223,0,0,16,0,0,3
2025,7,2025_07_IND_LAC,IND,00-0036252,0,0,0,0,2,7
2025,7,2025_07_IND_LAC,IND,00-0037664,0,0,0,0,0,10
2025,7,2025_07_IND_LAC,IND,00-0039816,0,0,0,0,0,1
2025,7,2025_07_IND_LAC,IND,00-0039890,0,0,0,0,0,1
2025,7,2025_07_IND_LAC,IND,00-0040128,0,0,0,2,0,3
2025,7,2025_07_IND_LAC,LAC,00-0030279,0,0,0,2,0,12
2025,7,2025_07_IND_LAC,LAC,00-0034159,0,0,0,0,0,1
2025,7,2025_07_IND_LAC,LAC,00-0036355,6,0,0,0,0,0
2025,7,2025_07_IND_LAC,LAC,00-0037617,0,0,1,0,0,2
2025,7,2025_07_IND_LAC,LAC,00-0038544,0,0,0,2,0,4
2025,7,2025_07_IND_LAC,LAC,00-0039391,0,0,9,0,2,3
2025,7,2025_07_IND_LAC,LAC,00-0039915,0,0,0,1,2,12
2025,7,2025_07_IND_LAC,LAC,00-0040189,0,0,0,0,2,7
2025,7,2025_07_IND_LAC,LAC,00-0040727,0,0,0,0,0,2
2025,7,2025_07_LA_JAX,JAX,00-0033246,0,0,0,0,0,4
2025,7,2025_07_LA_JAX,JAX,00-0033375,0,0,0,0,0,1
2025,7,2025_07_LA_JAX,JAX,00-0036626,0,0,0,1,0,3
2025,7,2025_07_LA_JAX,JAX,00-0036971,2,0,0,0,0,0
2025,7,2025_07_LA_JAX,JAX,00-0036973,0,0,8,0,0,3
2025,7,2025_07_LA_JAX,JAX,00-0037004,0,0,0,0,0,3
2025,7,2025_07_LA_JAX,JAX,00-0038606,0,0,3,0,0,10
2025,7,2025_07_LA_JAX,JAX,00-0039893,0,0,0,0,0,7
2025,7,2025_07_LA_JAX,JAX,00-0040238,0,0,0,0,1,0
2025,7,2025_07_LA_JAX,JAX,00-0040718,0,0,1,1,1,12
2025,7,2025_07_LA_JAX,JAX,00-0040719,0,0,5,0,0,0
2025,7,2025_07_LA_JAX,LA,00-0026498,1,0,0,0,0,0
2025,7,2025_07_LA_JAX,LA,00-0031381,0,0,0,3,1,4
2025,7,2025_07_LA_JAX,LA,00-0033110,0,0,0,0,1,5
2025,7,2025_07_LA_JAX,LA,00-0036244,0,0,0,0,1,2
2025,7,2025_07_LA_JAX,LA,00-0037840,0,2,10,0,1,2
2025,7,2025_07_LA_JAX,LA,00-0038359,0,0,0,0,1,2
2025,7,2025_07_LA_JAX,LA,00-0039074,0,0,0,0,0,1
2025,7,2025_07_LA_JAX,LA,00-0039738,0,1,11,0,0,1
2025,7,2025_07_LA_JAX,LA,00-0039751,0,0,0,0,0,4
2025,7,2025_07_LA_JAX,LA,00-0040590,0,0,0,1,0,0
2025,7,2025_07_LA_JAX,LA,00-0040737,0,0,0,0,0,3
2025,7,2025_07_LV_KC,KC,00-0030506,0,0,0,0,0,3
2025,7,2025_07_LV_KC,KC,00-0033857,0,0,0,0,1,2
2025,7,2025_07_LV_KC,KC,00-0033873,4,0,0,0,0,0
2025,7,2025_07_LV_KC,KC,00-0033923,0,0,4,0,0,0
2025,7,2025_07_LV_KC,KC,00-0035662,0,0,0,1,1,2
2025,7,2025_07_LV_KC,KC,00-0036637,0,0,0,0,0,1
2025,7,2025_07_LV_KC,KC,00-0037197,0,0,15,0,0,2
2025,7,2025_07_LV_KC,KC,00-0038104,0,0,0,0,0,2
2025,7,2025_07_LV_KC,KC,00-0039067,0,0,0,1,3,6
2025,7,2025_07_LV_KC,KC,00-0039894,0,0,1,0,1,3
2025,7,2025_07_LV_KC,KC,00-0040078,0,1,13,0,1,4
2025,7,2025_07_LV_KC,LV,00-0030565,2,0,0,0,0,0
2025,7,2025_07_LV_KC,LV,00-0031687,0,0,0,0,0,1
2025,7,2025_07_LV_KC,LV,00-0038102,1,0,0,0,0,0
2025,7,2025_07_LV_KC,LV,00-0038563,0,0,0,0,0,6
2025,7,2025_07_LV_KC,LV,00-0039066,0,0,0,0,0,2
2025,7,2025_07_LV_KC,LV,00-0039407,0,0,2,0,0,1
2025,7,2025_07_LV_KC,LV,00-0040122,0,0,6,0,0,1
2025,7,2025_07_LV_KC,LV,00-0040488,0,0,0,0,0,1
2025,7,2025_07_LV_KC,LV,00-0040581,0,0,0,0,0,3
2025,7,2025_07_LV_KC,LV,00-0040729,0,0,0,0,0,2
2025,7,2025_07_MIA_CLE,CLE,00-0036407,0,0,0,0,1,3
2025,7,2025_07_MIA_CLE,CLE,00-0037267,0,0,1,0,1,1
2025,7,2025_07_MIA_CLE,CLE,00-0038710,0,0,0,0,0,1
2025,7,2025_07_MIA_CLE,CLE,00-0039379,0,0,0,0,0,2
2025,7,2025_07_MIA_CLE,CLE,00-0039920,0,0,0,0,0,2
2025,7,2025_07_MIA_CLE,CLE,00-0040162,0,0,3,0,0,1
2025,7,2025_07_MIA_CLE,CLE,00-0040259,0,0,0,0,0,1
2025,7,2025_07_MIA_CLE,CLE,00-0040663,0,0,0,0,0,5
2025,7,2025_07_MIA_CLE,CLE,00-0040704,3,0,0,0,0,0
2025,7,2025_07_MIA_CLE,CLE,00-0040784,0,3,22,0,0,0
2025,7,2025_07_MIA_CLE,MIA,00-0036182,0,0,0,0,0,4
2025,7,2025_07_MIA_CLE,MIA,00-0036212,3,0,0,0,0,0
2025,7,2025_07_MIA_CLE,MIA,00-0036613,0,0,0,0,0,4
2025,7,2025_07_MIA_CLE,MIA,00-0036620,0,0,0,0,0,2
2025,7,2025_07_MIA_CLE,MIA,00-0037348,0,0,0,0,0,3
2025,7,2025_07_MIA_CLE,MIA,00-0038720,0,0,0,0,0,2
2025,7,2025_07_MIA_CLE,MIA,00-0039040,0,0,13,0,0,5
2025,7,2025_07_MIA_CLE,MIA,00-0039880,0,0,0,0,1,7
2025,7,2025_07_MIA_CLE,MIA,00-0040198,0,0,5,0,0,2
2025,7,2025_07_MIA_CLE,MIA,00-0040234,1,0,0,0,0,0
2025,7,2025_07_NE_TEN,NE,00-0031588,0,0,0,0,1,6
2025,7,2025_07_NE_TEN,NE,00-0032392,0,0,0,1,0,1
2025,7,2025_07_NE_TEN,NE,00-0033090,0,0,0,0,0,5
2025,7,2025_07_NE_TEN,NE,00-0033555,0,0,1,0,0,2
2025,7,2025_07_NE_TEN,NE,00-0036875,0,1,17,0,1,1
2025,7,2025_07_NE_TEN,NE,00-0038608,0,0,0,0,0,2
2025,7,2025_07_NE_TEN,NE,00-0038621,0,0,0,0,1,2
2025,7,2025_07_NE_TEN,NE,00-0039757,0,0,5,0,0,0
2025,7,2025_07_NE_TEN,NE,00-0039851,8,0,0,0,0,0
2025,7,2025_07_NE_TEN,NE,00-0040131,0,0,0,0,0,1
2025,7,2025_07_NE_TEN,NE,00-0040734,0,0,2,0,0,0
2025,7,2025_07_NE_TEN,TEN,00-0032211,0,0,0,0,0,2
2025,7,2025_07_NE_TEN,TEN,00-0035261,0,0,6,0,0,6
2025,7,2025_07_NE_TEN,TEN,00-0036415,0,0,0,0,0,4
2025,7,2025_07_NE_TEN,TEN,00-0037809,0,0,0,0,0,2
2025,7,2025_07_NE_TEN,TEN,00-0039032,0,0,5,0,0,4
2025,7,2025_07_NE_TEN,TEN,00-0040170,0,0,0,0,0,5
2025,7,2025_07_NE_TEN,TEN,00-0040584,0,0,0,0,0,5
2025,7,2025_07_NE_TEN,TEN,00-0040705,0,0,1,0,0,4
2025,7,2025_07_NO_CHI,CHI,00-0034827,0,0,1,1,0,4
2025,7,2025_07_NO_CHI,CHI,00-0035208,0,0,1,0,2,1
2025,7,2025_07_NO_CHI,CHI,00-0036275,0,2,17,0,0,1
2025,7,2025_07_NO_CHI,CHI,00-0036290,0,0,0,0,0,1
2025,7,2025_07_NO_CHI,CHI,00-0039021,0,0,1,0,0,0
2025,7,2025_07_NO_CHI,CHI,00-0039918,2,0,0,0,0,0
2025,7,2025_07_NO_CHI,CHI,00-0039919,0,0,0,0,0,6
2025,7,2025_07_NO_CHI,CHI,00-0040126,0,0,0,0,1,3
2025,7,2025_07_NO_CHI,CHI,00-0040236,0,1,12,0,0,3
2025,7,2025_07_NO_CHI,CHI,00-0040735,0,0,1,0,0,2
2025,7,2025_07_NO_CHI,NO,00-0031236,0,0,0,0,0,1
2025,7,2025_07_NO_CHI,NO,00-0033357,0,0,2,0,0,2
2025,7,2025_07_NO_CHI,NO,00-0033906,0,0,11,0,0,3
2025,7,2025_07_NO_CHI,NO,00-0036040,0,0,0,0,0,7
2025,7,2025_07_NO_CHI,NO,00-0036741,0,0,0,0,0,1
2025,7,2025_07_NO_CHI,NO,00-0037239,0,0,0,1,0,6
2025,7,2025_07_NO_CHI,NO,00-0037545,0,0,0,0,1,8
2025,7,2025_07_NO_CHI,NO,00-0038551,0,0,1,0,0,0
2025,7,2025_07_NO_CHI,NO,00-0039376,2,0,0,0,0,0
2025,7,2025_07_NO_CHI,NO,00-0039623,0,0,0,0,0,1
2025,7,2025_07_NO_CHI,NO,00-0040202,0,0,1,0,0,0
2025,7,2025_07_NYG_DEN,DEN,00-0033538,0,0,0,1,0,0
2025,7,2025_07_NYG_DEN,DEN,00-0033881,0,0,0,0,0,8
2025,7,2025_07_NYG_DEN,DEN,00-0034348,0,0,0,1,1,8
2025,7,2025_07_NYG_DEN,DEN,00-0036158,0,1,13,0,0,1
2025,7,2025_07_NYG_DEN,DEN,00-0036727,0,0,0,0,1,0
2025,7,2025_07_NYG_DEN,DEN,00-0037085,0,0,0,0,1,1
2025,7,2025_07_NYG_DEN,DEN,00-0038783,0,0,0,0,0,3
2025,7,2025_07_NYG_DEN,DEN,00-0038976,0,0,1,0,1,6
2025,7,2025_07_NYG_DEN,DEN,00-0039732,5,0,0,0,0,0
2025,7,2025_07_NYG_DEN,DEN,00-0039868,0,0,0,2,2,6
2025,7,2025_07_NYG_DEN,DEN,00-0040134,0,0,0,0,1,3
2025,7,2025_07_NYG_DEN,DEN,00-0040730,0,0,4,0,2,0
2025,7,2025_07_NYG_DEN,NYG,00-0035250,0,0,2,0,0,0
2025,7,2025_07_NYG_DEN,NYG,00-0035406,0,0,0,0,0,2
2025,7,2025_07_NYG_DEN,NYG,00-0038115,0,0,0,1,0,3
2025,7,2025_07_NYG_DEN,NYG,00-0038117,0,0,0,0,0,12
2025,7,2025_07_NYG_DEN,NYG,00-0038938,0,0,0,0,0,1
2025,7,2025_07_NYG_DEN,NYG,00-0039384,0,0,9,0,0,0
2025,7,2025_07_NYG_DEN,NYG,00-0039847,0,0,0,0,0,7
2025,7,2025_07_NYG_DEN,NYG,00-0040432,0,0,0,0,0,1
2025,7,2025_07_NYG_DEN,NYG,00-0040691,5,0,0,0,0,0
2025,7,2025_07_NYG_DEN,NYG,00-0040715,0,0,16,0,1,5
2025,7,2025_07_PHI_MIN,MIN,00-0030035,0,0,0,0,0,2
2025,7,2025_07_PHI_MIN,MIN,00-0032918,0,0,0,0,0,1
2025,7,2025_07_PHI_MIN,MIN,00-0032950,4,0,0,0,0,0
2025,7,2025_07_PHI_MIN,MIN,00-0035229,0,0,0,1,2,6
2025,7,2025_07_PHI_MIN,MIN,00-0035249,0,0,0,0,1,0
2025,7,2025_07_PHI_MIN,MIN,00-0036322,0,0,0,1,1,8
2025,7,2025_07_PHI_MIN,MIN,00-0037291,0,0,0,2,0,2
2025,7,2025_07_PHI_MIN,MIN,00-0037525,0,1,14,0,0,0
2025,7,2025_07_PHI_MIN,MIN,00-0038440,0,1,3,0,0,1
2025,7,2025_07_PHI_MIN,MIN,00-0038994,0,0,0,1,3,8
2025,7,2025_07_PHI_MIN,PHI,00-0034351,0,0,0,0,0,3
2025,7,2025_07_PHI_MIN,PHI,00-0034844,0,0,18,0,0,1
2025,7,2025_07_PHI_MIN,PHI,00-0035676,0,0,0,0,0,6
2025,7,2025_07_PHI_MIN,PHI,00-0036389,3,0,0,0,0,0
2025,7,2025_07_PHI_MIN,PHI,00-0036912,0,0,0,0,0,11
2025,7,2025_07_PHI_MIN,PHI,00-0038555,0,0,1,0,0,1
2025,7,2025_07_PHI_MIN,PHI,00-0039746,0,0,0,0,0,1
2025,7,2025_07_PIT_CIN,CIN,00-0026158,2,0,0,0,0,0
2025,7,2025_07_PIT_CIN,CIN,00-0033526,0,0,7,0,0,0
2025,7,2025_07_PIT_CIN,CIN,00-0035644,0,0,0,1,0,3
2025,7,2025_07_PIT_CIN,CIN,00-0036410,0,0,0,1,1,8
2025,7,2025_07_PIT_CIN,CIN,00-0036900,0,0,0,2,1,20
2025,7,2025_07_PIT_CIN,CIN,00-0038597,0,0,11,0,1,3
2025,7,2025_07_PIT_CIN,CIN,00-0038619,0,0,0,0,1,3
2025,7,2025_07_PIT_CIN,PIT,00-0023459,1,0,0,0,0,0
2025,7,2025_07_PIT_CIN,PIT,00-0033858,0,0,0,1,1,4
2025,7,2025_07_PIT_CIN,PIT,00-0035298,0,0,0,0,0,1
2025,7,2025_07_PIT_CIN,PIT,00-0035640,0,0,0,0,1,4
2025,7,2025_07_PIT_CIN,PIT,00-0036894,0,0,0,1,1,4
2025,7,2025_07_PIT_CIN,PIT,00-0036919,0,0,3,0,0,2
2025,7,2025_07_PIT_CIN,PIT,00-0037228,0,1,15,0,0,5
2025,7,2025_07_PIT_CIN,PIT,00-0037304,0,0,0,1,0,0
2025,7,2025_07_PIT_CIN,PIT,00-0038558,0,0,0,1,2,2
2025,7,2025_07_PIT_CIN,PIT,00-0039739,0,0,0,0,0,2
2025,7,2025_07_TB_DET,DET,00-0032464,0,0,0,0,0,3
2025,7,2025_07_TB_DET,DET,00-0033106,2,0,0,0,0,0
2025,7,2025_07_TB_DET,DET,00-0035685,0,0,13,0,0,3
2025,7,2025_07_TB_DET,DET,00-0036754,0,0,0,0,0,3
2025,7,2025_07_TB_DET,DET,00-0036963,0,0,0,0,0,10
2025,7,2025_07_TB_DET,DET,00-0037240,0,0,0,0,0,2
2025,7,2025_07_TB_DET,DET,00-0039065,0,0,0,0,0,3
2025,7,2025_07_TB_DET,DET,00-0039139,0,1,16,0,0,3
2025,7,2025_07_TB_DET,DET,00-0040669,0,0,0,1,0,0
2025,7,2025_07_TB_DET,TB,00-0031408,0,0,0,0,0,4
2025,7,2025_07_TB_DET,TB,00-0032385,0,0,0,0,2,5
2025,7,2025_07_TB_DET,TB,00-0037256,0,0,10,1,0,5
2025,7,2025_07_TB_DET,TB,00-0038129,0,0,0,0,0,9
2025,7,2025_07_TB_DET,TB,00-0038824,0,0,0,0,0,1
2025,7,2025_07_TB_DET,TB,00-0038951,0,0,1,0,0,1
2025,7,2025_07_TB_DET,TB,00-0039589,0,0,0,0,0,1
2025,7,2025_07_TB_DET,TB,00-0040129,0,0,0,2,0,10
2025,7,2025_07_TB_DET,TB,00-0040237,0,0,0,1,0,8
2025,7,2025_07_WAS_DAL,DAL,00-0033077,3,0,0,0,0,0
2025,7,2025_07_WAS_DAL,DAL,00-0036358,0,0,0,0,0,8
2025,7,2025_07_WAS_DAL,DAL,00-0036997,0,1,18,0,1,3
2025,7,2025_07_WAS_DAL,DAL,00-0037247,0,0,0,0,0,6
2025,7,2025_07_WAS_DAL,DAL,00-0037666,0,0,0,0,0,2
2025,7,2025_07_WAS_DAL,DAL,00-0037801,0,0,0,0,0,1
2025,7,2025_07_WAS_DAL,DAL,00-0038041,0,0,0,1,2,4
2025,7,2025_07_WAS_DAL,DAL,00-0038738,0,0,0,0,1,0
2025,7,2025_07_WAS_DAL,DAL,00-0040586,0,0,7,0,0,1
2025,7,2025_07_WAS_DAL,WAS,00-0030061,0,0,0,1,0,6
2025,7,2025_07_WAS_DAL,WAS,00-0032268,2,0,0,0,0,0
2025,7,2025_07_WAS_DAL,WAS,00-0032398,0,0,0,0,0,5
2025,7,2025_07_WAS_DAL,WAS,00-0032688,0,0,0,0,0,4
2025,7,2025_07_WAS_DAL,WAS,00-0033955,0,0,2,0,0,3
2025,7,2025_07_WAS_DAL,WAS,00-0036628,0,0,0,0,1,1
2025,7,2025_07_WAS_DAL,WAS,00-0038611,0,1,2,0,0,0
2025,7,2025_07_WAS_DAL,WAS,00-0039355,0,0,0,0,0,2
2025,7,2025_07_WAS_DAL,WAS,00-0039910,7,0,0,0,0,0
2025,7,2025_07_WAS_DAL,WAS,00-0040164,0,0,0,0,0,6
2025,7,2025_07_WAS_DAL,WAS,00-0040242,0,0,13,0,0,2
2025,8,2025_08_BUF_CAR,BUF,00-0034857,3,0,0,0,0,0
2025,8,2025_08_BUF_CAR,BUF,00-0035537,0,0,4,0,0,0
2025,8,2025_08_BUF_CAR,BUF,00-0035689,0,0,0,0,0,1
2025,8,2025_08_BUF_CAR,BUF,00-0036980,0,0,0,0,0,4
2025,8,2025_08_BUF_CAR,BUF,00-0037248,0,0,19,0,0,0
2025,8,2025_08_BUF_CAR,BUF,00-0037261,0,0,0,0,1,6
2025,8,2025_08_BUF_CAR,BUF,00-0038933,0,0,0,0,0,3
2025,8,2025_08_BUF_CAR,BUF,00-0039875,0,2,7,0,0,1
2025,8,2025_08_BUF_CAR,BUF,00-0039901,0,0,0,0,0,4
2025,8,2025_08_BUF_CAR,BUF,00-0040194,0,0,0,0,1,2
2025,8,2025_08_BUF_CAR,CAR,00-0027973,2,0,0,0,0,0
2025,8,2025_08_BUF_CAR,CAR,00-0036139,0,0,8,0,0,0
2025,8,2025_08_BUF_CAR,CAR,00-0036555,0,1,11,0,0,1
2025,8,2025_08_BUF_CAR,CAR,00-0037005,0,0,0,0,0,1
2025,8,2025_08_BUF_CAR,CAR,00-0039342,0,0,0,0,1,2
2025,8,2025_08_BUF_CAR,CAR,00-0039356,0,0,0,0,1,2
2025,8,2025_08_BUF_CAR,CAR,00-0039491,0,0,0,0,0,4
2025,8,2025_08_BUF_CAR,CAR,00-0040124,0,0,0,1,1,8
2025,8,2025_08_BUF_CAR,CAR,00-0040218,0,0,2,0,0,1
2025,8,2025_08_BUF_CAR,CAR,00-0040644,0,0,4,0,0,0
2025,8,2025_08_CHI_BAL,BAL,00-0030564,0,0,0,0,0,1
2025,8,2025_08_CHI_BAL,BAL,00-0032764,0,2,19,0,0,1
2025,8,2025_08_CHI_BAL,BAL,00-0034753,0,0,0,0,1,2
2025,8,2025_08_CHI_BAL,BAL,00-0034975,0,0,1,0,0,0
2025,8,2025_08_CHI_BAL,BAL,00-0035993,8,0,0,0,0,0
2025,8,2025_08_CHI_BAL,BAL,00-0036550,0,0,0,1,0,3
2025,8,2025_08_CHI_BAL,BAL,00-0036630,0,0,0,0,0,1
2025,8,2025_08_CHI_BAL,BAL,00-0037838,0,0,0,0,1,1
2025,8,2025_08_CHI_BAL,BAL,00-0038046,0,0,0,0,1,0
2025,8,2025_08_CHI_BAL,BAL,00-0038454,0,0,4,0,0,0
2025,8,2025_08_CHI_BAL,BAL,00-0039064,0,0,1,0,1,8
2025,8,2025_08_CHI_BAL,CHI,00-0034827,0,0,2,1,0,6
2025,8,2025_08_CHI_BAL,CHI,00-0035208,0,0,0,0,0,7
2025,8,2025_08_CHI_BAL,CHI,00-0036275,0,3,8,0,0,2
2025,8,2025_08_CHI_BAL,CHI,00-0036331,0,0,0,0,1,2
2025,8,2025_08_CHI_BAL,CHI,00-0039918,3,0,0,0,0,0
2025,8,2025_08_CHI_BAL,CHI,00-0039919,0,0,0,0,1,9
2025,8,2025_08_CHI_BAL,CHI,00-0040126,0,0,0,1,0,4
2025,8,2025_08_CHI_BAL,CHI,00-0040236,0,1,6,0,0,0
2025,8,2025_08_CHI_BAL,CHI,00-0040735,0,0,0,0,0,1
2025,8,2025_08_CLE_NE,CLE,00-0033885,0,0,0,1,0,4
2025,8,2025_08_CLE_NE,CLE,00-0036407,0,0,0,2,0,0
2025,8,2025_08_CLE_NE,CLE,00-0037267,0,0,0,0,0,2
2025,8,2025_08_CLE_NE,CLE,00-0039379,0,0,0,0,0,3
2025,8,2025_08_CLE_NE,CLE,00-0039920,0,0,1,0,0,0
2025,8,2025_08_CLE_NE,CLE,00-0040162,0,0,3,0,2,4
2025,8,2025_08_CLE_NE,CLE,00-0040259,0,0,1,0,0,0
2025,8,2025_08_CLE_NE,CLE,00-0040663,0,0,1,0,1,7
2025,8,2025_08_CLE_NE,CLE,00-0040704,1,0,0,0,0,0
2025,8,2025_08_CLE_NE,CLE,00-0040782,0,0,0,0,0,4
2025,8,2025_08_CLE_NE,CLE,00-0040784,0,0,9,0,0,3
2025,8,2025_08_CLE_NE,NE,00-0031588,0,0,0,0,3,2
2025,8,2025_08_CLE_NE,NE,00-0032392,0,0,0,0,0,2
2025,8,2025_08_CLE_NE,NE,00-0033090,0,0,0,0,1,0
2025,8,2025_08_CLE_NE,NE,00-0033555,0,0,0,0,1,6
2025,8,2025_08_CLE_NE,NE,00-0036875,0,1,13,0,1,1
2025,8,2025_08_CLE_NE,NE,00-0038608,0,0,0,0,0,5
2025,8,2025_08_CLE_NE,NE,00-0038621,0,0,2,0,0,1
2025,8,2025_08_CLE_NE,NE,00-0039757,0,0,2,0,0,0
2025,8,2025_08_CLE_NE,NE,00-0039851,4,0,0,0,0,0
2025,8,2025_08_CLE_NE,NE,00-0040734,0,0,10,0,0,0
2025,8,2025_08_DAL_DEN,DAL,00-0033077,6,0,0,0,0,0
2025,8,2025_08_DAL_DEN,DAL,00-0036358,0,0,1,1,2,7
2025,8,2025_08_DAL_DEN,DAL,00-0036997,0,4,9,0,0,2
2025,8,2025_08_DAL_DEN,DAL,00-0037247,0,0,0,1,0,8
2025,8,2025_08_DAL_DEN,DAL,00-0037563,0,0,2,0,0,0
2025,8,2025_08_DAL_DEN,DAL,00-0037666,0,0,0,0,0,2
2025,8,2025_08_DAL_DEN,DAL,00-0037801,0,0,0,0,0,5
2025,8,2025_08_DAL_DEN,DAL,00-0038041,0,0,0,0,0,1
2025,8,2025_08_DAL_DEN,DAL,00-0038547,0,0,0,0,1,2
2025,8,2025_08_DAL_DEN,DAL,00-0038738,0,0,1,0,0,0
2025,8,2025_08_DAL_DEN,DAL,00-0039410,0,0,0,0,0,2
2025,8,2025_08_DAL_DEN,DAL,00-0039530,0,0,0,0,0,1
2025,8,2025_08_DAL_DEN,DAL,00-0040586,0,0,8,0,0,0
2025,8,2025_08_DAL_DEN,DEN,00-0033881,0,0,0,0,1,3
2025,8,2025_08_DAL_DEN,DEN,00-0034348,0,0,0,0,0,6
2025,8,2025_08_DAL_DEN,DEN,00-0036158,0,2,13,0,0,2
2025,8,2025_08_DAL_DEN,DEN,00-0037085,0,0,1,0,0,0
2025,8,2025_08_DAL_DEN,DEN,00-0038783,0,0,0,1,0,0
2025,8,2025_08_DAL_DEN,DEN,00-0038976,0,0,3,0,0,1
2025,8,2025_08_DAL_DEN,DEN,00-0039868,0,0,0,1,0,7
2025,8,2025_08_DAL_DEN,DEN,00-0040134,0,0,0,0,0,4
2025,8,2025_08_DAL_DEN,DEN,00-0040730,0,1,6,0,1,0
2025,8,2025_08_GB_PIT,GB,00-0035700,0,1,12,0,0,3
2025,8,2025_08_GB_PIT,GB,00-0037306,0,0,0,0,0,1
2025,8,2025_08_GB_PIT,GB,00-0037816,0,0,0,0,0,6
2025,8,2025_08_GB_PIT,GB,00-0038124,0,0,0,0,0,4
2025,8,2025_08_GB_PIT,GB,00-0038465,0,0,0,0,0,3
2025,8,2025_08_GB_PIT,GB,00-0038797,0,0,11,0,1,3
2025,8,2025_08_GB_PIT,GB,00-0038996,0,0,0,0,3,6
2025,8,2025_08_GB_PIT,GB,00-0039144,0,0,0,0,0,1
2025,8,2025_08_GB_PIT,GB,00-0040009,0,0,1,0,1,0
2025,8,2025_08_GB_PIT,GB,00-0040667,0,0,0,0,0,3
2025,8,2025_08_GB_PIT,PIT,00-0033858,0,0,0,0,0,3
2025,8,2025_08_GB_PIT,PIT,00-0035640,0,0,0,1,1,5
2025,8,2025_08_GB_PIT,PIT,00-0036862,0,0,0,0,0,1
2025,8,2025_08_GB_PIT,PIT,00-0036894,0,0,0,0,0,4
2025,8,2025_08_GB_PIT,PIT,00-0036919,0,0,5,0,0,2
2025,8,2025_08_GB_PIT,PIT,00-0037228,0,0,13,0,0,3
2025,8,2025_08_GB_PIT,PIT,00-0037837,0,0,0,0,0,6
2025,8,2025_08_GB_PIT,PIT,00-0038645,0,0,0,0,0,1
2025,8,2025_08_GB_PIT,PIT,00-0039739,0,0,0,0,0,5
2025,8,2025_08_MIA_ATL,ATL,00-0029604,1,0,0,0,0,0
2025,8,2025_08_MIA_ATL,ATL,00-0034854,0,0,0,0,0,8
2025,8,2025_08_MIA_ATL,ATL,00-0035359,0,0,0,0,0,3
2025,8,2025_08_MIA_ATL,ATL,00-0036309,0,0,0,0,1,3
2025,8,2025_08_MIA_ATL,ATL,00-0036970,0,0,0,0,0,9
2025,8,2025_08_MIA_ATL,ATL,00-0037263,0,0,4,0,0,2
2025,8,2025_08_MIA_ATL,ATL,00-0038542,0,0,9,0,0,3
2025,8,2025_08_MIA_ATL,ATL,00-0039394,0,0,0,0,0,1
2025,8,2025_08_MIA_ATL,ATL,00-0040547,0,0,2,0,0,0
2025,8,2025_08_MIA_ATL,MIA,00-0034418,0,0,0,0,1,0
2025,8,2025_08_MIA_ATL,MIA,00-0035125,0,0,0,0,0,1
2025,8,2025_08_MIA_ATL,MIA,00-0036182,0,0,0,0,2,1
2025,8,2025_08_MIA_ATL,MIA,00-0036613,0,0,0,0,1,5
2025,8,2025_08_MIA_ATL,MIA,00-0037348,0,0,0,0,1,1
2025,8,2025_08_MIA_ATL,MIA,00-0039040,0,0,18,0,2,5
2025,8,2025_08_MIA_ATL,MIA,00-0039874,0,0,9,0,0,1
2025,8,2025_08_MIA_ATL,MIA,00-0039880,0,0,0,0,1,4
2025,8,2025_08_MIA_ATL,MIA,00-0040198,0,0,10,0,1,0
2025,8,2025_08_MIN_LAC,LAC,00-0030279,0,0,0,0,0,5
2025,8,2025_08_MIN_LAC,LAC,00-0034367,0,0,2,0,0,0
2025,8,2025_08_MIN_LAC,LAC,00-0036355,7,0,0,0,0,0
2025,8,2025_08_MIN_LAC,LAC,00-0036755,0,0,11,0,0,0
2025,8,2025_08_MIN_LAC,LAC,00-0039391,0,2,21,0,0,2
2025,8,2025_08_MIN_LAC,LAC,00-0039915,0,0,0,0,0,10
2025,8,2025_08_MIN_LAC,LAC,00-0040189,0,0,0,1,0,4
2025,8,2025_08_MIN_LAC,LAC,00-0040727,0,0,0,1,0,1
2025,8,2025_08_MIN_LAC,MIN,00-0030035,0,0,0,0,0,2
2025,8,2025_08_MIN_LAC,MIN,00-0033293,0,0,5,0,1,3
2025,8,2025_08_MIN_LAC,MIN,00-0035229,0,0,0,0,0,3
2025,8,2025_08_MIN_LAC,MIN,00-0036322,0,0,0,0,0,11
2025,8,2025_08_MIN_LAC,MIN,00-0037291,0,0,0,0,0,1
2025,8,2025_08_MIN_LAC,MIN,00-0037525,0,0,4,0,0,1
2025,8,2025_08_MIN_LAC,MIN,00-0038440,0,0,2,0,0,2
2025,8,2025_08_MIN_LAC,MIN,00-0038994,0,0,0,1,0,3
2025,8,2025_08_MIN_LAC,MIN,00-0040509,0,0,0,0,0,2
2025,8,2025_08_NYG_PHI,NYG,00-0035250,0,0,2,0,0,1
2025,8,2025_08_NYG_PHI,NYG,00-0035535,0,0,0,0,0,5
2025,8,2025_08_NYG_PHI,NYG,00-0038115,0,0,0,0,0,1
2025,8,2025_08_NYG_PHI,NYG,00-0038117,0,0,0,0,0,4
2025,8,2025_08_NYG_PHI,NYG,00-0039384,0,0,10,0,0,3
2025,8,2025_08_NYG_PHI,NYG,00-0039847,0,0,0,0,0,4
2025,8,2025_08_NYG_PHI,NYG,00-0040432,0,0,0,1,0,1
2025,8,2025_08_NYG_PHI,NYG,00-0040691,5,0,0,0,0,0
2025,8,2025_08_NYG_PHI,NYG,00-0040715,0,0,3,0,1,1
2025,8,2025_08_NYG_PHI,PHI,00-0034351,0,0,0,0,2,1
2025,8,2025_08_NYG_PHI,PHI,00-0034844,0,0,14,0,2,3
2025,8,2025_08_NYG_PHI,PHI,00-0036389,4,0,0,0,0,0
2025,8,2025_08_NYG_PHI,PHI,00-0036912,0,0,0,1,0,8
2025,8,2025_08_NYG_PHI,PHI,00-0037741,0,0,0,0,0,2
2025,8,2025_08_NYG_PHI,PHI,00-0038496,0,0,0,0,0,1
2025,8,2025_08_NYG_PHI,PHI,00-0038555,0,0,9,0,0,0
2025,8,2025_08_NYG_PHI,PHI,00-0039746,0,0,3,0,0,0
2025,8,2025_08_NYJ_CIN,CIN,00-0026158,2,0,0,0,0,0
2025,8,2025_08_NYJ_CIN,CIN,00-0033526,0,0,9,0,0,1
2025,8,2025_08_NYJ_CIN,CIN,00-0034613,0,0,0,0,1,1
2025,8,2025_08_NYJ_CIN,CIN,00-0035644,0,0,0,0,0,3
2025,8,2025_08_NYJ_CIN,CIN,00-0036410,0,0,0,0,0,2
2025,8,2025_08_NYJ_CIN,CIN,00-0036900,0,0,0,0,3,16
2025,8,2025_08_NYJ_CIN,CIN,00-0038597,0,1,11,0,1,2
2025,8,2025_08_NYJ_CIN,CIN,00-0038619,0,0,0,0,0,3
2025,8,2025_08_NYJ_CIN,NYJ,00-0034521,0,0,0,1,0,1
2025,8,2025_08_NYJ_CIN,NYJ,00-0034959,0,0,0,0,0,1
2025,8,2025_08_NYJ_CIN,NYJ,00-0036427,0,0,0,1,0,4
2025,8,2025_08_NYJ_CIN,NYJ,00-0036945,10,0,0,0,0,0
2025,8,2025_08_NYJ_CIN,NYJ,00-0037805,0,0,0,0,0,1
2025,8,2025_08_NYJ_CIN,NYJ,00-0038120,0,1,17,1,0,2
2025,8,2025_08_NYJ_CIN,NYJ,00-0039451,0,0,1,0,0,4
2025,8,2025_08_NYJ_CIN,NYJ,00-0039798,0,0,7,0,1,4
2025,8,2025_08_NYJ_CIN,NYJ,00-0040582,0,0,0,0,0,1
2025,8,2025_08_NYJ_CIN,NYJ,00-0040736,0,0,0,2,3,3
2025,8,2025_08_SF_HOU,HOU,00-0033854,0,0,1,0,0,1
2025,8,2025_08_SF_HOU,HOU,00-0034383,0,0,0,0,0,3
2025,8,2025_08_SF_HOU,HOU,00-0034419,0,0,0,0,1,4
2025,8,2025_08_SF_HOU,HOU,00-0034791,0,0,17,0,0,2
2025,8,2025_08_SF_HOU,HOU,00-0036232,0,0,0,0,0,1
2025,8,2025_08_SF_HOU,HOU,00-0038618,0,0,0,0,1,5
2025,8,2025_08_SF_HOU,HOU,00-0038728,0,0,0,0,0,2
2025,8,2025_08_SF_HOU,HOU,00-0039163,6,0,0,0,0,0
2025,8,2025_08_SF_HOU,HOU,00-0040130,0,0,0,1,1,6
2025,8,2025_08_SF_HOU,HOU,00-0040138,0,0,0,0,0,6
2025,8,2025_08_SF_HOU,HOU,00-0040583,0,0,11,0,1,3
2025,8,2025_08_SF_HOU,SF,00-0029892,0,0,0,0,0,2
2025,8,2025_08_SF_HOU,SF,00-0032775,0,0,0,0,0,3
2025,8,2025_08_SF_HOU,SF,00-0033280,0,0,8,0,1,5
2025,8,2025_08_SF_HOU,SF,00-0033288,0,0,0,1,0,4
2025,8,2025_08_SF_HOU,SF,00-0033307,0,0,0,0,0,4
2025,8,2025_08_SF_HOU,SF,00-0036259,0,0,0,0,1,6
2025,8,2025_08_SF_HOU,SF,00-0036972,2,0,0,0,0,0
2025,8,2025_08_SF_HOU,SF,00-0037112,0,0,0,1,0,0
2025,8,2025_08_SF_HOU,SF,00-0038090,0,0,0,0,0,1
2025,8,2025_08_SF_HOU,SF,00-0040172,0,0,0,0,0,2
2025,8,2025_08_TB_NO,NO,00-0031236,0,0,0,0,0,4
2025,8,2025_08_TB_NO,NO,00-0033357,0,0,2,0,0,1
2025,8,2025_08_TB_NO,NO,00-0033906,0,0,6,0,0,2
2025,8,2025_08_TB_NO,NO,00-0034981,0,0,0,0,0,1
2025,8,2025_08_TB_NO,NO,00-0036040,0,0,0,0,0,8
2025,8,2025_08_TB_NO,NO,00-0036741,0,0,0,0,0,1
2025,8,2025_08_TB_NO,NO,00-0037239,0,0,1,0,0,12
2025,8,2025_08_TB_NO,NO,00-0037545,0,0,0,0,0,12
2025,8,2025_08_TB_NO,NO,00-0039376,3,0,0,0,0,0
2025,8,2025_08_TB_NO,NO,00-0039424,0,0,0,0,0,5
2025,8,2025_08_TB_NO,NO,00-0039623,0,0,0,1,0,0
2025,8,2025_08_TB_NO,NO,00-0040202,0,0,0,0,0,3
2025,8,2025_08_TB_NO,NO,00-0040743,3,0,0,0,0,0
2025,8,2025_08_TB_NO,TB,00-0032385,0,0,0,1,0,1
2025,8,2025_08_TB_NO,TB,00-0037256,0,3,10,0,0,2
2025,8,2025_08_TB_NO,TB,00-0038129,0,0,0,0,0,5
2025,8,2025_08_TB_NO,TB,00-0038951,0,3,9,0,0,0
2025,8,2025_08_TB_NO,TB,00-0040129,0,0,0,1,0,8
2025,8,2025_08_TB_NO,TB,00-0040237,0,0,0,0,0,6
2025,8,2025_08_TB_NO,TB,00-0040429,0,0,4,0,0,0
2025,8,2025_08_TEN_IND,IND,00-0032104,0,0,2,0,0,1
2025,8,2025_08_TEN_IND,IND,00-0035021,0,0,0,0,1,0
2025,8,2025_08_TEN_IND,IND,00-0035710,1,0,0,0,0,0
2025,8,2025_08_TEN_IND,IND,00-0036223,0,0,12,0,2,0
2025,8,2025_08_TEN_IND,IND,00-0036252,0,0,0,0,0,9
2025,8,2025_08_TEN_IND,IND,00-0037120,0,0,2,0,0,0
2025,8,2025_08_TEN_IND,IND,00-0037292,0,0,0,0,0,1
2025,8,2025_08_TEN_IND,IND,00-0037664,0,0,0,0,0,5
2025,8,2025_08_TEN_IND,IND,00-0038997,0,0,0,0,1,2
2025,8,2025_08_TEN_IND,IND,00-0039890,0,0,0,0,0,1
2025,8,2025_08_TEN_IND,IND,00-0040128,0,0,0,0,0,5
2025,8,2025_08_TEN_IND,IND,00-0040206,1,0,0,0,0,0
2025,8,2025_08_TEN_IND,TEN,00-0035261,0,0,11,0,0,2
2025,8,2025_08_TEN_IND,TEN,00-0036415,0,0,0,1,0,7
2025,8,2025_08_TEN_IND,TEN,00-0037594,0,0,2,0,0,0
2025,8,2025_08_TEN_IND,TEN,00-0037809,0,0,0,0,0,5
2025,8,2025_08_TEN_IND,TEN,00-0039032,0,1,8,0,1,2
2025,8,2025_08_TEN_IND,TEN,00-0040170,0,0,0,1,0,7
2025,8,2025_08_TEN_IND,TEN,00-0040584,0,0,0,2,0,1
2025,8,2025_08_TEN_IND,TEN,00-0040676,2,0,0,0,0,0
2025,8,2025_08_TEN_IND,TEN,00-0040705,0,0,1,1,0,7
2025,8,2025_08_WAS_KC,KC,00-0030506,0,0,0,1,0,7
2025,8,2025_08_WAS_KC,KC,00-0033857,0,0,0,0,0,2
2025,8,2025_08_WAS_KC,KC,00-0033873,3,0,0,0,0,0
2025,8,2025_08_WAS_KC,KC,00-0033923,0,1,8,1,0,0
2025,8,2025_08_WAS_KC,KC,00-0035662,0,0,0,0,0,1
2025,8,2025_08_WAS_KC,KC,00-0036637,0,0,0,1,0,3
2025,8,2025_08_WAS_KC,KC,00-0037197,0,0,12,0,0,0
2025,8,2025_08_WAS_KC,KC,00-0039067,0,0,2,0,2,7
2025,8,2025_08_WAS_KC,KC,00-0039894,0,0,0,0,1,6
2025,8,2025_08_WAS_KC,KC,00-0040078,0,0,3,0,0,0
2025,8,2025_08_WAS_KC,WAS,00-0030061,0,0,0,0,0,6
2025,8,2025_08_WAS_KC,WAS,00-0032268,8,0,0,0,0,0
2025,8,2025_08_WAS_KC,WAS,00-0033955,0,0,1,0,0,6
2025,8,2025_08_WAS_KC,WAS,00-0035659,0,0,0,1,0,3
2025,8,2025_08_WAS_KC,WAS,00-0035719,0,0,1,0,2,4
2025,8,2025_08_WAS_KC,WAS,00-0036628,0,0,0,0,0,1
2025,8,2025_08_WAS_KC,WAS,00-0038611,0,0,1,0,0,0
2025,8,2025_08_WAS_KC,WAS,00-0039355,0,0,0,0,0,3
2025,8,2025_08_WAS_KC,WAS,00-0039912,0,0,0,0,0,1
2025,8,2025_08_WAS_KC,WAS,00-0040164,0,0,0,0,0,2
2025,8,2025_08_WAS_KC,WAS,00-0040242,0,0,9,0,0,1
2025,9,2025_09_ARI_DAL,ARI,00-0033119,3,0,0,0,0,0
2025,9,2025_09_ARI_DAL,ARI,00-0035500,0,0,1,0,0,0
2025,9,2025_09_ARI_DAL,ARI,00-0037157,0,1,8,0,0,2
2025,9,2025_09_ARI_DAL,ARI,00-0037744,0,0,0,2,1,6
2025,9,2025_09_ARI_DAL,ARI,00-0038559,0,0,0,0,0,4
2025,9,2025_09_ARI_DAL,ARI,00-0038705,0,0,14,0,0,1
2025,9,2025_09_ARI_DAL,ARI,00-0039041,0,0,0,0,0,3
2025,9,2025_09_ARI_DAL,ARI,00-0039849,0,0,0,1,1,8
2025,9,2025_09_ARI_DAL,DAL,00-0033077,4,0,0,0,0,0
2025,9,2025_09_ARI_DAL,DAL,00-0036358,0,0,0,0,1,11
2025,9,2025_09_ARI_DAL,DAL,00-0036997,0,1,14,0,0,1
2025,9,2025_09_ARI_DAL,DAL,00-0037247,0,0,0,0,0,9
2025,9,2025_09_ARI_DAL,DAL,00-0037563,0,0,1,0,0,0
2025,9,2025_09_ARI_DAL,DAL,00-0037801,0,0,1,0,1,2
2025,9,2025_09_ARI_DAL,DAL,00-0038041,0,0,0,0,3,4
2025,9,2025_09_ARI_DAL,DAL,00-0038547,0,0,0,0,0,2
2025,9,2025_09_ARI_DAL,DAL,00-0039410,0,0,0,1,0,1
2025,9,2025_09_ATL_NE,ATL,00-0035359,0,0,0,0,0,1
2025,9,2025_09_ATL_NE,ATL,00-0036309,0,0,0,0,0,2
2025,9,2025_09_ATL_NE,ATL,00-0036970,0,0,0,1,1,5
2025,9,2025_09_ATL_NE,ATL,00-0037238,0,0,0,4,2,8
2025,9,2025_09_ATL_NE,ATL,00-0037263,0,0,2,0,0,0
2025,9,2025_09_ATL_NE,ATL,00-0038542,0,0,12,0,1,9
2025,9,2025_09_ATL_NE,ATL,00-0039917,2,0,0,0,0,0
2025,9,2025_09_ATL_NE,NE,00-0031588,0,0,0,0,1,3
2025,9,2025_09_ATL_NE,NE,00-0032392,0,0,0,0,0,1
2025,9,2025_09_ATL_NE,NE,00-0033090,0,0,0,0,0,6
2025,9,2025_09_ATL_NE,NE,00-0033555,0,0,0,0,1,1
2025,9,2025_09_ATL_NE,NE,00-0038608,0,0,0,0,0,1
2025,9,2025_09_ATL_NE,NE,00-0038621,0,0,0,0,1,5
2025,9,2025_09_ATL_NE,NE,00-0039757,0,1,10,0,0,1
2025,9,2025_09_ATL_NE,NE,00-0039851,5,0,0,0,0,0
2025,9,2025_09_ATL_NE,NE,00-0040131,0,0,0,0,0,1
2025,9,2025_09_ATL_NE,NE,00-0040734,0,0,14,0,1,5
2025,9,2025_09_BAL_MIA,BAL,00-0030564,0,0,0,0,0,1
2025,9,2025_09_BAL_MIA,BAL,00-0032764,0,1,18,0,0,1
2025,9,2025_09_BAL_MIA,BAL,00-0034753,0,1,1,1,1,1
2025,9,2025_09_BAL_MIA,BAL,00-0034796,3,0,0,0,0,0
2025,9,2025_09_BAL_MIA,BAL,00-0034975,0,0,1,0,0,2
2025,9,2025_09_BAL_MIA,BAL,00-0036550,0,0,0,1,0,3
2025,9,2025_09_BAL_MIA,BAL,00-0037838,0,0,0,1,0,3
2025,9,2025_09_BAL_MIA,BAL,00-0038046,0,0,0,1,0,1
2025,9,2025_09_BAL_MIA,BAL,00-0038454,0,0,4,0,0,1
2025,9,2025_09_BAL_MIA,BAL,00-0039064,0,0,0,0,1,4
2025,9,2025_09_BAL_MIA,MIA,00-0034418,0,0,0,0,0,1
2025,9,2025_09_BAL_MIA,MIA,00-0036182,0,0,0,0,0,4
2025,9,2025_09_BAL_MIA,MIA,00-0036212,1,0,0,0,0,0
2025,9,2025_09_BAL_MIA,MIA,00-0036613,0,0,0,0,1,8
2025,9,2025_09_BAL_MIA,MIA,00-0036620,0,0,0,0,0,1
2025,9,2025_09_BAL_MIA,MIA,00-0037252,0,0,0,0,0,5
2025,9,2025_09_BAL_MIA,MIA,00-0037348,0,0,0,0,0,1
2025,9,2025_09_BAL_MIA,MIA,00-0039040,0,0,14,1,0,9
2025,9,2025_09_BAL_MIA,MIA,00-0039880,0,0,3,0,0,3
2025,9,2025_09_BAL_MIA,MIA,00-0039884,0,0,0,0,0,2
2025,9,2025_09_BAL_MIA,MIA,00-0040198,0,0,2,0,1,0
2025,9,2025_09_CAR_GB,CAR,00-0036139,0,2,23,0,0,3
2025,9,2025_09_CAR_GB,CAR,00-0036555,0,0,5,0,1,0
2025,9,2025_09_CAR_GB,CAR,00-0037005,0,0,0,0,0,1
2025,9,2025_09_CAR_GB,CAR,00-0038840,0,0,0,0,1,0
2025,9,2025_09_CAR_GB,CAR,00-0039150,2,0,0,0,0,0
2025,9,2025_09_CAR_GB,CAR,00-0039342,0,0,0,1,0,2
2025,9,2025_09_CAR_GB,CAR,00-0039356,0,0,0,0,1,0
2025,9,2025_09_CAR_GB,CAR,00-0039491,0,0,0,0,0,1
2025,9,2025_09_CAR_GB,CAR,00-0040124,0,0,0,1,0,5
2025,9,2025_09_CAR_GB,CAR,00-0040218,0,0,1,0,1,1
2025,9,2025_09_CAR_GB,GB,00-0035700,0,2,15,0,1,4
2025,9,2025_09_CAR_GB,GB,00-0036264,1,0,0,0,0,0
2025,9,2025_09_CAR_GB,GB,00-0037816,0,0,0,2,1,7
2025,9,2025_09_CAR_GB,GB,00-0038124,0,0,0,0,0,4
2025,9,2025_09_CAR_GB,GB,00-0038465,0,0,0,0,0,1
2025,9,2025_09_CAR_GB,GB,00-0038685,0,0,0,0,0,2
2025,9,2025_09_CAR_GB,GB,00-0038797,0,0,6,0,0,2
2025,9,2025_09_CAR_GB,GB,00-0038996,0,0,0,0,1,2
2025,9,2025_09_CAR_GB,GB,00-0039144,0,0,0,0,0,3
2025,9,2025_09_CAR_GB,GB,00-0040009,0,0,1,0,1,1
2025,9,2025_09_CAR_GB,GB,00-0040667,0,0,0,0,0,3
2025,9,2025_09_CHI_CIN,CHI,00-0034827,0,0,1,0,0,6
2025,9,2025_09_CHI_CIN,CHI,00-0035208,0,0,0,0,2,6
2025,9,2025_09_CHI_CIN,CHI,00-0036290,0,0,0,0,0,2
2025,9,2025_09_CHI_CIN,CHI,00-0037329,0,0,5,0,0,1
2025,9,2025_09_CHI_CIN,CHI,00-0039918,5,0,0,1,0,1
2025,9,2025_09_CHI_CIN,CHI,00-0039919,0,0,0,1,0,2
2025,9,2025_09_CHI_CIN,CHI,00-0040126,0,0,0,1,0,6
2025,9,2025_09_CHI_CIN,CHI,00-0040236,0,2,24,0,0,5
2025,9,2025_09_CHI_CIN,CIN,00-0033526,0,0,1,0,0,0
2025,9,2025_09_CHI_CIN,CIN,00-0034613,0,0,0,0,0,2
2025,9,2025_09_CHI_CIN,CIN,00-0035644,0,0,0,0,0,3
2025,9,2025_09_CHI_CIN,CIN,00-0036410,0,0,0,0,1,8
2025,9,2025_09_CHI_CIN,CIN,00-0036900,0,0,0,1,1,6
2025,9,2025_09_CHI_CIN,CIN,00-0038597,0,1,10,0,1,13
2025,9,2025_09_CHI_CIN,CIN,00-0038619,0,0,1,2,0,5
2025,9,2025_09_CHI_CIN,CIN,00-0038839,0,0,0,0,0,2
2025,9,2025_09_CHI_CIN,CIN,00-0040208,0,0,1,0,0,0
2025,9,2025_09_DEN_HOU,DEN,00-0033881,0,0,0,0,0,3
2025,9,2025_09_DEN_HOU,DEN,00-0034348,0,0,0,0,0,6
2025,9,2025_09_DEN_HOU,DEN,00-0036158,0,0,15,0,0,1
2025,9,2025_09_DEN_HOU,DEN,00-0036422,0,0,0,0,0,2
2025,9,2025_09_DEN_HOU,DEN,00-0036727,0,0,1,0,0,0
2025,9,2025_09_DEN_HOU,DEN,00-0036959,0,0,0,0,0,1
2025,9,2025_09_DEN_HOU,DEN,00-0037085,0,0,0,0,0,3
2025,9,2025_09_DEN_HOU,DEN,00-0039732,3,0,0,0,0,0
2025,9,2025_09_DEN_HOU,DEN,00-0039868,0,0,2,0,0,10
2025,9,2025_09_DEN_HOU,DEN,00-0040134,0,0,0,0,0,3
2025,9,2025_09_DEN_HOU,DEN,00-0040730,0,0,2,0,0,5
2025,9,2025_09_DEN_HOU,HOU,00-0033854,0,0,0,0,0,1
2025,9,2025_09_DEN_HOU,HOU,00-0034383,0,0,0,0,0,8
2025,9,2025_09_DEN_HOU,HOU,00-0034775,0,0,0,0,0,8
2025,9,2025_09_DEN_HOU,HOU,00-0034791,0,1,10,0,0,0
2025,9,2025_09_DEN_HOU,HOU,00-0036232,0,0,0,0,0,2
2025,9,2025_09_DEN_HOU,HOU,00-0036554,0,0,0,0,1,10
2025,9,2025_09_DEN_HOU,HOU,00-0036898,2,0,0,0,0,0
2025,9,2025_09_DEN_HOU,HOU,00-0038618,0,0,0,0,0,5
2025,9,2025_09_DEN_HOU,HOU,00-0039163,2,0,0,0,0,0
2025,9,2025_09_DEN_HOU,HOU,00-0039603,0,2,0,0,0,0
2025,9,2025_09_DEN_HOU,HOU,00-0040130,0,0,0,0,0,1
2025,9,2025_09_DEN_HOU,HOU,00-0040138,0,0,1,0,0,0
2025,9,2025_09_DEN_HOU,HOU,00-0040583,0,0,10,0,0,3
2025,9,2025_09_IND_PIT,IND,00-0032104,0,0,1,0,0,1
2025,9,2025_09_IND_PIT,IND,00-0033217,0,0,0,0,1,0
2025,9,2025_09_IND_PIT,IND,00-0035710,3,0,0,0,0,0
2025,9,2025_09_IND_PIT,IND,00-0036223,0,1,13,0,0,2
2025,9,2025_09_IND_PIT,IND,00-0036252,0,0,0,0,0,12
2025,9,2025_09_IND_PIT,IND,00-0037120,0,0,0,0,1,1
2025,9,2025_09_IND_PIT,IND,00-0037323,0,0,1,0,0,0
2025,9,2025_09_IND_PIT,IND,00-0037664,0,0,0,0,0,13
2025,9,2025_09_IND_PIT,IND,00-0038997,0,0,0,1,1,7
2025,9,2025_09_IND_PIT,IND,00-0039890,0,0,0,0,0,1
2025,9,2025_09_IND_PIT,IND,00-0040128,0,0,0,0,3,4
2025,9,2025_09_IND_PIT,PIT,00-0023459,1,0,0,0,0,0
2025,9,2025_09_IND_PIT,PIT,00-0033858,0,0,0,0,1,4
2025,9,2025_09_IND_PIT,PIT,00-0035640,0,0,0,1,1,2
2025,9,2025_09_IND_PIT,PIT,00-0036894,0,0,0,0,2,2
2025,9,2025_09_IND_PIT,PIT,00-0036919,0,0,3,0,0,5
2025,9,2025_09_IND_PIT,PIT,00-0037228,0,3,13,0,0,2
2025,9,2025_09_IND_PIT,PIT,00-0037304,0,0,1,0,0,0
2025,9,2025_09_IND_PIT,PIT,00-0037837,0,0,0,0,1,5
2025,9,2025_09_IND_PIT,PIT,00-0038558,0,0,0,1,2,3
2025,9,2025_09_IND_PIT,PIT,00-0039739,0,0,0,0,0,2
2025,9,2025_09_IND_PIT,PIT,00-0040142,0,0,1,0,0,1
2025,9,2025_09_JAX_LV,JAX,00-0036497,0,0,0,0,0,1
2025,9,2025_09_JAX_LV,JAX,00-0036626,0,0,1,1,1,5
2025,9,2025_09_JAX_LV,JAX,00-0036841,0,0,0,0,0,1
2025,9,2025_09_JAX_LV,JAX,00-0036971,9,0,0,0,0,0
2025,9,2025_09_JAX_LV,JAX,00-0036973,0,5,17,0,0,5
2025,9,2025_09_JAX_LV,JAX,00-0037004,0,0,0,0,1,2
2025,9,2025_09_JAX_LV,JAX,00-0038606,0,0,0,0,2,7
2025,9,2025_09_JAX_LV,JAX,00-0039893,0,0,0,0,0,5
2025,9,2025_09_JAX_LV,JAX,00-0040238,0,0,1,0,0,1
2025,9,2025_09_JAX_LV,JAX,00-0040719,0,2,7,0,0,1
2025,9,2025_09_JAX_LV,LV,00-0030565,5,0,0,0,0,0
2025,9,2025_09_JAX_LV,LV,00-0031687,0,0,0,0,0,1
2025,9,2025_09_JAX_LV,LV,00-0032211,0,0,0,1,0,0
2025,9,2025_09_JAX_LV,LV,00-0034365,0,0,0,0,0,1
2025,9,2025_09_JAX_LV,LV,00-0034960,0,0,0,0,0,6
2025,9,2025_09_JAX_LV,LV,00-0038563,0,0,0,0,0,4
2025,9,2025_09_JAX_LV,LV,00-0039066,0,0,0,0,1,6
2025,9,2025_09_JAX_LV,LV,00-0039338,0,0,1,3,2,8
2025,9,2025_09_JAX_LV,LV,00-0040122,0,2,11,0,1,4
2025,9,2025_09_KC_BUF,BUF,00-0033282,0,0,0,0,0,1
2025,9,2025_09_KC_BUF,BUF,00-0034857,5,0,0,0,0,0
2025,9,2025_09_KC_BUF,BUF,00-0035537,0,1,1,0,0,2
2025,9,2025_09_KC_BUF,BUF,00-0035689,0,0,0,0,0,1
2025,9,2025_09_KC_BUF,BUF,00-0036980,0,0,0,0,0,1
2025,9,2025_09_KC_BUF,BUF,00-0037248,0,2,25,0,0,1
2025,9,2025_09_KC_BUF,BUF,00-0037261,0,0,0,0,0,8
2025,9,2025_09_KC_BUF,BUF,00-0038679,0,0,0,0,0,1
2025,9,2025_09_KC_BUF,BUF,00-0038933,0,0,0,0,0,6
2025,9,2025_09_KC_BUF,BUF,00-0039901,0,0,0,0,0,2
2025,9,2025_09_KC_BUF,BUF,00-0040194,0,0,0,0,0,2
2025,9,2025_09_KC_BUF,KC,00-0030506,0,0,0,1,0,4
2025,9,2025_09_KC_BUF,KC,00-0033857,0,0,0,0,0,1
2025,9,2025_09_KC_BUF,KC,00-0033873,1,0,0,0,0,0
2025,9,2025_09_KC_BUF,KC,00-0033923,0,3,8,0,0,2
2025,9,2025_09_KC_BUF,KC,00-0035662,0,0,0,0,0,4
2025,9,2025_09_KC_BUF,KC,00-0036360,0,0,2,0,0,0
2025,9,2025_09_KC_BUF,KC,00-0036637,0,0,0,0,0,1
2025,9,2025_09_KC_BUF,KC,00-0038104,0,0,0,0,0,1
2025,9,2025_09_KC_BUF,KC,00-0039067,0,1,1,0,0,7
2025,9,2025_09_KC_BUF,KC,00-0039894,0,0,1,0,0,7
2025,9,2025_09_KC_BUF,KC,00-0040078,0,0,3,0,0,1
2025,9,2025_09_LAC_TEN,LAC,00-0030279,0,0,0,0,0,5
2025,9,2025_09_LAC_TEN,LAC,00-0036355,8,0,0,0,0,0
2025,9,2025_09_LAC_TEN,LAC,00-0036755,0,0,9,0,0,0
2025,9,2025_09_LAC_TEN,LAC,00-0037654,0,0,0,0,0,1
2025,9,2025_09_LAC_TEN,LAC,00-0038544,0,0,0,2,0,4
2025,9,2025_09_LAC_TEN,LAC,00-0038614,0,0,0,0,1,0
2025,9,2025_09_LAC_TEN,LAC,00-0039391,0,1,11,0,1,0
2025,9,2025_09_LAC_TEN,LAC,00-0039915,0,0,0,0,0,6
2025,9,2025_09_LAC_TEN,LAC,00-0040184,0,0,0,0,0,1
2025,9,2025_09_LAC_TEN,LAC,00-0040189,0,0,0,0,1,4
2025,9,2025_09_LAC_TEN,LAC,00-0040727,0,0,0,0,0,2
2025,9,2025_09_LAC_TEN,TEN,00-0035261,0,2,8,0,0,2
2025,9,2025_09_LAC_TEN,TEN,00-0036415,0,0,0,0,0,4
2025,9,2025_09_LAC_TEN,TEN,00-0037809,0,0,0,0,0,2
2025,9,2025_09_LAC_TEN,TEN,00-0039032,0,0,7,0,0,3
2025,9,2025_09_LAC_TEN,TEN,00-0040170,0,0,0,0,1,5
2025,9,2025_09_LAC_TEN,TEN,00-0040584,0,0,0,0,0,1
2025,9,2025_09_LAC_TEN,TEN,00-0040676,2,0,0,0,0,0
2025,9,2025_09_LAC_TEN,TEN,00-0040705,0,0,0,0,1,2
2025,9,2025_09_MIN_DET,DET,00-0032464,0,0,0,0,0,1
2025,9,2025_09_MIN_DET,DET,00-0035685,0,2,9,0,1,3
2025,9,2025_09_MIN_DET,DET,00-0036754,0,0,0,0,0,1
2025,9,2025_09_MIN_DET,DET,00-0036963,0,0,0,1,1,11
2025,9,2025_09_MIN_DET,DET,00-0037240,0,0,0,0,1,5
2025,9,2025_09_MIN_DET,DET,00-0039065,0,0,0,0,0,8
2025,9,2025_09_MIN_DET,DET,00-0039139,0,0,9,0,0,3
2025,9,2025_09_MIN_DET,MIN,00-0033293,0,0,9,0,0,2
2025,9,2025_09_MIN_DET,MIN,00-0035229,0,0,0,1,0,2
2025,9,2025_09_MIN_DET,MIN,00-0036322,0,0,0,2,0,7
2025,9,2025_09_MIN_DET,MIN,00-0037291,0,0,0,0,0,4
2025,9,2025_09_MIN_DET,MIN,00-0037525,0,1,9,0,1,0
2025,9,2025_09_MIN_DET,MIN,00-0038994,0,0,1,0,0,4
2025,9,2025_09_MIN_DET,MIN,00-0039923,5,0,0,0,0,0
2025,9,2025_09_NO_LA,LA,00-0031381,0,0,0,2,1,4
2025,9,2025_09_NO_LA,LA,00-0033110,0,0,0,1,1,2
2025,9,2025_09_NO_LA,LA,00-0036244,0,0,0,0,1,1
2025,9,2025_09_NO_LA,LA,00-0037840,0,2,23,0,0,0
2025,9,2025_09_NO_LA,LA,00-0038359,0,0,0,0,0,3
2025,9,2025_09_NO_LA,LA,00-0039074,0,0,0,1,1,2
2025,9,2025_09_NO_LA,LA,00-0039075,0,0,1,0,2,6
2025,9,2025_09_NO_LA,LA,00-0039738,0,0,13,0,0,0
2025,9,2025_09_NO_LA,LA,00-0040737,0,0,0,0,0,3
2025,9,2025_09_NO_LA,NO,00-0031236,0,0,0,0,0,3
2025,9,2025_09_NO_LA,NO,00-0033357,0,0,4,0,0,0
2025,9,2025_09_NO_LA,NO,00-0033906,0,0,6,0,0,3
2025,9,2025_09_NO_LA,NO,00-0036040,0,0,0,0,1,3
2025,9,2025_09_NO_LA,NO,00-0037239,0,0,0,0,0,4
2025,9,2025_09_NO_LA,NO,00-0037545,0,0,0,0,1,8
2025,9,2025_09_NO_LA,NO,00-0040202,0,0,3,0,1,0
2025,9,2025_09_NO_LA,NO,00-0040743,1,0,0,0,0,0
2025,9,2025_09_SEA_WAS,SEA,00-0035891,0,0,0,0,0,2
2025,9,2025_09_SEA_WAS,SEA,00-0038134,0,2,9,0,0,2
2025,9,2025_09_SEA_WAS,SEA,00-0038543,0,0,1,0,0,9
2025,9,2025_09_SEA_WAS,SEA,00-0039165,0,0,8,0,0,1
2025,9,2025_09_SEA_WAS,SEA,00-0039299,0,0,3,0,0,0
2025,9,2025_09_SEA_WAS,SEA,00-0039793,0,1,0,1,0,3
2025,9,2025_09_SEA_WAS,SEA,00-0040648,0,0,0,1,0,3
2025,9,2025_09_SEA_WAS,SEA,00-0040739,0,0,0,0,0,2
2025,9,2025_09_SEA_WAS,WAS,00-0030061,0,0,0,0,0,4
2025,9,2025_09_SEA_WAS,WAS,00-0033955,0,0,1,0,0,0
2025,9,2025_09_SEA_WAS,WAS,00-0035719,0,0,1,0,1,5
2025,9,2025_09_SEA_WAS,WAS,00-0036628,0,0,0,0,0,4
2025,9,2025_09_SEA_WAS,WAS,00-0037742,0,0,0,0,0,1
2025,9,2025_09_SEA_WAS,WAS,00-0038611,0,1,11,0,0,0
2025,9,2025_09_SEA_WAS,WAS,00-0039910,10,0,0,0,0,0
2025,9,2025_09_SEA_WAS,WAS,00-0040164,0,0,0,0,1,4
2025,9,2025_09_SEA_WAS,WAS,00-0040242,0,0,12,0,0,1
2025,9,2025_09_SF_NYG,NYG,00-0034407,0,0,0,0,0,1
2025,9,2025_09_SF_NYG,NYG,00-0035250,0,0,8,0,1,1
2025,9,2025_09_SF_NYG,NYG,00-0035535,0,0,0,1,0,6
2025,9,2025_09_SF_NYG,NYG,00-0035645,0,0,0,0,0,1
2025,9,2025_09_SF_NYG,NYG,00-0038117,0,0,0,0,0,11
2025,9,2025_09_SF_NYG,NYG,00-0039384,0,0,5,0,0,4
2025,9,2025_09_SF_NYG,NYG,00-0039847,0,0,0,0,1,5
2025,9,2025_09_SF_NYG,NYG,00-0040691,8,0,0,0,0,0
2025,9,2025_09_SF_NYG,SF,00-0029892,0,0,0,0,0,2
2025,9,2025_09_SF_NYG,SF,00-0032775,0,0,0,0,1,0
2025,9,2025_09_SF_NYG,SF,00-0033280,0,1,27,0,1,5
2025,9,2025_09_SF_NYG,SF,00-0033288,0,0,1,0,1,3
2025,9,2025_09_SF_NYG,SF,00-0033307,0,0,0,0,0,2
2025,9,2025_09_SF_NYG,SF,00-0036259,0,0,0,1,2,2
2025,9,2025_09_SF_NYG,SF,00-0036887,0,0,0,0,0,1
2025,9,2025_09_SF_NYG,SF,00-0036972,3,0,0,0,0,0
2025,9,2025_09_SF_NYG,SF,00-0037746,0,0,5,0,0,0
2025,9,2025_09_SF_NYG,SF,00-0038090,0,0,0,0,0,1
2025,9,2025_09_SF_NYG,SF,00-0040172,0,0,0,0,0,1
2025,10,2025_10_ARI_SEA,ARI,00-0033119,4,0,0,0,0,0
2025,10,2025_10_ARI_SEA,ARI,00-0033891,0,0,0,1,0,0
2025,10,2025_10_ARI_SEA,ARI,00-0035500,0,1,1,0,0,0
2025,10,2025_10_ARI_SEA,ARI,00-0036924,0,0,3,0,0,0
2025,10,2025_10_ARI_SEA,ARI,00-0037157,0,1,9,1,2,1
2025,10,2025_10_ARI_SEA,ARI,00-0037744,0,0,0,2,1,10
2025,10,2025_10_ARI_SEA,ARI,00-0038559,0,0,0,1,2,4
2025,10,2025_10_ARI_SEA,ARI,00-0038705,0,0,4,0,2,2
2025,10,2025_10_ARI_SEA,ARI,00-0039041,0,0,0,0,1,2
2025,10,2025_10_ARI_SEA,ARI,00-0039849,0,0,0,4,0,8
2025,10,2025_10_ARI_SEA,SEA,00-0033908,0,0,0,0,0,2
2025,10,2025_10_ARI_SEA,SEA,00-0034869,1,0,0,0,0,0
2025,10,2025_10_ARI_SEA,SEA,00-0035704,1,0,0,0,0,0
2025,10,2025_10_ARI_SEA,SEA,00-0037545,0,0,2,0,1,0
2025,10,2025_10_ARI_SEA,SEA,00-0038134,0,1,13,0,0,1
2025,10,2025_10_ARI_SEA,SEA,00-0038543,0,0,0,0,0,6
2025,10,2025_10_ARI_SEA,SEA,00-0039165,0,1,13,0,0,0
2025,10,2025_10_ARI_SEA,SEA,00-0039299,0,0,7,0,0,0
2025,10,2025_10_ARI_SEA,SEA,00-0039793,0,0,2,0,0,0
2025,10,2025_10_ARI_SEA,SEA,00-0040058,0,0,0,0,1,0
2025,10,2025_10_ARI_SEA,SEA,00-0040739,0,0,0,0,0,1
2025,10,2025_10_ATL_IND,ATL,00-0035359,0,0,0,0,0,1
2025,10,2025_10_ATL_IND,ATL,00-0036309,0,0,0,0,0,8
2025,10,2025_10_ATL_IND,ATL,00-0036429,0,0,0,0,0,1
2025,10,2025_10_ATL_IND,ATL,00-0036970,0,0,0,0,0,5
2025,10,2025_10_ATL_IND,ATL,00-0037238,0,0,0,1,0,7
2025,10,2025_10_ATL_IND,ATL,00-0037263,0,2,9,0,0,0
2025,10,2025_10_ATL_IND,ATL,00-0038542,0,0,17,0,0,2
2025,10,2025_10_ATL_IND,IND,00-0032104,0,0,0,0,0,1
2025,10,2025_10_ATL_IND,IND,00-0033217,0,0,0,0,0,1
2025,10,2025_10_ATL_IND,IND,00-0035021,0,0,1,0,0,0
2025,10,2025_10_ATL_IND,IND,00-0035710,7,0,0,0,0,0
2025,10,2025_10_ATL_IND,IND,00-0036223,0,2,30,0,0,3
2025,10,2025_10_ATL_IND,IND,00-0036252,0,0,0,0,0,2
2025,10,2025_10_ATL_IND,IND,00-0037120,0,0,1,0,0,0
2025,10,2025_10_ATL_IND,IND,00-0037664,0,0,0,0,0,7
2025,10,2025_10_ATL_IND,IND,00-0038997,0,0,0,0,0,2
2025,10,2025_10_ATL_IND,IND,00-0040128,0,0,0,0,1,9
2025,10,2025_10_BAL_MIN,BAL,00-0030564,0,0,0,1,0,3
2025,10,2025_10_BAL_MIN,BAL,00-0032764,0,1,19,0,0,3
2025,10,2025_10_BAL_MIN,BAL,00-0033376,0,0,1,0,0,0
2025,10,2025_10_BAL_MIN,BAL,00-0034753,0,0,0,1,0,4
2025,10,2025_10_BAL_MIN,BAL,00-0034796,8,0,0,0,0,0
2025,10,2025_10_BAL_MIN,BAL,00-0034975,0,1,0,0,0,2
2025,10,2025_10_BAL_MIN,BAL,00-0036550,0,0,0,1,1,0
2025,10,2025_10_BAL_MIN,BAL,00-0037838,0,0,0,0,0,4
2025,10,2025_10_BAL_MIN,BAL,00-0038046,0,0,0,0,0,2
2025,10,2025_10_BAL_MIN,BAL,00-0038454,0,0,4,0,0,0
2025,10,2025_10_BAL_MIN,BAL,00-0039064,0,0,1,0,1,5
2025,10,2025_10_BAL_MIN,MIN,00-0030035,0,0,0,0,0,3
2025,10,2025_10_BAL_MIN,MIN,00-0033293,0,1,8,0,0,6
2025,10,2025_10_BAL_MIN,MIN,00-0035229,0,0,0,0,0,2
2025,10,2025_10_BAL_MIN,MIN,00-0036322,0,0,0,2,0,10
2025,10,2025_10_BAL_MIN,MIN,00-0037291,0,0,0,1,1,4
2025,10,2025_10_BAL_MIN,MIN,00-0037525,0,0,4,0,0,1
2025,10,2025_10_BAL_MIN,MIN,00-0038994,0,0,0,1,1,9
2025,10,2025_10_BAL_MIN,MIN,00-0039923,5,0,0,0,0,0
2025,10,2025_10_BUF_MIA,BUF,00-0033282,0,0,0,0,0,1
2025,10,2025_10_BUF_MIA,BUF,00-0033869,1,0,0,0,0,0
2025,10,2025_10_BUF_MIA,BUF,00-0034857,4,0,0,0,0,0
2025,10,2025_10_BUF_MIA,BUF,00-0035537,0,0,1,0,0,2
2025,10,2025_10_BUF_MIA,BUF,00-0035689,0,0,0,1,0,3
2025,10,2025_10_BUF_MIA,BUF,00-0036980,0,0,1,0,0,2
2025,10,2025_10_BUF_MIA,BUF,00-0037248,0,0,13,0,0,5
2025,10,2025_10_BUF_MIA,BUF,00-0037261,0,0,0,0,0,9
2025,10,2025_10_BUF_MIA,BUF,00-0038679,0,0,0,0,0,1
2025,10,2025_10_BUF_MIA,BUF,00-0038933,0,0,0,0,0,3
2025,10,2025_10_BUF_MIA,BUF,00-0039875,0,0,2,0,1,1
2025,10,2025_10_BUF_MIA,BUF,00-0039901,0,0,0,0,0,8
2025,10,2025_10_BUF_MIA,BUF,00-0040194,0,0,0,0,0,2
2025,10,2025_10_BUF_MIA,MIA,00-0035125,0,0,1,0,0,0
2025,10,2025_10_BUF_MIA,MIA,00-0036182,0,0,0,0,0,1
2025,10,2025_10_BUF_MIA,MIA,00-0036613,0,0,0,0,0,7
2025,10,2025_10_BUF_MIA,MIA,00-0037252,0,0,0,0,0,4
2025,10,2025_10_BUF_MIA,MIA,00-0039040,0,0,22,0,0,6
2025,10,2025_10_BUF_MIA,MIA,00-0039874,0,0,5,0,0,0
2025,10,2025_10_BUF_MIA,MIA,00-0039880,0,0,1,1,0,2
2025,10,2025_10_BUF_MIA,MIA,00-0040198,0,0,1,0,0,0
2025,10,2025_10_CLE_NYJ,CLE,00-0033885,0,0,0,0,1,1
2025,10,2025_10_CLE_NYJ,CLE,00-0036407,0,0,0,0,0,12
2025,10,2025_10_CLE_NYJ,CLE,00-0037267,0,0,1,0,1,0
2025,10,2025_10_CLE_NYJ,CLE,00-0038979,0,0,0,0,1,3
2025,10,2025_10_CLE_NYJ,CLE,00-0039379,0,0,0,0,0,1
2025,10,2025_10_CLE_NYJ,CLE,00-0039920,0,0,2,0,0,1
2025,10,2025_10_CLE_NYJ,CLE,00-0040162,0,0,2,0,0,1
2025,10,2025_10_CLE_NYJ,CLE,00-0040663,0,0,0,0,0,7
2025,10,2025_10_CLE_NYJ,CLE,00-0040704,5,0,0,0,0,0
2025,10,2025_10_CLE_NYJ,CLE,00-0040784,0,0,22,0,0,3
2025,10,2025_10_CLE_NYJ,NYJ,00-0036427,0,0,0,0,0,1
2025,10,2025_10_CLE_NYJ,NYJ,00-0036945,5,0,0,0,0,0
2025,10,2025_10_CLE_NYJ,NYJ,00-0037614,0,0,1,0,0,1
2025,10,2025_10_CLE_NYJ,NYJ,00-0037740,0,0,0,0,0,3
2025,10,2025_10_CLE_NYJ,NYJ,00-0037805,0,0,0,0,0,1
2025,10,2025_10_CLE_NYJ,NYJ,00-0038120,0,0,21,0,0,1
2025,10,2025_10_CLE_NYJ,NYJ,00-0039451,0,0,0,0,0,1
2025,10,2025_10_CLE_NYJ,NYJ,00-0039798,0,0,3,0,0,1
2025,10,2025_10_CLE_NYJ,NYJ,00-0040582,0,0,1,0,0,0
2025,10,2025_10_CLE_NYJ,NYJ,00-0040736,0,0,0,0,0,2
2025,10,2025_10_DET_WAS,DET,00-0032464,0,0,1,0,1,3
2025,10,2025_10_DET_WAS,DET,00-0034073,0,0,0,0,0,1
2025,10,2025_10_DET_WAS,DET,00-0035685,0,0,15,0,0,1
2025,10,2025_10_DET_WAS,DET,00-0036754,0,0,0,0,0,1
2025,10,2025_10_DET_WAS,DET,00-0036963,0,0,0,0,3,5
2025,10,2025_10_DET_WAS,DET,00-0037240,0,0,0,0,1,6
2025,10,2025_10_DET_WAS,DET,00-0039065,0,0,0,0,1,4
2025,10,2025_10_DET_WAS,DET,00-0039139,0,0,15,0,1,3
2025,10,2025_10_DET_WAS,DET,00-0039364,0,0,1,0,0,0
2025,10,2025_10_DET_WAS,DET,00-0040669,0,0,0,0,0,1
2025,10,2025_10_DET_WAS,WAS,00-0030061,0,0,0,0,1,4
2025,10,2025_10_DET_WAS,WAS,00-0032268,4,0,0,0,0,0
2025,10,2025_10_DET_WAS,WAS,00-0032688,0,0,0,0,0,4
2025,10,2025_10_DET_WAS,WAS,00-0033955,0,0,5,0,0,1
2025,10,2025_10_DET_WAS,WAS,00-0035719,0,0,0,1,2,2
2025,10,2025_10_DET_WAS,WAS,00-0036628,0,0,0,0,0,2
2025,10,2025_10_DET_WAS,WAS,00-0037742,0,0,0,0,0,3
2025,10,2025_10_DET_WAS,WAS,00-0038611,0,1,5,0,0,0
2025,10,2025_10_DET_WAS,WAS,00-0039912,0,0,0,0,1,0
2025,10,2025_10_DET_WAS,WAS,00-0040164,0,0,0,0,0,1
2025,10,2025_10_DET_WAS,WAS,00-0040242,0,0,11,0,0,0
2025,10,2025_10_JAX_HOU,HOU,00-0034383,0,0,0,1,0,10
2025,10,2025_10_JAX_HOU,HOU,00-0034775,0,0,0,0,1,2
2025,10,2025_10_JAX_HOU,HOU,00-0034791,0,0,5,0,0,1
2025,10,2025_10_JAX_HOU,HOU,00-0036554,0,0,0,5,1,9
2025,10,2025_10_JAX_HOU,HOU,00-0036898,3,0,0,0,0,0
2025,10,2025_10_JAX_HOU,HOU,00-0040130,0,0,0,1,1,5
2025,10,2025_10_JAX_HOU,HOU,00-0040138,0,0,0,0,1,3
2025,10,2025_10_JAX_HOU,HOU,00-0040583,0,2,12,0,1,2
2025,10,2025_10_JAX_HOU,JAX,00-0033246,0,0,0,0,0,2
2025,10,2025_10_JAX_HOU,JAX,00-0034960,0,0,0,0,0,3
2025,10,2025_10_JAX_HOU,JAX,00-0036626,0,0,0,0,0,1
2025,10,2025_10_JAX_HOU,JAX,00-0036841,0,0,0,0,0,3
2025,10,2025_10_JAX_HOU,JAX,00-0036971,5,0,0,0,0,0
2025,10,2025_10_JAX_HOU,JAX,00-0036973,0,1,15,0,1,3
2025,10,2025_10_JAX_HOU,JAX,00-0038606,0,1,1,1,2,4
2025,10,2025_10_JAX_HOU,JAX,00-0040238,0,0,0,0,0,1
2025,10,2025_10_JAX_HOU,JAX,00-0040719,0,0,4,0,0,2
2025,10,2025_10_LA_SF,LA,00-0031381,0,0,0,1,1,6
2025,10,2025_10_LA_SF,LA,00-0033110,0,0,0,0,0,3
2025,10,2025_10_LA_SF,LA,00-0036244,0,0,0,0,3,2
2025,10,2025_10_LA_SF,LA,00-0037840,0,1,13,0,0,3
2025,10,2025_10_LA_SF,LA,00-0038359,0,0,0,0,0,1
2025,10,2025_10_LA_SF,LA,00-0039074,0,0,0,1,0,1
2025,10,2025_10_LA_SF,LA,00-0039075,0,0,0,0,0,6
2025,10,2025_10_LA_SF,LA,00-0039738,0,1,12,0,0,0
2025,10,2025_10_LA_SF,LA,00-0040590,0,0,0,0,0,2
2025,10,2025_10_LA_SF,LA,00-0040737,0,0,0,0,0,4
2025,10,2025_10_LA_SF,SF,00-0029892,0,0,0,0,1,1
2025,10,2025_10_LA_SF,SF,00-0032775,0,0,0,0,0,4
2025,10,2025_10_LA_SF,SF,00-0033280,0,0,12,0,3,7
2025,10,2025_10_LA_SF,SF,00-0033288,0,0,0,0,4,5
2025,10,2025_10_LA_SF,SF,00-0033307,0,0,0,0,0,1
2025,10,2025_10_LA_SF,SF,00-0036259,0,0,0,1,0,8
2025,10,2025_10_LA_SF,SF,00-0036887,0,0,0,0,1,1
2025,10,2025_10_LA_SF,SF,00-0036972,1,0,0,0,0,0
2025,10,2025_10_LA_SF,SF,00-0037746,0,1,7,0,1,0
2025,10,2025_10_LA_SF,SF,00-0038090,0,0,0,0,0,1
2025,10,2025_10_LV_DEN,DEN,00-0033881,0,0,0,0,1,4
2025,10,2025_10_LV_DEN,DEN,00-0034348,0,0,0,0,0,4
2025,10,2025_10_LV_DEN,DEN,00-0036158,0,0,18,0,0,1
2025,10,2025_10_LV_DEN,DEN,00-0036422,0,0,0,0,0,1
2025,10,2025_10_LV_DEN,DEN,00-0036727,0,0,0,0,0,1
2025,10,2025_10_LV_DEN,DEN,00-0037085,0,0,0,0,0,1
2025,10,2025_10_LV_DEN,DEN,00-0039732,3,0,0,0,0,0
2025,10,2025_10_LV_DEN,DEN,00-0039868,0,0,0,1,1,7
2025,10,2025_10_LV_DEN,DEN,00-0040134,0,0,0,0,0,2
2025,10,2025_10_LV_DEN,DEN,00-0040730,0,1,3,0,0,3
2025,10,2025_10_LV_DEN,LV,00-0030565,3,0,0,0,0,0
2025,10,2025_10_LV_DEN,LV,00-0031687,0,0,1,0,0,1
2025,10,2025_10_LV_DEN,LV,00-0032211,0,0,0,0,0,6
2025,10,2025_10_LV_DEN,LV,00-0038563,0,0,1,0,0,3
2025,10,2025_10_LV_DEN,LV,00-0039066,0,0,0,0,1,3
2025,10,2025_10_LV_DEN,LV,00-0039338,0,0,1,0,0,3
2025,10,2025_10_LV_DEN,LV,00-0040122,0,1,18,0,0,5
2025,10,2025_10_LV_DEN,LV,00-0040581,0,0,0,0,0,2
2025,10,2025_10_LV_DEN,LV,00-0040729,0,0,0,0,0,1
2025,10,2025_10_NE_TB,NE,00-0031588,0,0,0,1,0,7
2025,10,2025_10_NE_TB,NE,00-0032392,0,0,0,0,0,1
2025,10,2025_10_NE_TB,NE,00-0033090,0,0,0,0,1,3
2025,10,2025_10_NE_TB,NE,00-0033555,0,0,0,1,0,9
2025,10,2025_10_NE_TB,NE,00-0035628,0,1,0,0,0,0
2025,10,2025_10_NE_TB,NE,00-0038621,0,0,1,0,0,2
2025,10,2025_10_NE_TB,NE,00-0039305,0,0,0,0,0,1
2025,10,2025_10_NE_TB,NE,00-0039757,0,0,4,0,0,0
2025,10,2025_10_NE_TB,NE,00-0039851,6,0,0,0,0,0
2025,10,2025_10_NE_TB,NE,00-0040131,0,0,0,0,0,2
2025,10,2025_10_NE_TB,NE,00-0040734,0,2,12,0,0,1
2025,10,2025_10_NE_TB,TB,00-0032385,0,0,1,0,0,4
2025,10,2025_10_NE_TB,TB,00-0037256,0,0,10,0,1,4
2025,10,2025_10_NE_TB,TB,00-0038129,0,0,0,0,0,12
2025,10,2025_10_NE_TB,TB,00-0038951,0,0,9,0,0,2
2025,10,2025_10_NE_TB,TB,00-0039050,0,0,0,0,0,1
2025,10,2025_10_NE_TB,TB,00-0039589,0,0,1,0,0,1
2025,10,2025_10_NE_TB,TB,00-0040129,0,0,0,1,1,11
2025,10,2025_10_NE_TB,TB,00-0040237,0,0,0,2,1,2
2025,10,2025_10_NO_CAR,CAR,00-0036139,0,1,17,0,1,2
2025,10,2025_10_NO_CAR,CAR,00-0036555,0,0,3,0,0,1
2025,10,2025_10_NO_CAR,CAR,00-0039150,2,0,0,0,0,0
2025,10,2025_10_NO_CAR,CAR,00-0039342,0,0,0,0,0,1
2025,10,2025_10_NO_CAR,CAR,00-0039356,0,0,0,0,0,5
2025,10,2025_10_NO_CAR,CAR,00-0039491,0,0,0,0,0,4
2025,10,2025_10_NO_CAR,CAR,00-0040124,0,0,0,0,0,8
2025,10,2025_10_NO_CAR,CAR,00-0040187,0,0,0,0,0,1
2025,10,2025_10_NO_CAR,NO,00-0033357,0,1,6,0,0,1
2025,10,2025_10_NO_CAR,NO,00-0033906,0,1,21,0,0,3
2025,10,2025_10_NO_CAR,NO,00-0034981,0,0,0,0,1,2
2025,10,2025_10_NO_CAR,NO,00-0036040,0,0,0,0,1,3
2025,10,2025_10_NO_CAR,NO,00-0037239,0,0,0,1,0,7
2025,10,2025_10_NO_CAR,NO,00-0037340,0,0,0,0,0,1
2025,10,2025_10_NO_CAR,NO,00-0039424,0,0,0,0,0,3
2025,10,2025_10_NO_CAR,NO,00-0040202,0,0,4,0,0,3
2025,10,2025_10_NO_CAR,NO,00-0040743,1,0,0,0,0,0
2025,10,2025_10_NYG_CHI,CHI,00-0034827,0,0,0,0,0,4
2025,10,2025_10_NYG_CHI,CHI,00-0035208,0,0,0,0,0,4
2025,10,2025_10_NYG_CHI,CHI,00-0036275,0,1,12,0,0,8
2025,10,2025_10_NYG_CHI,CHI,00-0036290,0,0,0,0,1,1
2025,10,2025_10_NYG_CHI,CHI,00-0039918,6,0,0,0,0,0
2025,10,2025_10_NYG_CHI,CHI,00-0039919,0,0,0,2,0,8
2025,10,2025_10_NYG_CHI,CHI,00-0040126,0,0,0,0,0,4
2025,10,2025_10_NYG_CHI,CHI,00-0040236,0,0,7,0,0,1
2025,10,2025_10_NYG_CHI,CHI,00-0040735,0,0,0,0,0,3
2025,10,2025_10_NYG_CHI,NYG,00-0029263,2,0,0,0,0,0
2025,10,2025_10_NYG_CHI,NYG,00-0035250,0,2,6,0,0,3
2025,10,2025_10_NYG_CHI,NYG,00-0035535,0,0,0,0,0,4
2025,10,2025_10_NYG_CHI,NYG,00-0035645,0,0,0,2,0,0
2025,10,2025_10_NYG_CHI,NYG,00-0038115,0,0,0,1,1,0
2025,10,2025_10_NYG_CHI,NYG,00-0038117,0,0,0,0,0,11
2025,10,2025_10_NYG_CHI,NYG,00-0039384,0,0,14,0,0,2
2025,10,2025_10_NYG_CHI,NYG,00-0039847,0,0,0,1,0,7
2025,10,2025_10_NYG_CHI,NYG,00-0040691,6,0,0,0,0,0
2025,10,2025_10_PHI_GB,GB,00-0035700,0,0,21,0,1,5
2025,10,2025_10_PHI_GB,GB,00-0036264,5,0,0,0,0,0
2025,10,2025_10_PHI_GB,GB,00-0037091,0,0,0,0,0,5
2025,10,2025_10_PHI_GB,GB,00-0037816,0,0,0,0,0,4
2025,10,2025_10_PHI_GB,GB,00-0038124,0,0,0,0,0,4
2025,10,2025_10_PHI_GB,GB,00-0038393,0,0,0,0,0,8
2025,10,2025_10_PHI_GB,GB,00-0038797,0,0,1,0,0,1
2025,10,2025_10_PHI_GB,GB,00-0039144,0,0,0,0,0,3
2025,10,2025_10_PHI_GB,GB,00-0040009,0,0,0,0,0,2
2025,10,2025_10_PHI_GB,PHI,00-0034351,0,0,0,0,0,6
2025,10,2025_10_PHI_GB,PHI,00-0034844,0,0,22,0,0,3
2025,10,2025_10_PHI_GB,PHI,00-0035676,0,0,0,0,0,3
2025,10,2025_10_PHI_GB,PHI,00-0036389,5,0,0,0,0,0
2025,10,2025_10_PHI_GB,PHI,00-0036912,0,0,0,0,0,7
2025,10,2025_10_PHI_GB,PHI,00-0037086,0,0,0,0,0,1
2025,10,2025_10_PHI_GB,PHI,00-0037741,0,0,0,0,0,1
2025,10,2025_10_PHI_GB,PHI,00-0038555,0,0,3,0,0,0
2025,10,2025_10_PHI_GB,PHI,00-0039746,0,0,4,0,0,2
2025,10,2025_10_PIT_LAC,LAC,00-0030279,0,0,0,0,1,4
2025,10,2025_10_PIT_LAC,LAC,00-0034270,0,0,0,0,0,1
2025,10,2025_10_PIT_LAC,LAC,00-0036355,4,0,0,0,0,0
2025,10,2025_10_PIT_LAC,LAC,00-0036755,0,0,1,0,0,0
2025,10,2025_10_PIT_LAC,LAC,00-0037654,0,0,0,0,0,1
2025,10,2025_10_PIT_LAC,LAC,00-0038544,0,0,0,0,0,10
2025,10,2025_10_PIT_LAC,LAC,00-0038573,0,0,0,0,0,1
2025,10,2025_10_PIT_LAC,LAC,00-0039391,0,1,24,0,0,1
2025,10,2025_10_PIT_LAC,LAC,00-0039915,0,0,0,0,2,4
2025,10,2025_10_PIT_LAC,LAC,00-0040189,0,0,0,1,2,3
2025,10,2025_10_PIT_LAC,LAC,00-0040727,0,0,0,0,0,2
2025,10,2025_10_PIT_LAC,PIT,00-0033858,0,0,0,0,0,2
2025,10,2025_10_PIT_LAC,PIT,00-0035640,0,0,0,1,0,6
2025,10,2025_10_PIT_LAC,PIT,00-0036894,0,0,0,0,0,3
2025,10,2025_10_PIT_LAC,PIT,00-0036919,0,0,0,0,1,2
2025,10,2025_10_PIT_LAC,PIT,00-0037228,0,0,14,0,0,2
2025,10,2025_10_PIT_LAC,PIT,00-0037837,0,0,0,0,0,7
2025,10,2025_10_PIT_LAC,PIT,00-0038558,0,0,0,0,0,1
2025,10,2025_10_PIT_LAC,PIT,00-0039739,0,0,0,0,0,3
2025,10,2025_10_PIT_LAC,PIT,00-0040142,0,0,2,0,0,0
2025,11,2025_11_BAL_CLE,BAL,00-0030564,0,0,0,0,0,4
2025,11,2025_11_BAL_CLE,BAL,00-0032764,0,3,15,0,0,2
2025,11,2025_11_BAL_CLE,BAL,00-0034753,0,0,1,2,0,3
2025,11,2025_11_BAL_CLE,BAL,00-0034796,2,0,0,0,0,0
2025,11,2025_11_BAL_CLE,BAL,00-0036630,0,0,0,0,0,1
2025,11,2025_11_BAL_CLE,BAL,00-0037838,0,0,0,0,1,2
2025,11,2025_11_BAL_CLE,BAL,00-0038046,0,0,0,0,1,0
2025,11,2025_11_BAL_CLE,BAL,00-0038454,0,0,6,0,0,3
2025,11,2025_11_BAL_CLE,BAL,00-0039064,0,0,1,0,0,5
2025,11,2025_11_BAL_CLE,BAL,00-0039796,0,0,0,0,0,1
2025,11,2025_11_BAL_CLE,CLE,00-0033885,0,0,0,0,0,2
2025,11,2025_11_BAL_CLE,CLE,00-0036407,0,0,0,1,0,6
2025,11,2025_11_BAL_CLE,CLE,00-0037267,0,0,1,0,0,0
2025,11,2025_11_BAL_CLE,CLE,00-0038979,0,0,0,0,0,4
2025,11,2025_11_BAL_CLE,CLE,00-0039920,0,0,0,0,0,2
2025,11,2025_11_BAL_CLE,CLE,00-0040162,0,0,1,0,0,1
2025,11,2025_11_BAL_CLE,CLE,00-0040259,0,0,0,0,0,1
2025,11,2025_11_BAL_CLE,CLE,00-0040663,0,0,0,0,1,4
2025,11,2025_11_BAL_CLE,CLE,00-0040668,3,0,0,0,0,0
2025,11,2025_11_BAL_CLE,CLE,00-0040704,2,0,0,0,0,0
2025,11,2025_11_BAL_CLE,CLE,00-0040782,0,0,1,0,0,1
2025,11,2025_11_BAL_CLE,CLE,00-0040784,0,1,16,0,0,2
2025,11,2025_11_CAR_ATL,ATL,00-0029604,1,0,0,0,0,0
2025,11,2025_11_CAR_ATL,ATL,00-0034854,0,0,0,0,0,1
2025,11,2025_11_CAR_ATL,ATL,00-0035359,0,0,0,0,0,2
2025,11,2025_11_CAR_ATL,ATL,00-0036309,0,0,0,0,0,7
2025,11,2025_11_CAR_ATL,ATL,00-0036970,0,0,0,0,0,3
2025,11,2025_11_CAR_ATL,ATL,00-0037238,0,0,0,0,0,9
2025,11,2025_11_CAR_ATL,ATL,00-0037263,0,1,2,0,0,2
2025,11,2025_11_CAR_ATL,ATL,00-0038542,0,3,20,0,1,4
2025,11,2025_11_CAR_ATL,ATL,00-0039917,1,0,0,0,0,0
2025,11,2025_11_CAR_ATL,CAR,00-0036139,0,0,19,1,1,5
2025,11,2025_11_CAR_ATL,CAR,00-0036555,0,0,4,0,1,2
2025,11,2025_11_CAR_ATL,CAR,00-0037005,0,0,0,0,1,1
2025,11,2025_11_CAR_ATL,CAR,00-0038840,0,0,0,0,0,2
2025,11,2025_11_CAR_ATL,CAR,00-0039342,0,0,0,1,0,7
2025,11,2025_11_CAR_ATL,CAR,00-0039356,0,0,0,0,1,3
2025,11,2025_11_CAR_ATL,CAR,00-0039491,0,0,0,0,0,4
2025,11,2025_11_CAR_ATL,CAR,00-0040124,0,0,0,2,2,8
2025,11,2025_11_CAR_ATL,CAR,00-0040187,0,0,0,0,0,2
2025,11,2025_11_CAR_ATL,CAR,00-0040644,0,0,1,0,0,0
2025,11,2025_11_CHI_MIN,CHI,00-0034798,0,0,0,0,0,3
2025,11,2025_11_CHI_MIN,CHI,00-0034827,0,0,1,0,0,3
2025,11,2025_11_CHI_MIN,CHI,00-0035594,0,0,1,0,0,0
2025,11,2025_11_CHI_MIN,CHI,00-0036275,0,0,21,0,0,1
2025,11,2025_11_CHI_MIN,CHI,00-0036290,0,0,0,0,0,5
2025,11,2025_11_CHI_MIN,CHI,00-0039918,4,0,0,0,0,0
2025,11,2025_11_CHI_MIN,CHI,00-0039919,0,0,0,1,0,5
2025,11,2025_11_CHI_MIN,CHI,00-0040126,0,0,0,1,0,3
2025,11,2025_11_CHI_MIN,CHI,00-0040236,0,1,11,0,0,1
2025,11,2025_11_CHI_MIN,CHI,00-0040735,0,0,0,0,0,5
2025,11,2025_11_CHI_MIN,MIN,00-0030035,0,0,0,0,0,2
2025,11,2025_11_CHI_MIN,MIN,00-0033293,0,0,16,0,2,4
2025,11,2025_11_CHI_MIN,MIN,00-0035229,0,0,0,0,0,6
2025,11,2025_11_CHI_MIN,MIN,00-0035249,0,0,0,0,0,1
2025,11,2025_11_CHI_MIN,MIN,00-0036322,0,0,0,0,0,9
2025,11,2025_11_CHI_MIN,MIN,00-0037291,0,0,0,0,0,1
2025,11,2025_11_CHI_MIN,MIN,00-0037525,0,0,6,0,0,0
2025,11,2025_11_CHI_MIN,MIN,00-0038994,0,0,0,1,0,6
2025,11,2025_11_CIN_PIT,CIN,00-0034613,0,0,0,0,0,3
2025,11,2025_11_CIN_PIT,CIN,00-0035644,0,0,0,0,0,6
2025,11,2025_11_CIN_PIT,CIN,00-0036410,0,0,0,0,1,7
2025,11,2025_11_CIN_PIT,CIN,00-0036900,0,0,0,1,1,8
2025,11,2025_11_CIN_PIT,CIN,00-0038597,0,0,18,0,0,8
2025,11,2025_11_CIN_PIT,CIN,00-0038619,0,0,0,0,0,4
2025,11,2025_11_CIN_PIT,CIN,00-0039266,0,0,2,0,0,0
2025,11,2025_11_CIN_PIT,CIN,00-0040208,0,0,1,0,0,0
2025,11,2025_11_CIN_PIT,PIT,00-0023459,1,0,0,0,0,0
2025,11,2025_11_CIN_PIT,PIT,00-0033858,0,0,0,0,0,2
2025,11,2025_11_CIN_PIT,PIT,00-0035640,0,0,0,0,0,8
2025,11,2025_11_CIN_PIT,PIT,00-0036894,0,0,0,0,0,1
2025,11,2025_11_CIN_PIT,PIT,00-0036919,0,0,9,1,2,5
2025,11,2025_11_CIN_PIT,PIT,00-0037228,0,0,10,0,0,2
2025,11,2025_11_CIN_PIT,PIT,00-0037304,0,0,2,0,0,0
2025,11,2025_11_CIN_PIT,PIT,00-0037837,0,0,0,0,0,1
2025,11,2025_11_CIN_PIT,PIT,00-0038558,0,0,0,0,0,5
2025,11,2025_11_CIN_PIT,PIT,00-0039739,0,0,0,0,1,1
2025,11,2025_11_CIN_PIT,PIT,00-0040142,0,0,5,0,0,0
2025,11,2025_11_DAL_LV,DAL,00-0036358,0,0,0,1,2,4
2025,11,2025_11_DAL_LV,DAL,00-0036997,0,1,21,0,1,0
2025,11,2025_11_DAL_LV,DAL,00-0037247,0,0,0,1,1,9
2025,11,2025_11_DAL_LV,DAL,00-0037563,0,1,3,0,0,0
2025,11,2025_11_DAL_LV,DAL,00-0037666,0,0,0,0,0,1
2025,11,2025_11_DAL_LV,DAL,00-0037801,0,0,0,0,0,2
2025,11,2025_11_DAL_LV,DAL,00-0038041,0,0,0,1,1,3
2025,11,2025_11_DAL_LV,DAL,00-0038738,0,0,1,0,1,2
2025,11,2025_11_DAL_LV,DAL,00-0039410,0,0,0,1,0,0
2025,11,2025_11_DAL_LV,DAL,00-0039530,0,0,0,0,1,0
2025,11,2025_11_DAL_LV,LV,00-0030565,3,0,0,0,0,0
2025,11,2025_11_DAL_LV,LV,00-0031687,0,0,2,0,0,2
2025,11,2025_11_DAL_LV,LV,00-0032211,0,0,0,0,0,3
2025,11,2025_11_DAL_LV,LV,00-0034365,0,0,0,0,0,1
2025,11,2025_11_DAL_LV,LV,00-0038563,0,0,0,1,1,6
2025,11,2025_11_DAL_LV,LV,00-0039066,0,0,0,0,0,4
2025,11,2025_11_DAL_LV,LV,00-0039338,0,0,0,1,1,10
2025,11,2025_11_DAL_LV,LV,00-0040122,0,0,6,0,1,7
2025,11,2025_11_DAL_LV,LV,00-0040729,0,0,0,0,0,1
2025,11,2025_11_DET_PHI,DET,00-0035685,0,0,6,0,0,1
2025,11,2025_11_DET_PHI,DET,00-0036672,0,0,1,0,0,0
2025,11,2025_11_DET_PHI,DET,00-0036754,0,0,0,0,0,7
2025,11,2025_11_DET_PHI,DET,00-0036963,0,0,0,1,0,11
2025,11,2025_11_DET_PHI,DET,00-0037240,0,0,1,0,1,6
2025,11,2025_11_DET_PHI,DET,00-0039139,0,1,11,0,0,8
2025,11,2025_11_DET_PHI,DET,00-0040669,0,0,0,0,0,1
2025,11,2025_11_DET_PHI,PHI,00-0034351,0,0,0,0,0,5
2025,11,2025_11_DET_PHI,PHI,00-0034844,0,1,25,0,0,2
2025,11,2025_11_DET_PHI,PHI,00-0035676,0,0,0,0,3,8
2025,11,2025_11_DET_PHI,PHI,00-0036389,9,0,0,0,0,0
2025,11,2025_11_DET_PHI,PHI,00-0036876,0,0,0,0,0,2
2025,11,2025_11_DET_PHI,PHI,00-0036912,0,0,0,0,0,5
2025,11,2025_11_DET_PHI,PHI,00-0037741,0,0,0,0,0,2
2025,11,2025_11_DET_PHI,PHI,00-0038555,0,0,4,0,0,0
2025,11,2025_11_GB_NYG,GB,00-0035700,0,2,5,0,0,1
2025,11,2025_11_GB_NYG,GB,00-0036264,2,0,0,0,0,0
2025,11,2025_11_GB_NYG,GB,00-0037091,0,0,1,0,0,0
2025,11,2025_11_GB_NYG,GB,00-0037306,0,0,0,0,1,0
2025,11,2025_11_GB_NYG,GB,00-0037816,0,0,0,0,0,8
2025,11,2025_11_GB_NYG,GB,00-0038124,0,0,0,2,0,3
2025,11,2025_11_GB_NYG,GB,00-0038128,1,0,0,0,0,0
2025,11,2025_11_GB_NYG,GB,00-0038393,0,0,0,0,0,2
2025,11,2025_11_GB_NYG,GB,00-0038589,0,0,0,1,0,0
2025,11,2025_11_GB_NYG,GB,00-0038685,0,0,1,0,0,0
2025,11,2025_11_GB_NYG,GB,00-0038797,0,1,10,0,0,1
2025,11,2025_11_GB_NYG,GB,00-0039144,0,0,0,0,0,2
2025,11,2025_11_GB_NYG,GB,00-0040009,0,0,0,0,0,1
2025,11,2025_11_GB_NYG,GB,00-0040667,0,0,0,0,0,3
2025,11,2025_11_GB_NYG,NYG,00-0031503,2,0,0,0,0,0
2025,11,2025_11_GB_NYG,NYG,00-0035250,0,4,12,0,1,0
2025,11,2025_11_GB_NYG,NYG,00-0036165,0,0,0,0,0,6
2025,11,2025_11_GB_NYG,NYG,00-0038115,0,0,0,0,0,1
2025,11,2025_11_GB_NYG,NYG,00-0038117,0,0,0,1,0,8
2025,11,2025_11_GB_NYG,NYG,00-0038938,0,0,0,1,0,3
2025,11,2025_11_GB_NYG,NYG,00-0039384,0,0,19,0,0,4
2025,11,2025_11_GB_NYG,NYG,00-0039847,0,0,0,0,0,4
2025,11,2025_11_HOU_TEN,HOU,00-0033854,0,0,0,0,0,1
2025,11,2025_11_HOU_TEN,HOU,00-0034383,0,0,0,0,1,8
2025,11,2025_11_HOU_TEN,HOU,00-0034775,0,0,0,1,1,2
2025,11,2025_11_HOU_TEN,HOU,00-0034791,0,0,3,0,0,2
2025,11,2025_11_HOU_TEN,HOU,00-0036554,0,0,0,1,0,9
2025,11,2025_11_HOU_TEN,HOU,00-0036898,2,0,0,0,0,0
2025,11,2025_11_HOU_TEN,HOU,00-0038618,0,0,0,0,0,5
2025,11,2025_11_HOU_TEN,HOU,00-0040130,0,0,0,0,0,7
2025,11,2025_11_HOU_TEN,HOU,00-0040138,0,0,0,0,0,1
2025,11,2025_11_HOU_TEN,HOU,00-0040583,0,1,17,0,0,1
2025,11,2025_11_HOU_TEN,TEN,00-0034837,0,0,0,0,0,1
2025,11,2025_11_HOU_TEN,TEN,00-0035261,0,0,10,0,0,3
2025,11,2025_11_HOU_TEN,TEN,00-0036176,0,0,0,0,0,3
2025,11,2025_11_HOU_TEN,TEN,00-0036415,0,0,0,0,1,6
2025,11,2025_11_HOU_TEN,TEN,00-0037809,0,0,0,0,0,3
2025,11,2025_11_HOU_TEN,TEN,00-0039032,0,0,4,0,0,5
2025,11,2025_11_HOU_TEN,TEN,00-0040170,0,0,0,0,0,6
2025,11,2025_11_HOU_TEN,TEN,00-0040584,0,0,0,0,0,5
2025,11,2025_11_HOU_TEN,TEN,00-0040676,3,0,0,0,0,0
2025,11,2025_11_HOU_TEN,TEN,00-0040705,0,0,0,0,0,3
2025,11,2025_11_KC_DEN,DEN,00-0033881,0,0,0,0,1,4
2025,11,2025_11_KC_DEN,DEN,00-0034348,0,0,0,0,2,6
2025,11,2025_11_KC_DEN,DEN,00-0036422,0,0,0,0,0,1
2025,11,2025_11_KC_DEN,DEN,00-0036727,0,0,0,0,0,2
2025,11,2025_11_KC_DEN,DEN,00-0037085,0,0,0,0,1,0
2025,11,2025_11_KC_DEN,DEN,00-0038794,0,1,5,0,0,1
2025,11,2025_11_KC_DEN,DEN,00-0038976,0,0,1,0,0,0
2025,11,2025_11_KC_DEN,DEN,00-0039732,2,0,0,0,1,0
2025,11,2025_11_KC_DEN,DEN,00-0039868,0,0,0,0,0,8
2025,11,2025_11_KC_DEN,DEN,00-0040134,0,0,0,0,1,5
2025,11,2025_11_KC_DEN,DEN,00-0040730,0,0,11,0,1,2
2025,11,2025_11_KC_DEN,KC,00-0030506,0,0,0,0,0,13
2025,11,2025_11_KC_DEN,KC,00-0033757,0,0,0,0,0,1
2025,11,2025_11_KC_DEN,KC,00-0033873,1,0,0,0,0,0
2025,11,2025_11_KC_DEN,KC,00-0033923,0,1,12,0,0,2
2025,11,2025_11_KC_DEN,KC,00-0035662,0,0,0,0,0,4
2025,11,2025_11_KC_DEN,KC,00-0036567,0,0,0,0,0,1
2025,11,2025_11_KC_DEN,KC,00-0036637,0,0,0,0,0,3
2025,11,2025_11_KC_DEN,KC,00-0038104,0,0,0,0,0,2
2025,11,2025_11_KC_DEN,KC,00-0039067,0,0,0,0,3,6
2025,11,2025_11_KC_DEN,KC,00-0039894,0,0,0,0,0,5
2025,11,2025_11_KC_DEN,KC,00-0040078,0,0,0,0,2,1
2025,11,2025_11_LAC_JAX,JAX,00-0033246,0,0,0,0,1,2
2025,11,2025_11_LAC_JAX,JAX,00-0033375,0,0,0,1,1,2
2025,11,2025_11_LAC_JAX,JAX,00-0034960,0,0,0,0,1,5
2025,11,2025_11_LAC_JAX,JAX,00-0036590,0,0,0,0,0,3
2025,11,2025_11_LAC_JAX,JAX,00-0036626,0,0,0,0,0,1
2025,11,2025_11_LAC_JAX,JAX,00-0036841,0,0,0,0,0,1
2025,11,2025_11_LAC_JAX,JAX,00-0036971,5,0,0,0,0,0
2025,11,2025_11_LAC_JAX,JAX,00-0036973,0,3,16,0,0,2
2025,11,2025_11_LAC_JAX,JAX,00-0038606,0,0,0,0,0,2
2025,11,2025_11_LAC_JAX,JAX,00-0040238,0,0,8,0,0,0
2025,11,2025_11_LAC_JAX,JAX,00-0040719,0,1,14,0,0,0
2025,11,2025_11_LAC_JAX,LAC,00-0030279,0,0,0,0,0,6
2025,11,2025_11_LAC_JAX,LAC,00-0035291,0,0,3,0,0,1
2025,11,2025_11_LAC_JAX,LAC,00-0036355,3,0,0,0,0,0
2025,11,2025_11_LAC_JAX,LAC,00-0037012,3,0,0,0,0,0
2025,11,2025_11_LAC_JAX,LAC,00-0038544,0,0,0,0,1,2
2025,11,2025_11_LAC_JAX,LAC,00-0038573,0,0,0,0,0,1
2025,11,2025_11_LAC_JAX,LAC,00-0039391,0,0,5,0,0,2
2025,11,2025_11_LAC_JAX,LAC,00-0039915,0,0,0,0,0,4
2025,11,2025_11_LAC_JAX,LAC,00-0040039,0,0,2,0,0,1
2025,11,2025_11_LAC_JAX,LAC,00-0040189,0,0,0,0,0,5
2025,11,2025_11_LAC_JAX,LAC,00-0040727,0,0,0,0,0,1
2025,11,2025_11_NYJ_NE,NE,00-0031588,0,0,0,0,0,11
2025,11,2025_11_NYJ_NE,NE,00-0033090,0,0,0,1,0,5
2025,11,2025_11_NYJ_NE,NE,00-0033555,0,0,0,0,0,5
2025,11,2025_11_NYJ_NE,NE,00-0035628,0,0,3,0,0,0
2025,11,2025_11_NYJ_NE,NE,00-0038621,0,0,1,0,0,3
2025,11,2025_11_NYJ_NE,NE,00-0039851,2,0,0,0,0,0
2025,11,2025_11_NYJ_NE,NE,00-0040131,0,0,0,0,0,3
2025,11,2025_11_NYJ_NE,NE,00-0040734,0,0,19,1,0,4
2025,11,2025_11_NYJ_NE,NYJ,00-0036945,11,0,0,0,1,0
2025,11,2025_11_NYJ_NE,NYJ,00-0037614,0,0,0,0,0,3
2025,11,2025_11_NYJ_NE,NYJ,00-0037805,0,0,0,0,1,4
2025,11,2025_11_NYJ_NE,NYJ,00-0038120,0,0,14,0,0,2
2025,11,2025_11_NYJ_NE,NYJ,00-0039451,0,0,1,0,0,4
2025,11,2025_11_NYJ_NE,NYJ,00-0039798,0,0,2,0,0,1
2025,11,2025_11_NYJ_NE,NYJ,00-0039890,0,0,0,0,1,5
2025,11,2025_11_NYJ_NE,NYJ,00-0040736,0,0,0,0,0,4
2025,11,2025_11_SEA_LA,LA,00-0031381,0,0,0,2,0,6
2025,11,2025_11_SEA_LA,LA,00-0033110,0,0,0,0,1,1
2025,11,2025_11_SEA_LA,LA,00-0036244,0,0,0,0,1,1
2025,11,2025_11_SEA_LA,LA,00-0037840,0,1,11,0,2,0
2025,11,2025_11_SEA_LA,LA,00-0038359,0,0,0,0,0,2
2025,11,2025_11_SEA_LA,LA,00-0039075,0,0,2,0,0,8
2025,11,2025_11_SEA_LA,LA,00-0039738,0,3,5,0,0,2
2025,11,2025_11_SEA_LA,LA,00-0039751,0,0,0,0,0,1
2025,11,2025_11_SEA_LA,SEA,00-0033908,0,0,0,0,1,6
2025,11,2025_11_SEA_LA,SEA,00-0034869,2,0,0,0,0,0
2025,11,2025_11_SEA_LA,SEA,00-0037545,0,0,1,0,0,5
2025,11,2025_11_SEA_LA,SEA,00-0038134,0,1,15,0,0,3
2025,11,2025_11_SEA_LA,SEA,00-0038543,0,0,1,1,1,10
2025,11,2025_11_SEA_LA,SEA,00-0039165,0,0,11,0,0,2
2025,11,2025_11_SEA_LA,SEA,00-0039299,0,0,2,0,0,0
2025,11,2025_11_SEA_LA,SEA,00-0039793,0,0,2,0,1,10
2025,11,2025_11_SEA_LA,SEA,00-0040739,0,0,0,0,0,2
2025,11,2025_11_SF_ARI,ARI,00-0033119,2,0,0,0,0,0
2025,11,2025_11_SF_ARI,ARI,00-0035500,0,0,0,1,1,4
2025,11,2025_11_SF_ARI,ARI,00-0035876,0,0,0,0,1,0
2025,11,2025_11_SF_ARI,ARI,00-0036924,0,0,2,0,2,5
2025,11,2025_11_SF_ARI,ARI,00-0037157,0,0,5,0,1,3
2025,11,2025_11_SF_ARI,ARI,00-0037744,0,0,0,1,1,9
2025,11,2025_11_SF_ARI,ARI,00-0038559,0,0,0,0,0,18
2025,11,2025_11_SF_ARI,ARI,00-0038705,0,0,5,0,0,3
2025,11,2025_11_SF_ARI,ARI,00-0039041,0,0,0,0,1,2
2025,11,2025_11_SF_ARI,ARI,00-0039521,0,0,0,0,1,2
2025,11,2025_11_SF_ARI,SF,00-0029892,0,0,0,0,0,2
2025,11,2025_11_SF_ARI,SF,00-0032775,0,0,0,0,0,2
2025,11,2025_11_SF_ARI,SF,00-0033280,0,2,11,0,2,4
2025,11,2025_11_SF_ARI,SF,00-0033288,0,0,0,1,1,4
2025,11,2025_11_SF_ARI,SF,00-0036259,0,0,0,1,0,5
2025,11,2025_11_SF_ARI,SF,00-0037746,0,0,8,0,0,1
2025,11,2025_11_SF_ARI,SF,00-0037834,1,0,0,0,0,0
2025,11,2025_11_SF_ARI,SF,00-0039916,0,0,0,0,0,2
2025,11,2025_11_TB_BUF,BUF,00-0033282,0,0,0,0,0,3
2025,11,2025_11_TB_BUF,BUF,00-0034857,6,0,0,0,0,0
2025,11,2025_11_TB_BUF,BUF,00-0035140,0,0,0,0,0,1
2025,11,2025_11_TB_BUF,BUF,00-0035537,0,0,1,0,0,2
2025,11,2025_11_TB_BUF,BUF,00-0035689,0,0,0,0,0,3
2025,11,2025_11_TB_BUF,BUF,00-0036196,0,0,0,1,0,3
2025,11,2025_11_TB_BUF,BUF,00-0036988,0,0,0,0,0,5
2025,11,2025_11_TB_BUF,BUF,00-0037248,0,0,16,0,0,3
2025,11,2025_11_TB_BUF,BUF,00-0037261,0,0,0,0,0,3
2025,11,2025_11_TB_BUF,BUF,00-0038679,0,0,0,0,0,5
2025,11,2025_11_TB_BUF,BUF,00-0040363,0,0,0,0,0,1
2025,11,2025_11_TB_BUF,TB,00-0032385,0,0,1,0,0,5
2025,11,2025_11_TB_BUF,TB,00-0034855,5,0,0,0,0,0
2025,11,2025_11_TB_BUF,TB,00-0037256,0,0,10,0,1,2
2025,11,2025_11_TB_BUF,TB,00-0038129,0,0,0,1,0,4
2025,11,2025_11_TB_BUF,TB,00-0038951,0,1,18,0,0,2
2025,11,2025_11_TB_BUF,TB,00-0040129,0,0,0,1,0,8
2025,11,2025_11_TB_BUF,TB,00-0040237,0,0,3,0,1,2
2025,11,2025_11_WAS_MIA,MIA,00-0036613,0,0,0,1,0,6
2025,11,2025_11_WAS_MIA,MIA,00-0037252,0,0,0,1,1,2
2025,11,2025_11_WAS_MIA,MIA,00-0038720,0,0,0,0,0,1
2025,11,2025_11_WAS_MIA,MIA,00-0039040,0,3,18,0,2,3
2025,11,2025_11_WAS_MIA,MIA,00-0039874,0,0,1,0,0,0
2025,11,2025_11_WAS_MIA,MIA,00-0039880,0,0,0,0,0,3
2025,11,2025_11_WAS_MIA,MIA,00-0040198,0,3,6,0,0,0
2025,11,2025_11_WAS_MIA,WAS,00-0030061,0,0,0,1,0,7
2025,11,2025_11_WAS_MIA,WAS,00-0032268,4,0,0,0,0,0
2025,11,2025_11_WAS_MIA,WAS,00-0032398,0,0,0,1,0,4
2025,11,2025_11_WAS_MIA,WAS,00-0032688,0,0,0,0,0,1
2025,11,2025_11_WAS_MIA,WAS,00-0033955,0,1,3,0,0,2
2025,11,2025_11_WAS_MIA,WAS,00-0035719,0,0,1,0,1,7
2025,11,2025_11_WAS_MIA,WAS,00-0038611,0,1,14,0,0,1
2025,11,2025_11_WAS_MIA,WAS,00-0039686,0,0,0,0,0,1
2025,11,2025_11_WAS_MIA,WAS,00-0040164,0,0,0,0,0,1
2025,11,2025_11_WAS_MIA,WAS,00-0040242,0,1,8,0,0,1
2025,11,2025_11_WAS_MIA,WAS,00-0040317,0,0,0,0,0,1
2025,12,2025_12_ATL_NO,ATL,00-0029604,1,0,0,0,0,0
2025,12,2025_12_ATL_NO,ATL,00-0035359,0,0,0,1,0,2
2025,12,2025_12_ATL_NO,ATL,00-0036309,0,0,0,0,0,3
2025,12,2025_12_ATL_NO,ATL,00-0036429,0,0,0,0,0,3
2025,12,2025_12_ATL_NO,ATL,00-0036825,0,0,1,0,0,0
2025,12,2025_12_ATL_NO,ATL,00-0036970,0,0,0,0,0,5
2025,12,2025_12_ATL_NO,ATL,00-0037263,0,0,12,0,0,1
2025,12,2025_12_ATL_NO,ATL,00-0038542,0,0,14,0,0,2
2025,12,2025_12_ATL_NO,ATL,00-0038953,0,0,0,0,0,3
2025,12,2025_12_ATL_NO,NO,00-0033357,0,1,9,0,0,0
2025,12,2025_12_ATL_NO,NO,00-0033906,0,0,3,0,0,2
2025,12,2025_12_ATL_NO,NO,00-0034860,0,0,0,0,0,1
2025,12,2025_12_ATL_NO,NO,00-0034981,0,0,0,0,0,1
2025,12,2025_12_ATL_NO,NO,00-0036040,0,0,0,0,0,7
2025,12,2025_12_ATL_NO,NO,00-0036741,0,0,0,0,0,1
2025,12,2025_12_ATL_NO,NO,00-0037239,0,0,0,0,0,13
2025,12,2025_12_ATL_NO,NO,00-0039424,0,0,0,0,1,6
2025,12,2025_12_ATL_NO,NO,00-0039623,0,0,1,0,0,4
2025,12,2025_12_ATL_NO,NO,00-0040202,0,0,7,0,0,7
2025,12,2025_12_ATL_NO,NO,00-0040743,7,0,0,0,0,0
2025,12,2025_12_BUF_HOU,BUF,00-0034857,4,0,0,0,0,0
2025,12,2025_12_BUF_HOU,BUF,00-0035537,0,0,2,0,0,3
2025,12,2025_12_BUF_HOU,BUF,00-0035689,0,0,0,0,0,4
2025,12,2025_12_BUF_HOU,BUF,00-0036187,0,0,0,0,0,1
2025,12,2025_12_BUF_HOU,BUF,00-0036196,0,0,0,0,0,2
2025,12,2025_12_BUF_HOU,BUF,00-0036980,0,0,0,0,0,3
2025,12,2025_12_BUF_HOU,BUF,00-0036988,0,0,0,0,0,4
2025,12,2025_12_BUF_HOU,BUF,00-0037248,0,0,17,0,0,3
2025,12,2025_12_BUF_HOU,BUF,00-0037261,0,0,0,0,1,9
2025,12,2025_12_BUF_HOU,BUF,00-0040194,0,0,0,0,0,2
2025,12,2025_12_BUF_HOU,HOU,00-0034383,0,0,0,0,2,2
2025,12,2025_12_BUF_HOU,HOU,00-0034775,0,0,0,2,1,3
2025,12,2025_12_BUF_HOU,HOU,00-0034791,0,1,5,0,0,1
2025,12,2025_12_BUF_HOU,HOU,00-0036554,0,0,0,0,0,3
2025,12,2025_12_BUF_HOU,HOU,00-0036898,1,0,0,0,0,0
2025,12,2025_12_BUF_HOU,HOU,00-0038618,0,0,1,0,0,0
2025,12,2025_12_BUF_HOU,HOU,00-0039359,0,0,0,0,0,2
2025,12,2025_12_BUF_HOU,HOU,00-0040130,0,0,0,2,0,7
2025,12,2025_12_BUF_HOU,HOU,00-0040138,0,0,1,0,1,1
2025,12,2025_12_BUF_HOU,HOU,00-0040583,0,2,14,0,0,1
2025,12,2025_12_CAR_SF,CAR,00-0036139,0,0,6,0,0,4
2025,12,2025_12_CAR_SF,CAR,00-0036555,0,0,3,0,1,3
2025,12,2025_12_CAR_SF,CAR,00-0039150,4,0,0,0,0,0
2025,12,2025_12_CAR_SF,CAR,00-0039342,0,0,0,0,0,5
2025,12,2025_12_CAR_SF,CAR,00-0039356,0,0,0,0,0,1
2025,12,2025_12_CAR_SF,CAR,00-0039491,0,0,0,0,1,3
2025,12,2025_12_CAR_SF,CAR,00-0040124,0,0,0,0,0,7
2025,12,2025_12_CAR_SF,CAR,00-0040187,0,0,0,1,0,0
2025,12,2025_12_CAR_SF,CAR,00-0040218,0,0,0,0,0,1
2025,12,2025_12_CAR_SF,SF,00-0032775,0,0,0,0,0,1
2025,12,2025_12_CAR_SF,SF,00-0033280,0,0,24,0,0,7
2025,12,2025_12_CAR_SF,SF,00-0033288,0,0,0,0,0,10
2025,12,2025_12_CAR_SF,SF,00-0036259,0,0,0,0,1,6
2025,12,2025_12_CAR_SF,SF,00-0036887,0,0,0,0,0,1
2025,12,2025_12_CAR_SF,SF,00-0037746,0,0,7,0,0,2
2025,12,2025_12_CAR_SF,SF,00-0037834,4,0,0,0,0,0
2025,12,2025_12_CAR_SF,SF,00-0039916,0,0,1,0,0,4
2025,12,2025_12_CLE_LV,CLE,00-0036407,0,0,0,0,0,3
2025,12,2025_12_CLE_LV,CLE,00-0037267,0,0,1,0,0,0
2025,12,2025_12_CLE_LV,CLE,00-0038979,0,0,0,0,0,3
2025,12,2025_12_CLE_LV,CLE,00-0039920,0,0,1,0,0,1
2025,12,2025_12_CLE_LV,CLE,00-0040162,0,0,7,0,0,3
2025,12,2025_12_CLE_LV,CLE,00-0040663,0,0,1,0,0,6
2025,12,2025_12_CLE_LV,CLE,00-0040782,0,0,0,0,0,2
2025,12,2025_12_CLE_LV,CLE,00-0040784,0,1,15,0,0,0
2025,12,2025_12_CLE_LV,LV,00-0030565,3,0,0,0,0,0
2025,12,2025_12_CLE_LV,LV,00-0031687,0,0,1,0,0,3
2025,12,2025_12_CLE_LV,LV,00-0032211,0,0,0,0,0,5
2025,12,2025_12_CLE_LV,LV,00-0034365,0,0,0,0,0,4
2025,12,2025_12_CLE_LV,LV,00-0038563,0,0,0,0,0,10
2025,12,2025_12_CLE_LV,LV,00-0039066,0,0,0,0,0,1
2025,12,2025_12_CLE_LV,LV,00-0039338,0,0,0,1,0,8
2025,12,2025_12_CLE_LV,LV,00-0040122,0,0,17,0,1,7
2025,12,2025_12_CLE_LV,LV,00-0040581,0,0,0,0,0,2
2025,12,2025_12_IND_KC,IND,00-0032104,0,0,0,0,0,1
2025,12,2025_12_IND_KC,IND,00-0033217,0,0,0,0,0,1
2025,12,2025_12_IND_KC,IND,00-0035021,0,0,0,0,0,1
2025,12,2025_12_IND_KC,IND,00-0035710,2,0,0,0,0,0
2025,12,2025_12_IND_KC,IND,00-0036223,0,1,15,0,0,3
2025,12,2025_12_IND_KC,IND,00-0036252,0,0,0,2,1,5
2025,12,2025_12_IND_KC,IND,00-0037292,0,0,0,1,0,1
2025,12,2025_12_IND_KC,IND,00-0037664,0,0,0,1,0,1
2025,12,2025_12_IND_KC,IND,00-0038997,0,0,0,0,1,5
2025,12,2025_12_IND_KC,IND,00-0040128,0,0,0,0,1,6
2025,12,2025_12_IND_KC,KC,00-0030506,0,1,0,0,1,5
2025,12,2025_12_IND_KC,KC,00-0033857,0,0,0,1,0,1
2025,12,2025_12_IND_KC,KC,00-0033873,4,0,0,0,0,0
2025,12,2025_12_IND_KC,KC,00-0033923,0,3,27,0,0,3
2025,12,2025_12_IND_KC,KC,00-0035662,0,0,0,0,0,1
2025,12,2025_12_IND_KC,KC,00-0036360,0,0,5,0,0,2
2025,12,2025_12_IND_KC,KC,00-0036637,0,0,0,0,0,4
2025,12,2025_12_IND_KC,KC,00-0038104,0,0,0,0,0,1
2025,12,2025_12_IND_KC,KC,00-0039067,0,0,0,2,2,8
2025,12,2025_12_IND_KC,KC,00-0039894,0,0,0,0,1,7
2025,12,2025_12_IND_KC,KC,00-0040078,0,0,1,0,1,3
2025,12,2025_12_JAX_ARI,ARI,00-0033119,3,0,0,0,0,0
2025,12,2025_12_JAX_ARI,ARI,00-0035500,0,0,2,0,0,9
2025,12,2025_12_JAX_ARI,ARI,00-0036332,0,0,0,0,0,1
2025,12,2025_12_JAX_ARI,ARI,00-0036924,0,1,4,0,2,1
2025,12,2025_12_JAX_ARI,ARI,00-0037157,0,2,8,0,0,5
2025,12,2025_12_JAX_ARI,ARI,00-0037744,0,0,0,0,0,10
2025,12,2025_12_JAX_ARI,ARI,00-0038559,0,0,0,2,0,13
2025,12,2025_12_JAX_ARI,ARI,00-0039521,0,0,0,1,0,2
2025,12,2025_12_JAX_ARI,JAX,00-0033246,0,0,0,0,0,2
2025,12,2025_12_JAX_ARI,JAX,00-0033375,0,0,0,1,0,3
2025,12,2025_12_JAX_ARI,JAX,00-0034960,0,0,0,2,0,4
2025,12,2025_12_JAX_ARI,JAX,00-0036841,0,0,0,0,0,1
2025,12,2025_12_JAX_ARI,JAX,00-0036971,4,0,0,0,0,0
2025,12,2025_12_JAX_ARI,JAX,00-0036973,0,0,15,0,1,3
2025,12,2025_12_JAX_ARI,JAX,00-0038606,0,0,0,2,0,5
2025,12,2025_12_JAX_ARI,JAX,00-0038935,0,0,0,0,1,4
2025,12,2025_12_JAX_ARI,JAX,00-0040238,0,0,1,0,0,0
2025,12,2025_12_JAX_ARI,JAX,00-0040719,0,0,7,0,0,1
2025,12,2025_12_MIN_GB,GB,00-0036264,2,0,0,0,0,0
2025,12,2025_12_MIN_GB,GB,00-0037306,0,0,0,0,0,1
2025,12,2025_12_MIN_GB,GB,00-0037816,0,0,0,0,1,2
2025,12,2025_12_MIN_GB,GB,00-0038124,0,0,0,0,0,7
2025,12,2025_12_MIN_GB,GB,00-0038128,1,0,0,0,0,0
2025,12,2025_12_MIN_GB,GB,00-0038393,0,0,0,0,1,3
2025,12,2025_12_MIN_GB,GB,00-0038589,0,0,0,0,0,1
2025,12,2025_12_MIN_GB,GB,00-0038685,0,0,8,0,0,1
2025,12,2025_12_MIN_GB,GB,00-0038797,0,3,25,0,0,2
2025,12,2025_12_MIN_GB,GB,00-0039144,0,0,0,0,0,2
2025,12,2025_12_MIN_GB,GB,00-0040009,0,0,1,0,0,0
2025,12,2025_12_MIN_GB,MIN,00-0030035,0,0,0,0,0,1
2025,12,2025_12_MIN_GB,MIN,00-0033293,0,0,9,0,0,4
2025,12,2025_12_MIN_GB,MIN,00-0035229,0,0,1,0,0,4
2025,12,2025_12_MIN_GB,MIN,00-0035249,0,0,0,0,0,1
2025,12,2025_12_MIN_GB,MIN,00-0036322,0,0,0,0,0,6
2025,12,2025_12_MIN_GB,MIN,00-0037291,0,0,0,0,0,1
2025,12,2025_12_MIN_GB,MIN,00-0037525,0,0,8,0,0,0
2025,12,2025_12_MIN_GB,MIN,00-0038994,0,0,0,0,0,1
2025,12,2025_12_MIN_GB,MIN,00-0039923,2,0,0,0,0,0
2025,12,2025_12_NE_CIN,CIN,00-0026158,1,0,0,0,0,0
2025,12,2025_12_NE_CIN,CIN,00-0034613,0,0,0,0,0,1
2025,12,2025_12_NE_CIN,CIN,00-0034829,0,0,0,0,0,6
2025,12,2025_12_NE_CIN,CIN,00-0035631,0,0,0,0,0,1
2025,12,2025_12_NE_CIN,CIN,00-0035644,0,0,0,0,0,1
2025,12,2025_12_NE_CIN,CIN,00-0036410,0,0,0,0,0,6
2025,12,2025_12_NE_CIN,CIN,00-0038576,0,0,0,0,0,1
2025,12,2025_12_NE_CIN,CIN,00-0038597,0,0,19,0,0,4
2025,12,2025_12_NE_CIN,CIN,00-0038619,0,0,1,0,0,7
2025,12,2025_12_NE_CIN,CIN,00-0038839,0,0,0,1,0,5
2025,12,2025_12_NE_CIN,CIN,00-0040208,0,0,2,0,0,1
2025,12,2025_12_NE_CIN,NE,00-0031588,0,0,0,0,0,3
2025,12,2025_12_NE_CIN,NE,00-0032392,0,0,0,0,1,3
2025,12,2025_12_NE_CIN,NE,00-0033090,0,0,0,1,2,7
2025,12,2025_12_NE_CIN,NE,00-0033555,0,0,0,0,0,6
2025,12,2025_12_NE_CIN,NE,00-0036875,0,2,4,0,0,2
2025,12,2025_12_NE_CIN,NE,00-0038608,0,0,0,0,0,2
2025,12,2025_12_NE_CIN,NE,00-0038621,0,0,1,0,0,1
2025,12,2025_12_NE_CIN,NE,00-0039757,0,1,0,0,0,0
2025,12,2025_12_NE_CIN,NE,00-0039851,4,0,0,0,0,0
2025,12,2025_12_NE_CIN,NE,00-0040131,0,0,0,0,0,1
2025,12,2025_12_NE_CIN,NE,00-0040734,0,1,17,0,1,3
2025,12,2025_12_NYG_DET,DET,00-0032464,0,0,0,0,0,2
2025,12,2025_12_NYG_DET,DET,00-0035685,0,1,4,0,0,3
2025,12,2025_12_NYG_DET,DET,00-0036754,0,0,0,0,0,4
2025,12,2025_12_NYG_DET,DET,00-0036963,0,0,0,0,2,11
2025,12,2025_12_NYG_DET,DET,00-0037240,0,0,0,0,0,3
2025,12,2025_12_NYG_DET,DET,00-0039139,0,0,15,0,1,11
2025,12,2025_12_NYG_DET,DET,00-0040669,0,0,0,0,0,1
2025,12,2025_12_NYG_DET,NYG,00-0031503,3,0,0,0,0,1
2025,12,2025_12_NYG_DET,NYG,00-0035250,0,1,13,0,0,0
2025,12,2025_12_NYG_DET,NYG,00-0035535,0,0,0,0,0,2
2025,12,2025_12_NYG_DET,NYG,00-0036165,0,0,0,2,0,4
2025,12,2025_12_NYG_DET,NYG,00-0038115,0,0,0,0,0,2
2025,12,2025_12_NYG_DET,NYG,00-0038117,0,0,1,0,0,14
2025,12,2025_12_NYG_DET,NYG,00-0039384,0,2,18,0,0,4
2025,12,2025_12_NYG_DET,NYG,00-0039847,0,0,0,2,0,3
2025,12,2025_12_NYJ_BAL,BAL,00-0030564,0,0,0,1,0,2
2025,12,2025_12_NYJ_BAL,BAL,00-0032764,0,6,15,0,1,1
2025,12,2025_12_NYJ_BAL,BAL,00-0034753,0,0,2,1,0,2
2025,12,2025_12_NYJ_BAL,BAL,00-0034796,5,0,0,0,0,0
2025,12,2025_12_NYJ_BAL,BAL,00-0036630,0,0,0,0,0,1
2025,12,2025_12_NYJ_BAL,BAL,00-0037838,0,0,0,0,0,3
2025,12,2025_12_NYJ_BAL,BAL,00-0038454,0,0,2,0,0,1
2025,12,2025_12_NYJ_BAL,BAL,00-0039064,0,0,2,0,1,5
2025,12,2025_12_NYJ_BAL,BAL,00-0039792,0,0,0,0,0,1
2025,12,2025_12_NYJ_BAL,NYJ,00-0028118,5,0,0,0,0,0
2025,12,2025_12_NYJ_BAL,NYJ,00-0034521,0,0,0,0,0,3
2025,12,2025_12_NYJ_BAL,NYJ,00-0034959,0,0,0,0,0,1
2025,12,2025_12_NYJ_BAL,NYJ,00-0037614,0,0,0,0,1,6
2025,12,2025_12_NYJ_BAL,NYJ,00-0038120,0,0,16,0,0,4
2025,12,2025_12_NYJ_BAL,NYJ,00-0039798,0,0,4,0,0,0
2025,12,2025_12_NYJ_BAL,NYJ,00-0039890,0,0,0,1,0,6
2025,12,2025_12_NYJ_BAL,NYJ,00-0040582,0,0,1,0,0,0
2025,12,2025_12_NYJ_BAL,NYJ,00-0040736,0,0,0,0,0,5
2025,12,2025_12_PHI_DAL,DAL,00-0033077,3,0,0,0,0,0
2025,12,2025_12_PHI_DAL,DAL,00-0036358,0,0,0,2,0,9
2025,12,2025_12_PHI_DAL,DAL,00-0036997,0,1,19,0,0,3
2025,12,2025_12_PHI_DAL,DAL,00-0037247,0,0,0,1,0,8
2025,12,2025_12_PHI_DAL,DAL,00-0037563,0,0,3,0,0,0
2025,12,2025_12_PHI_DAL,DAL,00-0037801,0,0,2,0,0,2
2025,12,2025_12_PHI_DAL,DAL,00-0038041,0,0,1,1,2,3
2025,12,2025_12_PHI_DAL,DAL,00-0038547,0,0,0,0,0,1
2025,12,2025_12_PHI_DAL,DAL,00-0038738,0,0,0,0,0,1
2025,12,2025_12_PHI_DAL,DAL,00-0039410,0,0,0,0,0,1
2025,12,2025_12_PHI_DAL,DAL,00-0039530,0,0,0,1,0,0
2025,12,2025_12_PHI_DAL,PHI,00-0034351,0,0,0,0,0,2
2025,12,2025_12_PHI_DAL,PHI,00-0034844,0,0,10,0,1,7
2025,12,2025_12_PHI_DAL,PHI,00-0035676,0,0,0,1,1,8
2025,12,2025_12_PHI_DAL,PHI,00-0036389,7,0,0,0,0,0
2025,12,2025_12_PHI_DAL,PHI,00-0036912,0,0,0,0,1,10
2025,12,2025_12_PHI_DAL,PHI,00-0037086,0,0,0,0,0,1
2025,12,2025_12_PHI_DAL,PHI,00-0037741,0,0,0,0,0,1
2025,12,2025_12_PHI_DAL,PHI,00-0038496,0,0,0,0,1,0
2025,12,2025_12_PHI_DAL,PHI,00-0038555,0,0,1,0,0,0
2025,12,2025_12_PHI_DAL,PHI,00-0040024,0,0,0,0,0,2
2025,12,2025_12_PIT_CHI,CHI,00-0034798,0,0,0,0,0,1
2025,12,2025_12_PIT_CHI,CHI,00-0034827,0,0,0,1,1,5
2025,12,2025_12_PIT_CHI,CHI,00-0035208,0,0,0,0,0,1
2025,12,2025_12_PIT_CHI,CHI,00-0036275,0,1,7,0,0,1
2025,12,2025_12_PIT_CHI,CHI,00-0036290,0,0,0,0,0,1
2025,12,2025_12_PIT_CHI,CHI,00-0039918,3,0,0,0,0,0
2025,12,2025_12_PIT_CHI,CHI,00-0039919,0,0,0,0,0,9
2025,12,2025_12_PIT_CHI,CHI,00-0040126,0,0,0,0,1,4
2025,12,2025_12_PIT_CHI,CHI,00-0040236,0,1,11,0,0,0
2025,12,2025_12_PIT_CHI,CHI,00-0040735,0,0,1,0,0,5
2025,12,2025_12_PIT_CHI,PIT,00-0033858,0,0,2,0,1,2
2025,12,2025_12_PIT_CHI,PIT,00-0034771,3,0,0,0,0,0
2025,12,2025_12_PIT_CHI,PIT,00-0035640,0,0,2,0,0,8
2025,12,2025_12_PIT_CHI,PIT,00-0036862,0,0,0,0,0,1
2025,12,2025_12_PIT_CHI,PIT,00-0036894,0,0,0,1,0,2
2025,12,2025_12_PIT_CHI,PIT,00-0036919,0,1,9,0,1,5
2025,12,2025_12_PIT_CHI,PIT,00-0037228,0,1,17,0,0,0
2025,12,2025_12_PIT_CHI,PIT,00-0037304,0,0,1,0,0,0
2025,12,2025_12_PIT_CHI,PIT,00-0037837,0,0,0,0,0,5
2025,12,2025_12_PIT_CHI,PIT,00-0038558,0,0,0,0,0,2
2025,12,2025_12_PIT_CHI,PIT,00-0039739,0,0,0,0,0,3
2025,12,2025_12_SEA_TEN,SEA,00-0033908,0,0,0,0,0,4
2025,12,2025_12_SEA_TEN,SEA,00-0037545,0,0,1,0,0,2
2025,12,2025_12_SEA_TEN,SEA,00-0038134,0,1,10,0,1,3
2025,12,2025_12_SEA_TEN,SEA,00-0038543,0,0,1,2,3,5
2025,12,2025_12_SEA_TEN,SEA,00-0039165,0,1,5,0,0,0
2025,12,2025_12_SEA_TEN,SEA,00-0039793,0,0,0,1,0,3
2025,12,2025_12_SEA_TEN,SEA,00-0040739,0,0,0,0,0,1
2025,12,2025_12_SEA_TEN,TEN,00-0035261,0,0,11,0,0,5
2025,12,2025_12_SEA_TEN,TEN,00-0036133,0,0,0,0,0,3
2025,12,2025_12_SEA_TEN,TEN,00-0036415,0,0,0,0,0,1
2025,12,2025_12_SEA_TEN,TEN,00-0037594,0,0,2,0,0,0
2025,12,2025_12_SEA_TEN,TEN,00-0037809,0,0,0,0,0,4
2025,12,2025_12_SEA_TEN,TEN,00-0039032,0,0,3,0,2,3
2025,12,2025_12_SEA_TEN,TEN,00-0040522,0,0,0,0,1,5
2025,12,2025_12_SEA_TEN,TEN,00-0040584,0,0,0,0,0,7
2025,12,2025_12_SEA_TEN,TEN,00-0040676,6,0,0,0,0,0
2025,12,2025_12_SEA_TEN,TEN,00-0040705,0,0,0,1,1,5
2025,12,2025_12_TB_LA,LA,00-0031381,0,0,0,2,0,6
2025,12,2025_12_TB_LA,LA,00-0036244,0,0,0,1,1,2
2025,12,2025_12_TB_LA,LA,00-0037840,0,0,12,0,0,1
2025,12,2025_12_TB_LA,LA,00-0039074,0,0,0,0,0,4
2025,12,2025_12_TB_LA,LA,00-0039075,0,0,0,1,0,10
2025,12,2025_12_TB_LA,LA,00-0039738,0,0,7,0,0,0
2025,12,2025_12_TB_LA,LA,00-0039751,0,0,0,0,0,3
2025,12,2025_12_TB_LA,LA,00-0040590,0,0,0,0,0,2
2025,12,2025_12_TB_LA,LA,00-0040737,0,0,0,0,0,1
2025,12,2025_12_TB_LA,TB,00-0031237,1,0,0,0,0,0
2025,12,2025_12_TB_LA,TB,00-0032385,0,0,0,1,0,4
2025,12,2025_12_TB_LA,TB,00-0033921,0,0,0,0,0,4
2025,12,2025_12_TB_LA,TB,00-0034855,4,0,0,0,0,0
2025,12,2025_12_TB_LA,TB,00-0037256,0,0,7,0,1,0
2025,12,2025_12_TB_LA,TB,00-0038129,0,0,0,0,0,7
2025,12,2025_12_TB_LA,TB,00-0038458,0,0,3,0,0,0
2025,12,2025_12_TB_LA,TB,00-0038951,0,0,12,0,1,1
2025,12,2025_12_TB_LA,TB,00-0040129,0,0,0,0,1,7
2025,12,2025_12_TB_LA,TB,00-0040237,0,0,2,1,1,2
2025,13,2025_13_ARI_TB,ARI,00-0033119,3,0,0,0,0,0
2025,13,2025_13_ARI_TB,ARI,00-0035500,0,0,0,0,0,2
2025,13,2025_13_ARI_TB,ARI,00-0036924,0,0,5,0,0,6
2025,13,2025_13_ARI_TB,ARI,00-0037157,0,0,11,0,1,2
2025,13,2025_13_ARI_TB,ARI,00-0037744,0,0,0,1,0,8
2025,13,2025_13_ARI_TB,ARI,00-0038559,0,0,0,1,1,5
2025,13,2025_13_ARI_TB,ARI,00-0039041,0,0,0,0,0,2
2025,13,2025_13_ARI_TB,ARI,00-0039521,0,0,0,0,0,1
2025,13,2025_13_ARI_TB,ARI,00-0039849,0,0,0,0,0,7
2025,13,2025_13_ARI_TB,TB,00-0032385,0,0,0,0,1,1
2025,13,2025_13_ARI_TB,TB,00-0033921,0,0,0,1,1,3
2025,13,2025_13_ARI_TB,TB,00-0034855,3,0,0,0,0,0
2025,13,2025_13_ARI_TB,TB,00-0036406,0,0,0,0,1,0
2025,13,2025_13_ARI_TB,TB,00-0037256,0,0,2,0,1,2
2025,13,2025_13_ARI_TB,TB,00-0038129,0,0,0,0,1,1
2025,13,2025_13_ARI_TB,TB,00-0038951,0,0,2,0,0,0
2025,13,2025_13_ARI_TB,TB,00-0039050,0,0,0,0,0,1
2025,13,2025_13_ARI_TB,TB,00-0039361,0,0,17,0,0,2
2025,13,2025_13_ARI_TB,TB,00-0040129,0,0,0,0,1,7
2025,13,2025_13_ARI_TB,TB,00-0040237,0,0,0,0,0,2
2025,13,2025_13_ATL_NYJ,ATL,00-0035359,0,0,0,0,1,3
2025,13,2025_13_ATL_NYJ,ATL,00-0036309,0,0,0,1,1,3
2025,13,2025_13_ATL_NYJ,ATL,00-0036970,0,0,0,0,0,8
2025,13,2025_13_ATL_NYJ,ATL,00-0037263,0,1,7,0,0,2
2025,13,2025_13_ATL_NYJ,ATL,00-0037487,0,0,1,0,0,2
2025,13,2025_13_ATL_NYJ,ATL,00-0038542,0,2,21,0,0,7
2025,13,2025_13_ATL_NYJ,ATL,00-0038953,0,0,0,0,0,3
2025,13,2025_13_ATL_NYJ,NYJ,00-0028118,7,0,0,0,0,0
2025,13,2025_13_ATL_NYJ,NYJ,00-0034521,0,0,0,0,0,1
2025,13,2025_13_ATL_NYJ,NYJ,00-0037614,0,0,1,0,1,7
2025,13,2025_13_ATL_NYJ,NYJ,00-0037805,0,0,0,0,0,2
2025,13,2025_13_ATL_NYJ,NYJ,00-0038120,0,1,18,0,0,2
2025,13,2025_13_ATL_NYJ,NYJ,00-0039451,0,0,0,0,0,1
2025,13,2025_13_ATL_NYJ,NYJ,00-0039798,0,0,0,0,0,1
2025,13,2025_13_ATL_NYJ,NYJ,00-0039890,0,0,0,0,2,10
2025,13,2025_13_ATL_NYJ,NYJ,00-0040736,0,0,0,0,0,4
2025,13,2025_13_BUF_PIT,BUF,00-0031236,0,0,0,0,0,1
2025,13,2025_13_BUF_PIT,BUF,00-0034857,8,0,0,0,0,0
2025,13,2025_13_BUF_PIT,BUF,00-0035537,0,0,2,0,0,5
2025,13,2025_13_BUF_PIT,BUF,00-0035689,0,0,0,0,1,3
2025,13,2025_13_BUF_PIT,BUF,00-0036196,0,0,0,0,1,1
2025,13,2025_13_BUF_PIT,BUF,00-0037248,0,3,29,0,0,3
2025,13,2025_13_BUF_PIT,BUF,00-0037261,0,0,0,0,1,3
2025,13,2025_13_BUF_PIT,BUF,00-0039875,0,0,9,0,0,0
2025,13,2025_13_BUF_PIT,BUF,00-0039901,0,0,0,1,0,2
2025,13,2025_13_BUF_PIT,BUF,00-0040194,0,0,0,0,0,1
2025,13,2025_13_BUF_PIT,PIT,00-0023459,1,0,0,0,0,0
2025,13,2025_13_BUF_PIT,PIT,00-0033858,0,0,0,1,0,1
2025,13,2025_13_BUF_PIT,PIT,00-0035640,0,0,0,0,0,5
2025,13,2025_13_BUF_PIT,PIT,00-0036862,0,0,0,0,0,1
2025,13,2025_13_BUF_PIT,PIT,00-0036919,0,0,5,0,1,2
2025,13,2025_13_BUF_PIT,PIT,00-0037228,0,1,9,0,2,2
2025,13,2025_13_BUF_PIT,PIT,00-0037837,0,0,0,0,0,2
2025,13,2025_13_BUF_PIT,PIT,00-0038558,0,0,0,0,0,4
2025,13,2025_13_BUF_PIT,PIT,00-0039739,0,0,0,0,0,1
2025,13,2025_13_BUF_PIT,PIT,00-0040142,0,0,2,0,0,0
2025,13,2025_13_CHI_PHI,CHI,00-0034827,0,0,1,0,2,3
2025,13,2025_13_CHI_PHI,CHI,00-0035208,0,0,0,1,0,2
2025,13,2025_13_CHI_PHI,CHI,00-0036275,0,1,17,0,0,2
2025,13,2025_13_CHI_PHI,CHI,00-0036290,0,0,0,0,0,3
2025,13,2025_13_CHI_PHI,CHI,00-0039918,4,0,0,0,0,0
2025,13,2025_13_CHI_PHI,CHI,00-0039919,0,0,0,1,0,5
2025,13,2025_13_CHI_PHI,CHI,00-0040126,0,0,0,0,0,6
2025,13,2025_13_CHI_PHI,CHI,00-0040236,0,1,21,0,0,1
2025,13,2025_13_CHI_PHI,CHI,00-0040735,0,0,1,0,0,6
2025,13,2025_13_CHI_PHI,PHI,00-0034351,0,0,0,0,0,4
2025,13,2025_13_CHI_PHI,PHI,00-0034844,0,0,13,0,0,2
2025,13,2025_13_CHI_PHI,PHI,00-0035676,0,0,0,1,0,11
2025,13,2025_13_CHI_PHI,PHI,00-0036389,4,0,0,0,0,0
2025,13,2025_13_CHI_PHI,PHI,00-0036912,0,0,0,0,0,8
2025,13,2025_13_CHI_PHI,PHI,00-0037741,0,0,0,0,0,3
2025,13,2025_13_CHI_PHI,PHI,00-0039746,0,0,0,0,0,1
2025,13,2025_13_CIN_BAL,BAL,00-0030564,0,0,0,0,0,3
2025,13,2025_13_CIN_BAL,BAL,00-0032764,0,0,10,0,0,1
2025,13,2025_13_CIN_BAL,BAL,00-0034753,0,0,0,0,1,5
2025,13,2025_13_CIN_BAL,BAL,00-0034796,5,0,0,0,0,0
2025,13,2025_13_CIN_BAL,BAL,00-0036550,0,0,0,0,0,1
2025,13,2025_13_CIN_BAL,BAL,00-0037838,0,0,0,0,0,6
2025,13,2025_13_CIN_BAL,BAL,00-0038046,0,0,0,0,0,1
2025,13,2025_13_CIN_BAL,BAL,00-0038454,0,0,2,0,0,3
2025,13,2025_13_CIN_BAL,BAL,00-0039064,0,0,0,0,0,7
2025,13,2025_13_CIN_BAL,BAL,00-0039792,0,0,0,0,0,2
2025,13,2025_13_CIN_BAL,BAL,00-0039796,0,0,4,0,0,0
2025,13,2025_13_CIN_BAL,CIN,00-0033526,0,1,13,0,0,2
2025,13,2025_13_CIN_BAL,CIN,00-0034613,0,0,0,2,0,0
2025,13,2025_13_CIN_BAL,CIN,00-0034829,0,0,0,2,0,2
2025,13,2025_13_CIN_BAL,CIN,00-0035631,0,0,1,0,0,2
2025,13,2025_13_CIN_BAL,CIN,00-0035644,0,0,0,0,1,1
2025,13,2025_13_CIN_BAL,CIN,00-0036442,3,0,0,0,0,0
2025,13,2025_13_CIN_BAL,CIN,00-0036900,0,0,0,1,1,12
2025,13,2025_13_CIN_BAL,CIN,00-0038597,0,0,15,0,2,5
2025,13,2025_13_CIN_BAL,CIN,00-0038619,0,0,0,1,0,1
2025,13,2025_13_CIN_BAL,CIN,00-0038839,0,0,0,1,1,7
2025,13,2025_13_DEN_WAS,DEN,00-0033881,0,0,0,1,1,7
2025,13,2025_13_DEN_WAS,DEN,00-0034348,0,0,0,1,1,4
2025,13,2025_13_DEN_WAS,DEN,00-0035406,0,0,0,0,0,1
2025,13,2025_13_DEN_WAS,DEN,00-0036422,0,0,0,0,0,4
2025,13,2025_13_DEN_WAS,DEN,00-0036727,0,0,1,0,0,1
2025,13,2025_13_DEN_WAS,DEN,00-0037085,0,0,0,0,2,3
2025,13,2025_13_DEN_WAS,DEN,00-0038794,0,0,6,0,0,1
2025,13,2025_13_DEN_WAS,DEN,00-0038976,0,0,1,0,0,2
2025,13,2025_13_DEN_WAS,DEN,00-0039732,2,0,0,0,0,0
2025,13,2025_13_DEN_WAS,DEN,00-0039868,0,0,0,0,0,3
2025,13,2025_13_DEN_WAS,DEN,00-0040134,0,0,0,0,1,6
2025,13,2025_13_DEN_WAS,DEN,00-0040730,0,3,10,0,1,3
2025,13,2025_13_DEN_WAS,WAS,00-0030061,0,0,0,1,0,12
2025,13,2025_13_DEN_WAS,WAS,00-0032268,9,0,0,0,0,0
2025,13,2025_13_DEN_WAS,WAS,00-0033955,0,0,6,0,1,1
2025,13,2025_13_DEN_WAS,WAS,00-0035659,0,0,0,4,1,9
2025,13,2025_13_DEN_WAS,WAS,00-0035719,0,1,1,0,0,7
2025,13,2025_13_DEN_WAS,WAS,00-0036628,0,0,0,0,0,2
2025,13,2025_13_DEN_WAS,WAS,00-0037742,0,0,0,1,0,3
2025,13,2025_13_DEN_WAS,WAS,00-0038611,0,1,10,0,1,0
2025,13,2025_13_DEN_WAS,WAS,00-0039686,0,0,0,0,0,1
2025,13,2025_13_DEN_WAS,WAS,00-0040164,0,0,0,0,0,1
2025,13,2025_13_DEN_WAS,WAS,00-0040242,0,0,4,0,0,0
2025,13,2025_13_GB_DET,DET,00-0033106,1,0,0,0,0,0
2025,13,2025_13_GB_DET,DET,00-0033455,0,0,0,0,1,0
2025,13,2025_13_GB_DET,DET,00-0034073,0,0,0,1,1,1
2025,13,2025_13_GB_DET,DET,00-0035544,0,0,0,0,0,4
2025,13,2025_13_GB_DET,DET,00-0035685,0,1,7,0,0,2
2025,13,2025_13_GB_DET,DET,00-0036963,0,0,0,0,0,1
2025,13,2025_13_GB_DET,DET,00-0037240,0,0,1,0,0,10
2025,13,2025_13_GB_DET,DET,00-0039139,0,0,20,0,1,3
2025,13,2025_13_GB_DET,DET,00-0040669,0,0,0,1,0,1
2025,13,2025_13_GB_DET,GB,00-0035700,0,1,16,0,0,1
2025,13,2025_13_GB_DET,GB,00-0036264,2,0,0,0,0,0
2025,13,2025_13_GB_DET,GB,00-0037091,0,0,2,0,0,1
2025,13,2025_13_GB_DET,GB,00-0037306,0,0,0,0,1,0
2025,13,2025_13_GB_DET,GB,00-0037816,0,0,0,1,2,1
2025,13,2025_13_GB_DET,GB,00-0038124,0,0,1,0,0,10
2025,13,2025_13_GB_DET,GB,00-0038393,0,0,1,0,1,6
2025,13,2025_13_GB_DET,GB,00-0038465,0,0,0,0,0,1
2025,13,2025_13_GB_DET,GB,00-0038589,0,0,0,0,0,1
2025,13,2025_13_GB_DET,GB,00-0038685,0,0,0,0,0,2
2025,13,2025_13_GB_DET,GB,00-0038797,0,0,4,0,0,0
2025,13,2025_13_GB_DET,GB,00-0039144,0,0,0,0,0,1
2025,13,2025_13_HOU_IND,HOU,00-0034383,0,0,0,0,1,7
2025,13,2025_13_HOU_IND,HOU,00-0034791,0,1,8,0,0,0
2025,13,2025_13_HOU_IND,HOU,00-0036554,0,0,1,1,0,9
2025,13,2025_13_HOU_IND,HOU,00-0038618,0,0,0,1,0,4
2025,13,2025_13_HOU_IND,HOU,00-0039163,1,0,0,0,0,0
2025,13,2025_13_HOU_IND,HOU,00-0039359,0,0,4,0,1,1
2025,13,2025_13_HOU_IND,HOU,00-0040130,0,0,0,0,0,5
2025,13,2025_13_HOU_IND,HOU,00-0040138,0,0,0,0,1,0
2025,13,2025_13_HOU_IND,HOU,00-0040583,0,0,19,0,0,1
2025,13,2025_13_HOU_IND,IND,00-0035710,1,0,0,0,0,0
2025,13,2025_13_HOU_IND,IND,00-0036223,0,0,21,0,0,5
2025,13,2025_13_HOU_IND,IND,00-0036252,0,0,0,0,0,4
2025,13,2025_13_HOU_IND,IND,00-0037292,0,0,0,0,1,0
2025,13,2025_13_HOU_IND,IND,00-0037664,0,0,0,1,0,4
2025,13,2025_13_HOU_IND,IND,00-0038997,0,0,0,0,0,6
2025,13,2025_13_HOU_IND,IND,00-0040128,0,0,1,1,0,3
2025,13,2025_13_JAX_TEN,JAX,00-0033375,0,0,0,0,0,1
2025,13,2025_13_JAX_TEN,JAX,00-0034960,0,0,1,1,0,5
2025,13,2025_13_JAX_TEN,JAX,00-0036590,0,0,0,0,1,1
2025,13,2025_13_JAX_TEN,JAX,00-0036841,0,0,0,1,0,3
2025,13,2025_13_JAX_TEN,JAX,00-0036971,3,0,0,0,0,0
2025,13,2025_13_JAX_TEN,JAX,00-0036973,0,0,12,0,0,1
2025,13,2025_13_JAX_TEN,JAX,00-0038606,0,0,0,0,0,3
2025,13,2025_13_JAX_TEN,JAX,00-0038935,0,0,0,0,0,4
2025,13,2025_13_JAX_TEN,JAX,00-0039893,0,0,0,0,0,3
2025,13,2025_13_JAX_TEN,JAX,00-0040719,0,2,6,0,0,1
2025,13,2025_13_JAX_TEN,TEN,00-0035261,0,0,10,0,0,2
2025,13,2025_13_JAX_TEN,TEN,00-0036133,0,0,0,0,0,1
2025,13,2025_13_JAX_TEN,TEN,00-0036415,0,0,0,0,0,4
2025,13,2025_13_JAX_TEN,TEN,00-0037809,0,0,0,0,0,5
2025,13,2025_13_JAX_TEN,TEN,00-0039032,0,0,2,0,0,6
2025,13,2025_13_JAX_TEN,TEN,00-0040170,0,0,0,0,0,5
2025,13,2025_13_JAX_TEN,TEN,00-0040522,0,0,0,0,0,1
2025,13,2025_13_JAX_TEN,TEN,00-0040584,0,0,0,1,1,5
2025,13,2025_13_JAX_TEN,TEN,00-0040676,1,0,0,0,0,0
2025,13,2025_13_JAX_TEN,TEN,00-0040705,0,0,1,0,0,4
2025,13,2025_13_KC_DAL,DAL,00-0036358,0,0,0,2,0,7
2025,13,2025_13_KC_DAL,DAL,00-0036997,0,0,17,0,1,2
2025,13,2025_13_KC_DAL,DAL,00-0037247,0,0,0,0,3,10
2025,13,2025_13_KC_DAL,DAL,00-0037563,0,0,3,0,0,0
2025,13,2025_13_KC_DAL,DAL,00-0037801,0,0,3,0,0,2
2025,13,2025_13_KC_DAL,DAL,00-0038041,0,0,0,1,0,5
2025,13,2025_13_KC_DAL,DAL,00-0038547,0,0,0,0,0,1
2025,13,2025_13_KC_DAL,DAL,00-0039410,0,0,0,0,0,3
2025,13,2025_13_KC_DAL,KC,00-0030506,0,0,0,1,0,5
2025,13,2025_13_KC_DAL,KC,00-0033857,0,0,0,0,0,1
2025,13,2025_13_KC_DAL,KC,00-0033873,3,0,0,0,0,0
2025,13,2025_13_KC_DAL,KC,00-0033923,0,1,13,0,1,1
2025,13,2025_13_KC_DAL,KC,00-0035662,0,0,0,1,0,1
2025,13,2025_13_KC_DAL,KC,00-0037197,0,0,3,0,0,2
2025,13,2025_13_KC_DAL,KC,00-0039067,0,1,0,2,2,8
2025,13,2025_13_KC_DAL,KC,00-0039824,0,0,0,0,0,1
2025,13,2025_13_KC_DAL,KC,00-0039894,0,0,2,0,0,6
2025,13,2025_13_LA_CAR,CAR,00-0036139,0,0,18,0,0,2
2025,13,2025_13_LA_CAR,CAR,00-0036555,0,0,17,0,0,2
2025,13,2025_13_LA_CAR,CAR,00-0037005,0,0,0,0,0,2
2025,13,2025_13_LA_CAR,CAR,00-0039150,2,0,0,0,0,0
2025,13,2025_13_LA_CAR,CAR,00-0039342,0,0,0,0,0,2
2025,13,2025_13_LA_CAR,CAR,00-0039491,0,0,0,0,0,6
2025,13,2025_13_LA_CAR,CAR,00-0040124,0,0,0,0,0,2
2025,13,2025_13_LA_CAR,CAR,00-0040187,0,0,0,0,0,3
2025,13,2025_13_LA_CAR,CAR,00-0040644,0,0,0,0,0,1
2025,13,2025_13_LA_CAR,LA,00-0031381,0,0,0,2,0,3
2025,13,2025_13_LA_CAR,LA,00-0036244,0,0,0,1,1,3
2025,13,2025_13_LA_CAR,LA,00-0037840,0,0,13,0,0,1
2025,13,2025_13_LA_CAR,LA,00-0038359,0,0,0,0,1,2
2025,13,2025_13_LA_CAR,LA,00-0039074,0,0,0,0,1,0
2025,13,2025_13_LA_CAR,LA,00-0039075,0,0,0,1,1,7
2025,13,2025_13_LA_CAR,LA,00-0039738,0,1,6,0,0,0
2025,13,2025_13_LA_CAR,LA,00-0039751,0,0,0,0,0,1
2025,13,2025_13_LA_CAR,LA,00-0040737,0,0,0,1,0,1
2025,13,2025_13_LV_LAC,LAC,00-0030279,0,0,0,0,1,4
2025,13,2025_13_LV_LAC,LAC,00-0036355,3,0,0,0,0,0
2025,13,2025_13_LV_LAC,LAC,00-0036755,0,2,9,0,0,0
2025,13,2025_13_LV_LAC,LAC,00-0037012,2,0,0,0,0,0
2025,13,2025_13_LV_LAC,LAC,00-0038544,0,0,0,0,2,1
2025,13,2025_13_LV_LAC,LAC,00-0039391,0,2,23,0,0,1
2025,13,2025_13_LV_LAC,LAC,00-0039915,0,0,0,1,1,4
2025,13,2025_13_LV_LAC,LAC,00-0040189,0,0,0,0,0,2
2025,13,2025_13_LV_LAC,LAC,00-0040727,0,0,0,0,1,3
2025,13,2025_13_LV_LAC,LV,00-0030565,1,0,0,0,0,0
2025,13,2025_13_LV_LAC,LV,00-0031687,0,0,1,0,0,0
2025,13,2025_13_LV_LAC,LV,00-0032211,0,0,0,0,0,1
2025,13,2025_13_LV_LAC,LV,00-0034365,0,0,0,0,0,1
2025,13,2025_13_LV_LAC,LV,00-0038563,0,0,0,0,1,2
2025,13,2025_13_LV_LAC,LV,00-0039338,0,0,0,2,0,2
2025,13,2025_13_LV_LAC,LV,00-0040122,0,2,13,0,0,8
2025,13,2025_13_LV_LAC,LV,00-0040581,0,0,0,0,0,2
2025,13,2025_13_LV_LAC,LV,00-0040729,0,0,0,0,1,2
2025,13,2025_13_MIN_SEA,MIN,00-0033293,0,0,6,0,0,4
2025,13,2025_13_MIN_SEA,MIN,00-0035229,0,0,0,0,1,5
2025,13,2025_13_MIN_SEA,MIN,00-0036322,0,0,0,0,0,6
2025,13,2025_13_MIN_SEA,MIN,00-0037291,0,0,0,0,0,1
2025,13,2025_13_MIN_SEA,MIN,00-0037525,0,0,6,0,0,1
2025,13,2025_13_MIN_SEA,MIN,00-0038440,0,0,3,0,0,1
2025,13,2025_13_MIN_SEA,MIN,00-0038994,0,0,0,0,1,9
2025,13,2025_13_MIN_SEA,SEA,00-0033908,0,0,0,0,1,3
2025,13,2025_13_MIN_SEA,SEA,00-0035311,0,0,3,0,0,0
2025,13,2025_13_MIN_SEA,SEA,00-0035891,0,0,0,0,0,1
2025,13,2025_13_MIN_SEA,SEA,00-0037545,0,0,1,0,0,3
2025,13,2025_13_MIN_SEA,SEA,00-0038134,0,0,13,0,0,4
2025,13,2025_13_MIN_SEA,SEA,00-0038543,0,0,0,0,0,4
2025,13,2025_13_MIN_SEA,SEA,00-0039165,0,0,14,0,0,0
2025,13,2025_13_MIN_SEA,SEA,00-0039793,0,0,1,0,0,5
2025,13,2025_13_MIN_SEA,SEA,00-0040739,0,0,0,0,0,2
2025,13,2025_13_NO_MIA,MIA,00-0031610,0,0,0,1,0,2
2025,13,2025_13_NO_MIA,MIA,00-0034418,0,0,0,0,0,2
2025,13,2025_13_NO_MIA,MIA,00-0036212,2,0,0,0,0,0
2025,13,2025_13_NO_MIA,MIA,00-0036613,0,0,0,0,0,6
2025,13,2025_13_NO_MIA,MIA,00-0037252,0,0,0,0,0,2
2025,13,2025_13_NO_MIA,MIA,00-0038720,0,0,0,0,0,1
2025,13,2025_13_NO_MIA,MIA,00-0039040,0,0,22,0,1,0
2025,13,2025_13_NO_MIA,MIA,00-0039874,0,0,3,0,0,0
2025,13,2025_13_NO_MIA,MIA,00-0039880,0,0,0,0,0,5
2025,13,2025_13_NO_MIA,MIA,00-0040198,0,0,3,0,0,0
2025,13,2025_13_NO_MIA,NO,00-0033357,0,0,1,0,0,1
2025,13,2025_13_NO_MIA,NO,00-0034981,0,0,0,0,0,2
2025,13,2025_13_NO_MIA,NO,00-0036040,0,0,0,0,0,9
2025,13,2025_13_NO_MIA,NO,00-0037239,0,0,0,1,0,6
2025,13,2025_13_NO_MIA,NO,00-0038397,0,0,5,0,0,0
2025,13,2025_13_NO_MIA,NO,00-0039424,0,0,0,1,0,7
2025,13,2025_13_NO_MIA,NO,00-0039623,0,0,1,0,0,4
2025,13,2025_13_NO_MIA,NO,00-0040202,0,0,14,0,0,3
2025,13,2025_13_NO_MIA,NO,00-0040743,6,0,0,0,0,0
2025,13,2025_13_NYG_NE,NE,00-0031588,0,0,0,1,0,3
2025,13,2025_13_NYG_NE,NE,00-0033090,0,0,0,0,4,2
2025,13,2025_13_NYG_NE,NE,00-0033555,0,0,0,0,0,4
2025,13,2025_13_NYG_NE,NE,00-0036875,0,0,12,0,1,2
2025,13,2025_13_NYG_NE,NE,00-0038608,0,0,0,1,0,4
2025,13,2025_13_NYG_NE,NE,00-0038621,0,0,0,0,1,2
2025,13,2025_13_NYG_NE,NE,00-0039851,4,0,0,0,0,0
2025,13,2025_13_NYG_NE,NE,00-0040131,0,0,0,0,0,1
2025,13,2025_13_NYG_NE,NE,00-0040734,0,0,11,0,1,3
2025,13,2025_13_NYG_NE,NYG,00-0035042,0,0,1,0,0,0
2025,13,2025_13_NYG_NE,NYG,00-0035250,0,0,12,0,0,3
2025,13,2025_13_NYG_NE,NYG,00-0035535,0,0,0,0,0,3
2025,13,2025_13_NYG_NE,NYG,00-0036165,0,0,0,0,0,1
2025,13,2025_13_NYG_NE,NYG,00-0038117,0,0,0,0,0,8
2025,13,2025_13_NYG_NE,NYG,00-0039384,0,0,10,0,0,1
2025,13,2025_13_NYG_NE,NYG,00-0039847,0,0,0,0,0,8
2025,13,2025_13_NYG_NE,NYG,00-0040691,4,0,0,0,0,0
2025,13,2025_13_SF_CLE,CLE,00-0033885,0,0,0,0,0,2
2025,13,2025_13_SF_CLE,CLE,00-0036407,0,0,0,0,0,4
2025,13,2025_13_SF_CLE,CLE,00-0037267,0,0,0,0,0,3
2025,13,2025_13_SF_CLE,CLE,00-0038979,0,0,0,0,0,1
2025,13,2025_13_SF_CLE,CLE,00-0039920,0,0,1,0,0,0
2025,13,2025_13_SF_CLE,CLE,00-0040162,0,0,4,0,0,0
2025,13,2025_13_SF_CLE,CLE,00-0040259,0,0,0,0,0,3
2025,13,2025_13_SF_CLE,CLE,00-0040663,0,0,1,0,0,5
2025,13,2025_13_SF_CLE,CLE,00-0040668,1,0,0,0,0,0
2025,13,2025_13_SF_CLE,CLE,00-0040782,0,0,1,0,0,2
2025,13,2025_13_SF_CLE,CLE,00-0040784,0,0,23,0,0,3
2025,13,2025_13_SF_CLE,SF,00-0029892,0,0,0,0,0,2
2025,13,2025_13_SF_CLE,SF,00-0032775,0,0,1,0,0,1
2025,13,2025_13_SF_CLE,SF,00-0033280,0,5,15,0,3,1
2025,13,2025_13_SF_CLE,SF,00-0033288,0,0,0,0,1,4
2025,13,2025_13_SF_CLE,SF,00-0033307,0,0,0,0,0,1
2025,13,2025_13_SF_CLE,SF,00-0036259,0,0,0,1,0,5
2025,13,2025_13_SF_CLE,SF,00-0036887,0,0,0,1,0,0
2025,13,2025_13_SF_CLE,SF,00-0036972,1,0,0,0,0,0
2025,13,2025_13_SF_CLE,SF,00-0037746,0,0,8,0,0,0
2025,13,2025_13_SF_CLE,SF,00-0037834,2,0,0,0,0,0
2025,13,2025_13_SF_CLE,SF,00-0039916,0,0,0,1,0,2
2025,14,2025_14_CHI_GB,CHI,00-0034798,0,0,0,0,0,1
2025,14,2025_14_CHI_GB,CHI,00-0034827,0,0,0,0,1,2
2025,14,2025_14_CHI_GB,CHI,00-0035208,0,0,0,1,0,2
2025,14,2025_14_CHI_GB,CHI,00-0036275,0,2,11,0,1,3
2025,14,2025_14_CHI_GB,CHI,00-0036290,0,0,0,1,0,2
2025,14,2025_14_CHI_GB,CHI,00-0036331,0,0,0,0,0,1
2025,14,2025_14_CHI_GB,CHI,00-0039918,4,0,0,0,0,0
2025,14,2025_14_CHI_GB,CHI,00-0040126,0,0,0,0,1,4
2025,14,2025_14_CHI_GB,CHI,00-0040236,0,0,14,0,0,2
2025,14,2025_14_CHI_GB,CHI,00-0040735,0,0,1,0,1,5
2025,14,2025_14_CHI_GB,GB,00-0035700,0,2,18,0,0,2
2025,14,2025_14_CHI_GB,GB,00-0037091,0,0,0,0,0,2
2025,14,2025_14_CHI_GB,GB,00-0037306,0,0,0,0,0,2
2025,14,2025_14_CHI_GB,GB,00-0037816,0,0,0,0,0,2
2025,14,2025_14_CHI_GB,GB,00-0038124,0,0,0,0,0,4
2025,14,2025_14_CHI_GB,GB,00-0038589,0,0,0,0,0,1
2025,14,2025_14_CHI_GB,GB,00-0038685,0,0,0,0,0,1
2025,14,2025_14_CHI_GB,GB,00-0038797,0,0,3,0,0,0
2025,14,2025_14_CHI_GB,GB,00-0039144,0,0,0,0,0,4
2025,14,2025_14_CHI_GB,GB,00-0039146,0,0,2,0,0,4
2025,14,2025_14_CHI_GB,GB,00-0040667,0,0,0,0,0,1
2025,14,2025_14_CIN_BUF,BUF,00-0034857,6,0,0,0,0,0
2025,14,2025_14_CIN_BUF,BUF,00-0035537,0,0,2,0,1,2
2025,14,2025_14_CIN_BUF,BUF,00-0035689,0,0,0,1,1,5
2025,14,2025_14_CIN_BUF,BUF,00-0036196,0,0,0,0,1,1
2025,14,2025_14_CIN_BUF,BUF,00-0037248,0,2,16,0,0,2
2025,14,2025_14_CIN_BUF,BUF,00-0037261,0,0,0,1,0,2
2025,14,2025_14_CIN_BUF,BUF,00-0038679,0,0,0,0,0,1
2025,14,2025_14_CIN_BUF,BUF,00-0038933,0,0,0,1,0,4
2025,14,2025_14_CIN_BUF,BUF,00-0039901,0,0,0,0,1,2
2025,14,2025_14_CIN_BUF,BUF,00-0040194,0,0,0,1,0,0
2025,14,2025_14_CIN_BUF,CIN,00-0033526,0,0,6,0,0,1
2025,14,2025_14_CIN_BUF,CIN,00-0034613,0,0,0,0,0,1
2025,14,2025_14_CIN_BUF,CIN,00-0034829,0,0,0,1,0,5
2025,14,2025_14_CIN_BUF,CIN,00-0035644,0,0,0,0,0,2
2025,14,2025_14_CIN_BUF,CIN,00-0036410,0,0,0,0,1,10
2025,14,2025_14_CIN_BUF,CIN,00-0036900,0,0,1,0,0,8
2025,14,2025_14_CIN_BUF,CIN,00-0038597,0,1,11,1,0,3
2025,14,2025_14_CIN_BUF,CIN,00-0038619,0,0,0,0,0,3
2025,14,2025_14_DAL_DET,DAL,00-0033077,3,0,0,0,0,0
2025,14,2025_14_DAL_DET,DAL,00-0036358,0,0,0,1,0,7
2025,14,2025_14_DAL_DET,DAL,00-0036997,0,2,15,1,1,2
2025,14,2025_14_DAL_DET,DAL,00-0037247,0,0,0,0,2,7
2025,14,2025_14_DAL_DET,DAL,00-0037563,0,0,3,0,0,0
2025,14,2025_14_DAL_DET,DAL,00-0037801,0,0,1,0,0,2
2025,14,2025_14_DAL_DET,DAL,00-0038041,0,0,0,0,1,6
2025,14,2025_14_DAL_DET,DAL,00-0038547,0,0,0,0,0,2
2025,14,2025_14_DAL_DET,DAL,00-0039062,0,0,0,0,0,1
2025,14,2025_14_DAL_DET,DAL,00-0039410,0,0,0,2,1,10
2025,14,2025_14_DAL_DET,DAL,00-0039530,0,0,0,0,0,1
2025,14,2025_14_DAL_DET,DET,00-0033455,0,0,0,0,0,1
2025,14,2025_14_DAL_DET,DET,00-0034073,0,0,0,0,1,0
2025,14,2025_14_DAL_DET,DET,00-0035685,0,0,6,0,0,1
2025,14,2025_14_DAL_DET,DET,00-0036963,0,0,0,0,0,9
2025,14,2025_14_DAL_DET,DET,00-0037240,0,0,1,0,1,8
2025,14,2025_14_DAL_DET,DET,00-0038911,0,0,1,0,0,0
2025,14,2025_14_DAL_DET,DET,00-0039139,0,1,11,0,0,7
2025,14,2025_14_DAL_DET,DET,00-0040669,0,0,0,1,0,2
2025,14,2025_14_DEN_LV,DEN,00-0033881,0,0,0,0,0,2
2025,14,2025_14_DEN_LV,DEN,00-0034348,0,0,0,1,0,9
2025,14,2025_14_DEN_LV,DEN,00-0035406,0,0,0,0,0,3
2025,14,2025_14_DEN_LV,DEN,00-0036422,0,0,0,0,0,2
2025,14,2025_14_DEN_LV,DEN,00-0036727,0,0,2,0,1,1
2025,14,2025_14_DEN_LV,DEN,00-0037085,0,0,4,0,0,1
2025,14,2025_14_DEN_LV,DEN,00-0038794,0,0,4,0,0,1
2025,14,2025_14_DEN_LV,DEN,00-0038976,0,0,1,0,0,1
2025,14,2025_14_DEN_LV,DEN,00-0039732,3,0,0,0,0,0
2025,14,2025_14_DEN_LV,DEN,00-0039868,0,0,0,0,1,3
2025,14,2025_14_DEN_LV,DEN,00-0040134,0,0,0,0,1,3
2025,14,2025_14_DEN_LV,DEN,00-0040730,0,1,16,0,2,4
2025,14,2025_14_DEN_LV,LV,00-0030565,1,0,0,0,0,0
2025,14,2025_14_DEN_LV,LV,00-0031687,0,0,0,0,0,1
2025,14,2025_14_DEN_LV,LV,00-0032211,0,0,0,0,0,4
2025,14,2025_14_DEN_LV,LV,00-0034365,0,0,0,0,0,2
2025,14,2025_14_DEN_LV,LV,00-0038102,1,0,0,0,0,0
2025,14,2025_14_DEN_LV,LV,00-0038563,0,0,0,0,0,5
2025,14,2025_14_DEN_LV,LV,00-0038891,0,0,0,0,0,1
2025,14,2025_14_DEN_LV,LV,00-0039338,0,0,0,2,1,2
2025,14,2025_14_DEN_LV,LV,00-0040122,0,0,10,0,1,3
2025,14,2025_14_DEN_LV,LV,00-0040729,0,0,0,0,2,4
2025,14,2025_14_HOU_KC,HOU,00-0033854,0,1,0,0,0,0
2025,14,2025_14_HOU_KC,HOU,00-0034383,0,0,0,0,0,4
2025,14,2025_14_HOU_KC,HOU,00-0034775,0,0,0,0,0,3
2025,14,2025_14_HOU_KC,HOU,00-0034791,0,0,1,0,0,0
2025,14,2025_14_HOU_KC,HOU,00-0036554,0,0,0,0,1,7
2025,14,2025_14_HOU_KC,HOU,00-0038618,0,0,0,0,0,2
2025,14,2025_14_HOU_KC,HOU,00-0039163,2,0,0,0,0,0
2025,14,2025_14_HOU_KC,HOU,00-0040130,0,0,0,0,0,5
2025,14,2025_14_HOU_KC,HOU,00-0040138,0,0,1,0,0,2
2025,14,2025_14_HOU_KC,HOU,00-0040583,0,0,26,0,2,1
2025,14,2025_14_HOU_KC,KC,00-0030506,0,0,0,0,0,5
2025,14,2025_14_HOU_KC,KC,00-0033857,0,0,0,0,0,2
2025,14,2025_14_HOU_KC,KC,00-0033873,7,0,0,0,0,1
2025,14,2025_14_HOU_KC,KC,00-0033923,0,1,11,0,1,0
2025,14,2025_14_HOU_KC,KC,00-0035662,0,0,0,0,0,2
2025,14,2025_14_HOU_KC,KC,00-0036637,0,0,0,0,0,3
2025,14,2025_14_HOU_KC,KC,00-0037197,0,0,9,0,0,0
2025,14,2025_14_HOU_KC,KC,00-0038104,0,0,0,0,0,3
2025,14,2025_14_HOU_KC,KC,00-0039067,0,0,0,0,0,8
2025,14,2025_14_HOU_KC,KC,00-0039894,0,0,0,0,0,4
2025,14,2025_14_HOU_KC,KC,00-0040078,0,0,1,0,0,0
2025,14,2025_14_IND_JAX,IND,00-0032104,0,0,1,0,0,2
2025,14,2025_14_IND_JAX,IND,00-0033217,0,0,0,0,0,2
2025,14,2025_14_IND_JAX,IND,00-0035710,1,0,0,0,0,0
2025,14,2025_14_IND_JAX,IND,00-0036223,0,1,20,0,0,0
2025,14,2025_14_IND_JAX,IND,00-0036252,0,0,0,0,1,11
2025,14,2025_14_IND_JAX,IND,00-0037664,0,0,0,1,0,7
2025,14,2025_14_IND_JAX,IND,00-0038997,0,0,0,0,3,2
2025,14,2025_14_IND_JAX,IND,00-0039816,0,0,0,0,0,1
2025,14,2025_14_IND_JAX,IND,00-0040128,0,1,0,0,3,3
2025,14,2025_14_IND_JAX,IND,00-0040206,1,0,0,0,0,0
2025,14,2025_14_IND_JAX,JAX,00-0033375,0,0,0,2,2,2
2025,14,2025_14_IND_JAX,JAX,00-0034960,0,1,2,2,0,8
2025,14,2025_14_IND_JAX,JAX,00-0036971,4,0,0,0,0,0
2025,14,2025_14_IND_JAX,JAX,00-0036973,0,1,19,0,0,1
2025,14,2025_14_IND_JAX,JAX,00-0038935,0,0,0,0,2,4
2025,14,2025_14_IND_JAX,JAX,00-0039893,0,0,0,0,0,6
2025,14,2025_14_IND_JAX,JAX,00-0040238,0,0,0,0,0,2
2025,14,2025_14_IND_JAX,JAX,00-0040719,0,0,2,0,0,0
2025,14,2025_14_LA_ARI,ARI,00-0033119,4,0,0,0,0,0
2025,14,2025_14_LA_ARI,ARI,00-0034487,0,0,0,0,1,0
2025,14,2025_14_LA_ARI,ARI,00-0035876,0,0,0,0,1,2
2025,14,2025_14_LA_ARI,ARI,00-0036332,0,0,0,0,0,1
2025,14,2025_14_LA_ARI,ARI,00-0036924,0,0,3,0,2,2
2025,14,2025_14_LA_ARI,ARI,00-0037157,0,0,7,0,0,6
2025,14,2025_14_LA_ARI,ARI,00-0037744,0,0,0,2,0,7
2025,14,2025_14_LA_ARI,ARI,00-0038559,0,0,0,1,2,13
2025,14,2025_14_LA_ARI,ARI,00-0038640,0,0,0,0,0,3
2025,14,2025_14_LA_ARI,ARI,00-0039041,0,0,0,0,0,1
2025,14,2025_14_LA_ARI,LA,00-0031381,0,0,0,2,0,4
2025,14,2025_14_LA_ARI,LA,00-0036244,0,0,0,1,2,2
2025,14,2025_14_LA_ARI,LA,00-0037557,0,0,8,0,0,0
2025,14,2025_14_LA_ARI,LA,00-0037840,0,2,11,0,0,2
2025,14,2025_14_LA_ARI,LA,00-0038359,0,0,0,0,0,1
2025,14,2025_14_LA_ARI,LA,00-0039074,0,0,0,0,0,2
2025,14,2025_14_LA_ARI,LA,00-0039075,0,0,0,0,0,11
2025,14,2025_14_LA_ARI,LA,00-0039738,0,1,11,0,0,1
2025,14,2025_14_LA_ARI,LA,00-0039751,0,0,0,0,0,1
2025,14,2025_14_LA_ARI,LA,00-0040590,0,0,0,0,0,1
2025,14,2025_14_LA_ARI,LA,00-0040737,0,0,0,1,0,0
2025,14,2025_14_MIA_NYJ,MIA,00-0031610,0,0,1,0,0,3
2025,14,2025_14_MIA_NYJ,MIA,00-0036212,1,0,0,0,0,0
2025,14,2025_14_MIA_NYJ,MIA,00-0036613,0,0,1,1,0,6
2025,14,2025_14_MIA_NYJ,MIA,00-0037252,0,0,0,0,1,2
2025,14,2025_14_MIA_NYJ,MIA,00-0039040,0,0,7,0,0,1
2025,14,2025_14_MIA_NYJ,MIA,00-0039874,0,1,23,0,0,3
2025,14,2025_14_MIA_NYJ,MIA,00-0039880,0,0,0,0,1,3
2025,14,2025_14_MIA_NYJ,MIA,00-0040198,0,0,5,0,0,0
2025,14,2025_14_MIA_NYJ,NYJ,00-0034521,0,0,0,0,0,1
2025,14,2025_14_MIA_NYJ,NYJ,00-0034959,0,0,0,0,0,1
2025,14,2025_14_MIA_NYJ,NYJ,00-0037475,0,0,0,0,0,1
2025,14,2025_14_MIA_NYJ,NYJ,00-0037614,0,0,0,1,1,6
2025,14,2025_14_MIA_NYJ,NYJ,00-0037805,0,0,0,0,0,3
2025,14,2025_14_MIA_NYJ,NYJ,00-0038120,0,0,14,0,1,0
2025,14,2025_14_MIA_NYJ,NYJ,00-0039451,0,0,0,0,0,3
2025,14,2025_14_MIA_NYJ,NYJ,00-0039798,0,0,2,0,0,0
2025,14,2025_14_MIA_NYJ,NYJ,00-0039890,0,0,0,1,1,4
2025,14,2025_14_MIA_NYJ,NYJ,00-0040398,1,0,0,0,0,0
2025,14,2025_14_MIA_NYJ,NYJ,00-0040736,0,0,0,0,0,8
2025,14,2025_14_NO_TB,NO,00-0033357,0,0,2,0,0,2
2025,14,2025_14_NO_TB,NO,00-0034981,0,0,0,0,0,1
2025,14,2025_14_NO_TB,NO,00-0036040,0,0,0,0,0,4
2025,14,2025_14_NO_TB,NO,00-0036741,0,0,0,0,0,1
2025,14,2025_14_NO_TB,NO,00-0037239,0,0,0,0,0,5
2025,14,2025_14_NO_TB,NO,00-0038397,0,0,1,0,0,1
2025,14,2025_14_NO_TB,NO,00-0039373,0,0,3,0,0,0
2025,14,2025_14_NO_TB,NO,00-0039424,0,0,0,0,0,5
2025,14,2025_14_NO_TB,NO,00-0040202,0,1,18,0,0,1
2025,14,2025_14_NO_TB,NO,00-0040743,5,0,0,0,0,0
2025,14,2025_14_NO_TB,TB,00-0032385,0,0,0,0,0,1
2025,14,2025_14_NO_TB,TB,00-0033921,0,0,0,0,0,8
2025,14,2025_14_NO_TB,TB,00-0034855,6,0,0,0,0,0
2025,14,2025_14_NO_TB,TB,00-0037256,0,0,11,0,0,2
2025,14,2025_14_NO_TB,TB,00-0038129,0,0,0,1,0,3
2025,14,2025_14_NO_TB,TB,00-0038951,0,1,6,0,0,0
2025,14,2025_14_NO_TB,TB,00-0039361,0,0,15,0,0,3
2025,14,2025_14_NO_TB,TB,00-0039589,0,0,0,0,0,1
2025,14,2025_14_NO_TB,TB,00-0040129,0,0,0,0,0,9
2025,14,2025_14_PHI_LAC,LAC,00-0030279,0,0,0,0,0,3
2025,14,2025_14_PHI_LAC,LAC,00-0034159,0,0,0,0,0,1
2025,14,2025_14_PHI_LAC,LAC,00-0036355,10,0,0,0,0,0
2025,14,2025_14_PHI_LAC,LAC,00-0038544,0,0,0,0,0,3
2025,14,2025_14_PHI_LAC,LAC,00-0039391,0,0,14,0,1,2
2025,14,2025_14_PHI_LAC,LAC,00-0039915,0,0,0,0,0,5
2025,14,2025_14_PHI_LAC,LAC,00-0040189,0,0,0,0,0,4
2025,14,2025_14_PHI_LAC,LAC,00-0040666,0,0,13,0,1,1
2025,14,2025_14_PHI_LAC,LAC,00-0040727,0,0,1,0,0,2
2025,14,2025_14_PHI_LAC,PHI,00-0034351,0,0,0,0,1,9
2025,14,2025_14_PHI_LAC,PHI,00-0034844,0,1,19,0,1,1
2025,14,2025_14_PHI_LAC,PHI,00-0035676,0,0,0,0,0,13
2025,14,2025_14_PHI_LAC,PHI,00-0036389,3,0,0,0,0,0
2025,14,2025_14_PHI_LAC,PHI,00-0036912,0,0,0,0,1,7
2025,14,2025_14_PHI_LAC,PHI,00-0037741,0,0,0,0,1,2
2025,14,2025_14_PHI_LAC,PHI,00-0038555,0,0,1,0,0,0
2025,14,2025_14_PHI_LAC,PHI,00-0039746,0,0,0,0,0,1
2025,14,2025_14_PHI_LAC,PHI,00-0040024,0,0,0,0,0,1
2025,14,2025_14_PIT_BAL,BAL,00-0030564,0,0,0,0,0,1
2025,14,2025_14_PIT_BAL,BAL,00-0032764,0,1,24,0,1,1
2025,14,2025_14_PIT_BAL,BAL,00-0033376,0,0,0,0,0,1
2025,14,2025_14_PIT_BAL,BAL,00-0034753,0,0,0,2,1,2
2025,14,2025_14_PIT_BAL,BAL,00-0034796,7,0,0,0,0,0
2025,14,2025_14_PIT_BAL,BAL,00-0036550,0,0,0,0,2,1
2025,14,2025_14_PIT_BAL,BAL,00-0037838,0,0,0,2,1,3
2025,14,2025_14_PIT_BAL,BAL,00-0038046,0,0,0,0,0,1
2025,14,2025_14_PIT_BAL,BAL,00-0038454,0,0,6,0,0,0
2025,14,2025_14_PIT_BAL,BAL,00-0039064,0,0,1,1,0,10
2025,14,2025_14_PIT_BAL,BAL,00-0039796,0,0,1,0,1,2
2025,14,2025_14_PIT_BAL,PIT,00-0023459,1,0,0,0,0,1
2025,14,2025_14_PIT_BAL,PIT,00-0030035,0,0,0,0,1,0
2025,14,2025_14_PIT_BAL,PIT,00-0033858,0,0,0,0,0,1
2025,14,2025_14_PIT_BAL,PIT,00-0034272,0,0,0,0,0,1
2025,14,2025_14_PIT_BAL,PIT,00-0035640,0,0,0,3,1,8
2025,14,2025_14_PIT_BAL,PIT,00-0036862,0,0,0,0,0,1
2025,14,2025_14_PIT_BAL,PIT,00-0036894,0,0,0,0,2,1
2025,14,2025_14_PIT_BAL,PIT,00-0036919,0,1,3,1,3,3
2025,14,2025_14_PIT_BAL,PIT,00-0037228,0,0,8,0,0,3
2025,14,2025_14_PIT_BAL,PIT,00-0037304,0,1,0,0,0,0
2025,14,2025_14_PIT_BAL,PIT,00-0037837,0,0,0,0,0,2
2025,14,2025_14_PIT_BAL,PIT,00-0038558,0,0,0,0,0,1
2025,14,2025_14_PIT_BAL,PIT,00-0040142,0,0,2,0,0,0
2025,14,2025_14_SEA_ATL,ATL,00-0035359,0,0,0,0,2,2
2025,14,2025_14_SEA_ATL,ATL,00-0036309,0,0,0,1,0,3
2025,14,2025_14_SEA_ATL,ATL,00-0036970,0,0,0,0,0,10
2025,14,2025_14_SEA_ATL,ATL,00-0037263,0,2,9,0,0,2
2025,14,2025_14_SEA_ATL,ATL,00-0037487,0,0,0,0,0,1
2025,14,2025_14_SEA_ATL,ATL,00-0038542,0,0,20,0,0,2
2025,14,2025_14_SEA_ATL,ATL,00-0038953,0,0,0,1,2,2
2025,14,2025_14_SEA_ATL,SEA,00-0033908,0,0,0,1,1,1
2025,14,2025_14_SEA_ATL,SEA,00-0034869,3,0,0,0,0,0
2025,14,2025_14_SEA_ATL,SEA,00-0035704,1,0,0,0,0,0
2025,14,2025_14_SEA_ATL,SEA,00-0035891,0,0,0,0,0,1
2025,14,2025_14_SEA_ATL,SEA,00-0037545,0,0,0,0,0,5
2025,14,2025_14_SEA_ATL,SEA,00-0037745,0,0,4,0,0,0
2025,14,2025_14_SEA_ATL,SEA,00-0038134,0,0,10,0,1,2
2025,14,2025_14_SEA_ATL,SEA,00-0038543,0,0,1,2,0,8
2025,14,2025_14_SEA_ATL,SEA,00-0039165,0,1,6,0,0,3
2025,14,2025_14_SEA_ATL,SEA,00-0039793,0,0,0,1,1,2
2025,14,2025_14_SEA_ATL,SEA,00-0040739,0,0,0,0,0,1
2025,14,2025_14_TEN_CLE,CLE,00-0033885,0,0,0,1,0,0
2025,14,2025_14_TEN_CLE,CLE,00-0036407,0,0,0,0,0,5
2025,14,2025_14_TEN_CLE,CLE,00-0037267,0,0,0,0,1,2
2025,14,2025_14_TEN_CLE,CLE,00-0038710,0,0,0,0,0,1
2025,14,2025_14_TEN_CLE,CLE,00-0038979,0,0,0,0,0,3
2025,14,2025_14_TEN_CLE,CLE,00-0039920,0,1,0,0,0,0
2025,14,2025_14_TEN_CLE,CLE,00-0040162,0,0,2,0,1,5
2025,14,2025_14_TEN_CLE,CLE,00-0040259,0,0,0,0,0,3
2025,14,2025_14_TEN_CLE,CLE,00-0040663,0,0,0,1,0,10
2025,14,2025_14_TEN_CLE,CLE,00-0040668,3,0,0,0,0,0
2025,14,2025_14_TEN_CLE,CLE,00-0040782,0,0,0,0,0,2
2025,14,2025_14_TEN_CLE,CLE,00-0040784,0,1,13,0,0,3
2025,14,2025_14_TEN_CLE,TEN,00-0035261,0,0,25,0,0,0
2025,14,2025_14_TEN_CLE,TEN,00-0036133,0,0,0,0,0,1
2025,14,2025_14_TEN_CLE,TEN,00-0036415,0,0,0,0,0,4
2025,14,2025_14_TEN_CLE,TEN,00-0037809,0,0,0,0,0,2
2025,14,2025_14_TEN_CLE,TEN,00-0039032,0,0,8,0,0,4
2025,14,2025_14_TEN_CLE,TEN,00-0039648,0,0,0,0,0,1
2025,14,2025_14_TEN_CLE,TEN,00-0040170,0,0,0,0,1,2
2025,14,2025_14_TEN_CLE,TEN,00-0040584,0,0,0,0,0,2
2025,14,2025_14_TEN_CLE,TEN,00-0040676,2,0,0,0,0,0
2025,14,2025_14_TEN_CLE,TEN,00-0040705,0,0,0,0,2,6
2025,14,2025_14_WAS_MIN,MIN,00-0033293,0,0,14,0,0,1
2025,14,2025_14_WAS_MIN,MIN,00-0035229,0,0,0,0,1,2
2025,14,2025_14_WAS_MIN,MIN,00-0035249,0,0,0,0,2,0
2025,14,2025_14_WAS_MIN,MIN,00-0036322,0,0,0,0,0,4
2025,14,2025_14_WAS_MIN,MIN,00-0037291,0,0,0,0,0,3
2025,14,2025_14_WAS_MIN,MIN,00-0037525,0,0,11,0,0,0
2025,14,2025_14_WAS_MIN,MIN,00-0038440,0,0,3,0,0,1
2025,14,2025_14_WAS_MIN,MIN,00-0038809,0,0,0,0,0,1
2025,14,2025_14_WAS_MIN,MIN,00-0038994,0,0,0,1,0,6
2025,14,2025_14_WAS_MIN,MIN,00-0039923,2,0,0,0,0,0
2025,14,2025_14_WAS_MIN,MIN,00-0040154,0,0,0,0,0,1
2025,14,2025_14_WAS_MIN,WAS,00-0030061,0,0,0,0,0,2
2025,14,2025_14_WAS_MIN,WAS,00-0032268,2,0,0,0,0,0
2025,14,2025_14_WAS_MIN,WAS,00-0033591,0,0,0,0,1,1
2025,14,2025_14_WAS_MIN,WAS,00-0033955,0,0,0,0,0,1
2025,14,2025_14_WAS_MIN,WAS,00-0035659,0,0,0,0,1,5
2025,14,2025_14_WAS_MIN,WAS,00-0035719,0,0,0,1,0,5
2025,14,2025_14_WAS_MIN,WAS,00-0037742,0,0,0,0,0,1
2025,14,2025_14_WAS_MIN,WAS,00-0038611,0,1,9,0,0,0
2025,14,2025_14_WAS_MIN,WAS,00-0039686,0,0,0,0,0,1
2025,14,2025_14_WAS_MIN,WAS,00-0039910,4,0,0,0,0,0
2025,14,2025_14_WAS_MIN,WAS,00-0039912,0,0,0,0,0,1
2025,14,2025_14_WAS_MIN,WAS,00-0040242,0,0,7,0,0,0
2025,15,2025_15_ARI_HOU,ARI,00-0033119,3,0,0,0,0,0
2025,15,2025_15_ARI_HOU,ARI,00-0033439,0,0,0,0,1,1
2025,15,2025_15_ARI_HOU,ARI,00-0036924,0,1,13,0,0,4
2025,15,2025_15_ARI_HOU,ARI,00-0037157,0,0,1,0,0,0
2025,15,2025_15_ARI_HOU,ARI,00-0037744,0,0,0,1,2,10
2025,15,2025_15_ARI_HOU,ARI,00-0038559,0,0,0,1,0,10
2025,15,2025_15_ARI_HOU,ARI,00-0038640,0,0,0,0,0,3
2025,15,2025_15_ARI_HOU,ARI,00-0038705,0,0,1,0,0,3
2025,15,2025_15_ARI_HOU,ARI,00-0039041,0,0,0,0,0,2
2025,15,2025_15_ARI_HOU,ARI,00-0040556,0,0,2,0,0,0
2025,15,2025_15_ARI_HOU,HOU,00-0033854,0,2,3,0,3,1
2025,15,2025_15_ARI_HOU,HOU,00-0034383,0,0,0,2,0,7
2025,15,2025_15_ARI_HOU,HOU,00-0036554,0,0,0,2,0,2
2025,15,2025_15_ARI_HOU,HOU,00-0038618,0,0,0,0,0,2
2025,15,2025_15_ARI_HOU,HOU,00-0039163,4,0,0,0,0,0
2025,15,2025_15_ARI_HOU,HOU,00-0039359,0,0,0,0,2,1
2025,15,2025_15_ARI_HOU,HOU,00-0039405,0,1,14,0,0,2
2025,15,2025_15_ARI_HOU,HOU,00-0040130,0,0,0,0,0,1
2025,15,2025_15_ARI_HOU,HOU,00-0040583,0,1,6,0,0,1
2025,15,2025_15_ATL_TB,ATL,00-0035359,0,0,0,1,1,8
2025,15,2025_15_ATL_TB,ATL,00-0036309,0,0,0,0,0,6
2025,15,2025_15_ATL_TB,ATL,00-0036429,0,0,0,0,1,1
2025,15,2025_15_ATL_TB,ATL,00-0036970,0,0,0,2,1,9
2025,15,2025_15_ATL_TB,ATL,00-0037263,0,0,2,0,0,0
2025,15,2025_15_ATL_TB,ATL,00-0038542,0,0,19,0,1,10
2025,15,2025_15_ATL_TB,TB,00-0031408,0,0,0,1,0,11
2025,15,2025_15_ATL_TB,TB,00-0033921,0,0,0,1,0,4
2025,15,2025_15_ATL_TB,TB,00-0034855,1,0,0,0,0,0
2025,15,2025_15_ATL_TB,TB,00-0037256,0,0,1,0,0,1
2025,15,2025_15_ATL_TB,TB,00-0038951,0,3,1,0,0,0
2025,15,2025_15_ATL_TB,TB,00-0039361,0,0,16,0,1,2
2025,15,2025_15_ATL_TB,TB,00-0039754,0,0,0,1,0,0
2025,15,2025_15_ATL_TB,TB,00-0039855,0,0,0,0,1,1
2025,15,2025_15_ATL_TB,TB,00-0040129,0,0,0,0,0,7
2025,15,2025_15_ATL_TB,TB,00-0040237,0,0,0,0,0,1
2025,15,2025_15_BAL_CIN,BAL,00-0030564,0,0,0,0,0,1
2025,15,2025_15_BAL_CIN,BAL,00-0032764,0,0,11,0,0,0
2025,15,2025_15_BAL_CIN,BAL,00-0034753,0,0,0,0,0,3
2025,15,2025_15_BAL_CIN,BAL,00-0034796,2,0,0,0,0,0
2025,15,2025_15_BAL_CIN,BAL,00-0038454,0,0,8,0,0,1
2025,15,2025_15_BAL_CIN,BAL,00-0039064,0,0,0,1,0,4
2025,15,2025_15_BAL_CIN,BAL,00-0039796,0,0,0,0,0,2
2025,15,2025_15_BAL_CIN,CIN,00-0033526,0,0,14,0,0,1
2025,15,2025_15_BAL_CIN,CIN,00-0034613,0,0,0,0,1,4
2025,15,2025_15_BAL_CIN,CIN,00-0034829,0,0,0,0,0,2
2025,15,2025_15_BAL_CIN,CIN,00-0035631,0,0,0,0,0,2
2025,15,2025_15_BAL_CIN,CIN,00-0036442,2,0,0,0,0,0
2025,15,2025_15_BAL_CIN,CIN,00-0036900,0,0,0,0,1,15
2025,15,2025_15_BAL_CIN,CIN,00-0038597,0,0,13,0,1,6
2025,15,2025_15_BAL_CIN,CIN,00-0038619,0,0,0,0,0,1
2025,15,2025_15_BAL_CIN,CIN,00-0038839,0,0,0,1,0,1
2025,15,2025_15_BUF_NE,BUF,00-0031236,0,0,0,0,0,3
2025,15,2025_15_BUF_NE,BUF,00-0034857,8,0,0,0,0,0
2025,15,2025_15_BUF_NE,BUF,00-0035537,0,0,4,0,0,3
2025,15,2025_15_BUF_NE,BUF,00-0035689,0,0,0,1,2,1
2025,15,2025_15_BUF_NE,BUF,00-0036988,0,0,0,0,0,2
2025,15,2025_15_BUF_NE,BUF,00-0037248,0,2,20,0,1,2
2025,15,2025_15_BUF_NE,BUF,00-0037261,0,0,0,0,0,5
2025,15,2025_15_BUF_NE,BUF,00-0038933,0,0,0,0,2,2
2025,15,2025_15_BUF_NE,BUF,00-0039875,0,0,0,0,0,1
2025,15,2025_15_BUF_NE,BUF,00-0040194,0,0,0,0,0,1
2025,15,2025_15_BUF_NE,NE,00-0031588,0,0,0,0,0,4
2025,15,2025_15_BUF_NE,NE,00-0033090,0,0,0,0,0,3
2025,15,2025_15_BUF_NE,NE,00-0033555,0,0,0,0,0,8
2025,15,2025_15_BUF_NE,NE,00-0036875,0,0,6,0,1,2
2025,15,2025_15_BUF_NE,NE,00-0038608,0,0,0,0,0,1
2025,15,2025_15_BUF_NE,NE,00-0038621,0,0,1,0,0,0
2025,15,2025_15_BUF_NE,NE,00-0039851,4,0,0,0,0,0
2025,15,2025_15_BUF_NE,NE,00-0040734,0,0,14,0,0,3
2025,15,2025_15_CAR_NO,CAR,00-0036139,0,1,15,0,0,1
2025,15,2025_15_CAR_NO,CAR,00-0036555,0,0,8,0,0,1
2025,15,2025_15_CAR_NO,CAR,00-0037005,0,0,0,0,0,4
2025,15,2025_15_CAR_NO,CAR,00-0039150,7,0,0,0,0,0
2025,15,2025_15_CAR_NO,CAR,00-0039342,0,0,0,0,0,3
2025,15,2025_15_CAR_NO,CAR,00-0039356,0,0,0,0,0,2
2025,15,2025_15_CAR_NO,CAR,00-0039491,0,0,0,0,0,4
2025,15,2025_15_CAR_NO,CAR,00-0040124,0,0,0,0,0,4
2025,15,2025_15_CAR_NO,CAR,00-0040218,0,0,0,0,0,1
2025,15,2025_15_CAR_NO,NO,00-0033357,0,0,2,0,0,0
2025,15,2025_15_CAR_NO,NO,00-0036040,0,0,0,0,1,3
2025,15,2025_15_CAR_NO,NO,00-0036741,0,0,0,0,0,1
2025,15,2025_15_CAR_NO,NO,00-0037231,0,0,0,0,0,5
2025,15,2025_15_CAR_NO,NO,00-0037239,0,0,0,0,1,8
2025,15,2025_15_CAR_NO,NO,00-0038397,0,0,4,0,0,0
2025,15,2025_15_CAR_NO,NO,00-0039373,0,0,3,0,0,3
2025,15,2025_15_CAR_NO,NO,00-0039424,0,0,0,0,0,6
2025,15,2025_15_CAR_NO,NO,00-0039623,0,0,1,0,0,2
2025,15,2025_15_CAR_NO,NO,00-0040202,0,1,6,0,0,1
2025,15,2025_15_CAR_NO,NO,00-0040743,7,0,0,0,0,0
2025,15,2025_15_CLE_CHI,CHI,00-0034827,0,0,0,1,0,4
2025,15,2025_15_CLE_CHI,CHI,00-0035208,0,0,0,0,1,2
2025,15,2025_15_CLE_CHI,CHI,00-0036275,0,0,18,0,0,1
2025,15,2025_15_CLE_CHI,CHI,00-0036290,0,0,0,0,1,3
2025,15,2025_15_CLE_CHI,CHI,00-0039918,2,0,0,0,0,0
2025,15,2025_15_CLE_CHI,CHI,00-0040126,0,0,1,0,1,4
2025,15,2025_15_CLE_CHI,CHI,00-0040236,0,1,10,0,0,2
2025,15,2025_15_CLE_CHI,CHI,00-0040735,0,0,0,0,0,7
2025,15,2025_15_CLE_CHI,CLE,00-0035291,0,0,1,0,1,1
2025,15,2025_15_CLE_CHI,CLE,00-0036407,0,0,0,0,0,4
2025,15,2025_15_CLE_CHI,CLE,00-0039920,0,0,0,0,0,1
2025,15,2025_15_CLE_CHI,CLE,00-0040259,0,0,0,0,0,2
2025,15,2025_15_CLE_CHI,CLE,00-0040663,0,0,1,1,1,12
2025,15,2025_15_CLE_CHI,CLE,00-0040668,2,0,0,0,0,0
2025,15,2025_15_CLE_CHI,CLE,00-0040782,0,0,0,0,0,4
2025,15,2025_15_CLE_CHI,CLE,00-0040784,0,0,12,0,0,4
2025,15,2025_15_DET_LA,DET,00-0032464,0,0,0,0,0,1
2025,15,2025_15_DET_LA,DET,00-0035685,0,1,6,0,0,1
2025,15,2025_15_DET_LA,DET,00-0036963,0,0,0,2,5,11
2025,15,2025_15_DET_LA,DET,00-0037240,0,0,0,1,0,9
2025,15,2025_15_DET_LA,DET,00-0039139,0,0,13,0,0,7
2025,15,2025_15_DET_LA,DET,00-0040669,0,0,0,1,0,0
2025,15,2025_15_DET_LA,LA,00-0026498,1,0,0,0,0,0
2025,15,2025_15_DET_LA,LA,00-0031381,0,0,0,2,0,7
2025,15,2025_15_DET_LA,LA,00-0036244,0,0,0,1,3,3
2025,15,2025_15_DET_LA,LA,00-0036849,0,0,0,0,0,2
2025,15,2025_15_DET_LA,LA,00-0037840,0,2,13,0,0,1
2025,15,2025_15_DET_LA,LA,00-0039074,0,0,0,0,0,4
2025,15,2025_15_DET_LA,LA,00-0039075,0,0,2,0,0,11
2025,15,2025_15_DET_LA,LA,00-0039738,0,1,10,0,0,0
2025,15,2025_15_DET_LA,LA,00-0039751,0,0,0,0,0,1
2025,15,2025_15_DET_LA,LA,00-0040590,0,0,0,0,0,1
2025,15,2025_15_DET_LA,LA,00-0040737,0,0,0,0,0,2
2025,15,2025_15_GB_DEN,DEN,00-0033881,0,0,0,0,0,3
2025,15,2025_15_GB_DEN,DEN,00-0034348,0,0,0,1,1,8
2025,15,2025_15_GB_DEN,DEN,00-0035406,0,0,0,1,0,3
2025,15,2025_15_GB_DEN,DEN,00-0036727,0,0,1,0,0,0
2025,15,2025_15_GB_DEN,DEN,00-0036959,0,0,0,0,1,0
2025,15,2025_15_GB_DEN,DEN,00-0037085,0,0,0,0,0,1
2025,15,2025_15_GB_DEN,DEN,00-0038794,0,0,2,0,0,0
2025,15,2025_15_GB_DEN,DEN,00-0038976,0,0,1,0,0,6
2025,15,2025_15_GB_DEN,DEN,00-0039732,5,0,0,0,0,0
2025,15,2025_15_GB_DEN,DEN,00-0039868,0,0,1,0,1,5
2025,15,2025_15_GB_DEN,DEN,00-0040730,0,1,18,0,0,1
2025,15,2025_15_GB_DEN,GB,00-0035700,0,0,12,1,1,1
2025,15,2025_15_GB_DEN,GB,00-0036264,3,0,0,0,0,0
2025,15,2025_15_GB_DEN,GB,00-0037091,0,0,1,0,0,1
2025,15,2025_15_GB_DEN,GB,00-0037306,0,0,0,0,1,3
2025,15,2025_15_GB_DEN,GB,00-0037816,0,0,0,0,1,2
2025,15,2025_15_GB_DEN,GB,00-0038124,0,0,0,0,1,4
2025,15,2025_15_GB_DEN,GB,00-0038393,0,0,0,0,0,2
2025,15,2025_15_GB_DEN,GB,00-0038685,0,0,2,0,0,2
2025,15,2025_15_GB_DEN,GB,00-0038797,0,0,2,0,0,0
2025,15,2025_15_GB_DEN,GB,00-0039144,0,0,0,0,1,5
2025,15,2025_15_GB_DEN,GB,00-0039146,0,0,0,0,1,5
2025,15,2025_15_GB_DEN,GB,00-0040667,0,0,0,0,0,4
2025,15,2025_15_IND_SEA,IND,00-0022942,1,0,0,0,0,0
2025,15,2025_15_IND_SEA,IND,00-0032104,0,0,4,0,0,5
2025,15,2025_15_IND_SEA,IND,00-0036223,0,0,25,0,0,4
2025,15,2025_15_IND_SEA,IND,00-0036252,0,0,0,0,0,5
2025,15,2025_15_IND_SEA,IND,00-0037664,0,0,0,0,0,1
2025,15,2025_15_IND_SEA,IND,00-0038997,0,0,0,0,1,4
2025,15,2025_15_IND_SEA,IND,00-0040128,0,0,0,0,0,6
2025,15,2025_15_IND_SEA,SEA,00-0033576,0,0,0,0,0,1
2025,15,2025_15_IND_SEA,SEA,00-0033908,0,0,0,1,1,5
2025,15,2025_15_IND_SEA,SEA,00-0034869,3,0,0,0,0,0
2025,15,2025_15_IND_SEA,SEA,00-0037545,0,0,1,1,0,6
2025,15,2025_15_IND_SEA,SEA,00-0038134,0,0,9,0,1,0
2025,15,2025_15_IND_SEA,SEA,00-0038488,0,0,0,0,0,1
2025,15,2025_15_IND_SEA,SEA,00-0038543,0,0,0,0,0,9
2025,15,2025_15_IND_SEA,SEA,00-0039165,0,0,8,0,0,1
2025,15,2025_15_IND_SEA,SEA,00-0039793,0,0,0,0,0,6
2025,15,2025_15_LAC_KC,KC,00-0030506,0,0,0,0,0,9
2025,15,2025_15_LAC_KC,KC,00-0033857,0,0,0,0,1,0
2025,15,2025_15_LAC_KC,KC,00-0033873,2,0,0,0,0,0
2025,15,2025_15_LAC_KC,KC,00-0033923,0,0,6,0,1,1
2025,15,2025_15_LAC_KC,KC,00-0037197,0,0,11,0,0,0
2025,15,2025_15_LAC_KC,KC,00-0038104,0,0,0,0,0,3
2025,15,2025_15_LAC_KC,KC,00-0039067,0,0,0,0,1,10
2025,15,2025_15_LAC_KC,KC,00-0039894,0,0,0,0,0,4
2025,15,2025_15_LAC_KC,KC,00-0040078,0,0,2,0,0,0
2025,15,2025_15_LAC_KC,LAC,00-0030279,0,0,0,0,0,7
2025,15,2025_15_LAC_KC,LAC,00-0036355,1,0,0,0,0,0
2025,15,2025_15_LAC_KC,LAC,00-0037241,0,0,0,1,0,0
2025,15,2025_15_LAC_KC,LAC,00-0038614,0,0,0,0,0,2
2025,15,2025_15_LAC_KC,LAC,00-0039391,0,0,12,0,0,1
2025,15,2025_15_LAC_KC,LAC,00-0039915,0,0,0,0,0,3
2025,15,2025_15_LAC_KC,LAC,00-0040184,0,0,0,1,0,0
2025,15,2025_15_LAC_KC,LAC,00-0040189,0,0,0,0,0,5
2025,15,2025_15_LAC_KC,LAC,00-0040666,0,1,14,0,0,1
2025,15,2025_15_LAC_KC,LAC,00-0040727,0,0,0,0,0,5
2025,15,2025_15_LV_PHI,LV,00-0031687,0,0,0,0,0,1
2025,15,2025_15_LV_PHI,LV,00-0032211,0,0,0,0,0,4
2025,15,2025_15_LV_PHI,LV,00-0038102,2,0,0,0,0,0
2025,15,2025_15_LV_PHI,LV,00-0038563,0,0,0,0,0,3
2025,15,2025_15_LV_PHI,LV,00-0039338,0,0,0,0,0,8
2025,15,2025_15_LV_PHI,LV,00-0039407,0,0,2,0,0,0
2025,15,2025_15_LV_PHI,LV,00-0040122,0,0,9,0,0,6
2025,15,2025_15_LV_PHI,LV,00-0040729,0,0,0,0,0,3
2025,15,2025_15_LV_PHI,PHI,00-0034351,0,0,0,1,2,4
2025,15,2025_15_LV_PHI,PHI,00-0034844,0,3,19,0,0,3
2025,15,2025_15_LV_PHI,PHI,00-0035676,0,0,0,0,0,2
2025,15,2025_15_LV_PHI,PHI,00-0036389,7,0,0,0,0,0
2025,15,2025_15_LV_PHI,PHI,00-0036912,0,0,0,0,1,1
2025,15,2025_15_LV_PHI,PHI,00-0037086,0,0,0,0,0,1
2025,15,2025_15_LV_PHI,PHI,00-0038400,1,0,0,0,0,0
2025,15,2025_15_LV_PHI,PHI,00-0038555,0,4,13,0,0,1
2025,15,2025_15_LV_PHI,PHI,00-0040024,0,0,0,0,0,2
2025,15,2025_15_MIA_PIT,MIA,00-0031610,0,0,0,2,0,6
2025,15,2025_15_MIA_PIT,MIA,00-0035125,0,0,0,0,0,1
2025,15,2025_15_MIA_PIT,MIA,00-0036182,0,0,0,0,0,1
2025,15,2025_15_MIA_PIT,MIA,00-0036212,1,0,0,0,0,0
2025,15,2025_15_MIA_PIT,MIA,00-0036613,0,0,0,0,0,4
2025,15,2025_15_MIA_PIT,MIA,00-0037252,0,0,0,0,0,2
2025,15,2025_15_MIA_PIT,MIA,00-0038720,0,0,0,0,0,2
2025,15,2025_15_MIA_PIT,MIA,00-0039040,0,0,12,0,0,6
2025,15,2025_15_MIA_PIT,MIA,00-0039874,0,0,1,0,0,1
2025,15,2025_15_MIA_PIT,MIA,00-0039880,0,0,0,0,0,1
2025,15,2025_15_MIA_PIT,MIA,00-0040198,0,0,2,0,0,0
2025,15,2025_15_MIA_PIT,PIT,00-0030035,0,0,0,0,0,1
2025,15,2025_15_MIA_PIT,PIT,00-0033858,0,0,1,0,0,2
2025,15,2025_15_MIA_PIT,PIT,00-0034272,0,0,0,1,0,0
2025,15,2025_15_MIA_PIT,PIT,00-0035640,0,0,0,0,0,3
2025,15,2025_15_MIA_PIT,PIT,00-0036894,0,0,0,0,0,5
2025,15,2025_15_MIA_PIT,PIT,00-0036919,0,0,13,0,2,5
2025,15,2025_15_MIA_PIT,PIT,00-0037228,0,2,10,0,0,3
2025,15,2025_15_MIA_PIT,PIT,00-0037304,0,1,3,0,0,0
2025,15,2025_15_MIA_PIT,PIT,00-0037837,0,0,0,0,0,1
2025,15,2025_15_MIA_PIT,PIT,00-0038558,0,0,0,0,0,4
2025,15,2025_15_MIA_PIT,PIT,00-0040142,0,0,2,0,0,0
2025,15,2025_15_MIN_DAL,DAL,00-0033077,1,0,0,0,0,0
2025,15,2025_15_MIN_DAL,DAL,00-0036358,0,0,0,2,0,8
2025,15,2025_15_MIN_DAL,DAL,00-0036997,0,2,13,0,0,0
2025,15,2025_15_MIN_DAL,DAL,00-0037247,0,0,0,0,0,6
2025,15,2025_15_MIN_DAL,DAL,00-0037563,0,1,7,0,0,3
2025,15,2025_15_MIN_DAL,DAL,00-0037692,0,0,1,0,0,0
2025,15,2025_15_MIN_DAL,DAL,00-0037801,0,0,1,0,1,1
2025,15,2025_15_MIN_DAL,DAL,00-0038041,0,0,0,0,0,4
2025,15,2025_15_MIN_DAL,DAL,00-0038547,0,0,0,0,0,1
2025,15,2025_15_MIN_DAL,DAL,00-0038738,0,0,3,0,0,2
2025,15,2025_15_MIN_DAL,DAL,00-0039062,0,0,0,0,0,1
2025,15,2025_15_MIN_DAL,DAL,00-0039410,0,0,0,0,0,5
2025,15,2025_15_MIN_DAL,DAL,00-0039530,0,0,0,0,0,1
2025,15,2025_15_MIN_DAL,MIN,00-0032918,0,1,0,0,0,0
2025,15,2025_15_MIN_DAL,MIN,00-0033293,0,0,12,0,0,3
2025,15,2025_15_MIN_DAL,MIN,00-0035229,0,0,0,1,0,4
2025,15,2025_15_MIN_DAL,MIN,00-0035249,0,0,0,0,0,1
2025,15,2025_15_MIN_DAL,MIN,00-0036322,0,0,0,3,1,4
2025,15,2025_15_MIN_DAL,MIN,00-0037291,0,0,1,2,0,3
2025,15,2025_15_MIN_DAL,MIN,00-0037525,0,1,9,0,0,0
2025,15,2025_15_MIN_DAL,MIN,00-0038994,0,0,0,0,0,2
2025,15,2025_15_MIN_DAL,MIN,00-0039923,3,0,0,0,0,0
2025,15,2025_15_NYJ_JAX,JAX,00-0034960,0,0,0,0,0,7
2025,15,2025_15_NYJ_JAX,JAX,00-0036590,0,0,0,0,0,2
2025,15,2025_15_NYJ_JAX,JAX,00-0036626,0,0,1,0,0,0
2025,15,2025_15_NYJ_JAX,JAX,00-0036971,5,0,0,0,0,0
2025,15,2025_15_NYJ_JAX,JAX,00-0036973,0,1,11,1,2,1
2025,15,2025_15_NYJ_JAX,JAX,00-0038606,0,0,0,0,1,2
2025,15,2025_15_NYJ_JAX,JAX,00-0038935,0,0,0,0,2,1
2025,15,2025_15_NYJ_JAX,JAX,00-0039893,0,0,1,2,1,4
2025,15,2025_15_NYJ_JAX,JAX,00-0040238,0,0,4,0,1,0
2025,15,2025_15_NYJ_JAX,JAX,00-0040719,0,0,1,0,1,0
2025,15,2025_15_NYJ_JAX,NYJ,00-0034521,0,0,0,1,1,0
2025,15,2025_15_NYJ_JAX,NYJ,00-0034959,0,0,1,0,0,1
2025,15,2025_15_NYJ_JAX,NYJ,00-0036906,0,0,2,0,0,1
2025,15,2025_15_NYJ_JAX,NYJ,00-0037614,0,0,1,0,0,5
2025,15,2025_15_NYJ_JAX,NYJ,00-0037805,0,0,0,0,0,2
2025,15,2025_15_NYJ_JAX,NYJ,00-0038120,0,0,12,0,0,2
2025,15,2025_15_NYJ_JAX,NYJ,00-0039451,0,0,0,0,0,7
2025,15,2025_15_NYJ_JAX,NYJ,00-0039798,0,0,9,0,0,1
2025,15,2025_15_NYJ_JAX,NYJ,00-0039890,0,0,1,1,0,8
2025,15,2025_15_NYJ_JAX,NYJ,00-0040398,6,0,0,0,0,0
2025,15,2025_15_NYJ_JAX,NYJ,00-0040582,0,0,0,0,0,2
2025,15,2025_15_TEN_SF,SF,00-0029892,0,0,0,0,1,0
2025,15,2025_15_TEN_SF,SF,00-0032775,0,0,0,0,1,1
2025,15,2025_15_TEN_SF,SF,00-0033280,0,3,19,0,0,1
2025,15,2025_15_TEN_SF,SF,00-0033288,0,0,0,1,0,8
2025,15,2025_15_TEN_SF,SF,00-0033307,0,0,0,0,0,3
2025,15,2025_15_TEN_SF,SF,00-0036259,0,0,0,2,2,1
2025,15,2025_15_TEN_SF,SF,00-0037746,0,0,9,0,0,0
2025,15,2025_15_TEN_SF,SF,00-0037834,7,0,0,0,0,0
2025,15,2025_15_TEN_SF,SF,00-0039916,0,0,0,0,0,7
2025,15,2025_15_TEN_SF,TEN,00-0035261,0,0,14,0,0,2
2025,15,2025_15_TEN_SF,TEN,00-0035643,0,0,0,1,0,0
2025,15,2025_15_TEN_SF,TEN,00-0036133,0,0,0,0,0,1
2025,15,2025_15_TEN_SF,TEN,00-0036415,0,0,0,0,0,5
2025,15,2025_15_TEN_SF,TEN,00-0037809,0,0,0,1,0,5
2025,15,2025_15_TEN_SF,TEN,00-0039032,0,0,3,0,1,1
2025,15,2025_15_TEN_SF,TEN,00-0040170,0,0,0,0,0,1
2025,15,2025_15_TEN_SF,TEN,00-0040205,0,0,1,0,0,0
2025,15,2025_15_TEN_SF,TEN,00-0040584,0,0,0,0,2,2
2025,15,2025_15_TEN_SF,TEN,00-0040676,1,0,0,0,0,0
2025,15,2025_15_TEN_SF,TEN,00-0040705,0,1,0,0,2,3
2025,15,2025_15_WAS_NYG,NYG,00-0035250,0,1,4,0,0,1
2025,15,2025_15_WAS_NYG,NYG,00-0035535,0,0,0,0,0,10
2025,15,2025_15_WAS_NYG,NYG,00-0036165,0,0,0,0,0,2
2025,15,2025_15_WAS_NYG,NYG,00-0038115,0,0,0,0,0,4
2025,15,2025_15_WAS_NYG,NYG,00-0038117,0,0,0,3,0,7
2025,15,2025_15_WAS_NYG,NYG,00-0038938,0,0,0,0,0,1
2025,15,2025_15_WAS_NYG,NYG,00-0039384,0,0,15,1,0,3
2025,15,2025_15_WAS_NYG,NYG,00-0039847,0,0,0,0,0,4
2025,15,2025_15_WAS_NYG,NYG,00-0040691,9,0,0,0,0,0
2025,15,2025_15_WAS_NYG,WAS,00-0032268,7,0,0,0,0,0
2025,15,2025_15_WAS_NYG,WAS,00-0033591,0,0,0,0,0,1
2025,15,2025_15_WAS_NYG,WAS,00-0033955,0,0,9,0,0,1
2025,15,2025_15_WAS_NYG,WAS,00-0035659,0,0,0,0,0,4
2025,15,2025_15_WAS_NYG,WAS,00-0035719,0,0,0,0,0,5
2025,15,2025_15_WAS_NYG,WAS,00-0036628,0,0,0,0,0,1
2025,15,2025_15_WAS_NYG,WAS,00-0037742,0,0,0,0,0,2
2025,15,2025_15_WAS_NYG,WAS,00-0039912,0,0,0,0,0,1
2025,15,2025_15_WAS_NYG,WAS,00-0040164,0,0,0,0,0,1
2025,15,2025_15_WAS_NYG,WAS,00-0040242,0,0,18,0,0,0
2025,16,2025_16_ATL_ARI,ARI,00-0033119,1,0,0,0,0,0
2025,16,2025_16_ATL_ARI,ARI,00-0034928,0,0,0,0,0,1
2025,16,2025_16_ATL_ARI,ARI,00-0036332,0,0,0,0,0,1
2025,16,2025_16_ATL_ARI,ARI,00-0036924,0,0,11,0,0,2
2025,16,2025_16_ATL_ARI,ARI,00-0037744,0,0,0,1,3,4
2025,16,2025_16_ATL_ARI,ARI,00-0038559,0,0,0,0,0,3
2025,16,2025_16_ATL_ARI,ARI,00-0038705,0,0,5,0,0,1
2025,16,2025_16_ATL_ARI,ARI,00-0039041,0,0,0,0,1,7
2025,16,2025_16_ATL_ARI,ARI,00-0039521,0,0,0,0,0,2
2025,16,2025_16_ATL_ARI,ARI,00-0039849,0,0,0,0,0,3
2025,16,2025_16_ATL_ARI,ARI,00-0040556,0,0,6,0,0,0
2025,16,2025_16_ATL_ARI,ATL,00-0029604,3,0,0,0,0,0
2025,16,2025_16_ATL_ARI,ATL,00-0031279,0,0,0,1,0,0
2025,16,2025_16_ATL_ARI,ATL,00-0035359,0,0,0,0,0,1
2025,16,2025_16_ATL_ARI,ATL,00-0036309,0,0,0,0,0,2
2025,16,2025_16_ATL_ARI,ATL,00-0036429,0,0,0,0,0,1
2025,16,2025_16_ATL_ARI,ATL,00-0036970,0,0,0,1,1,7
2025,16,2025_16_ATL_ARI,ATL,00-0037238,0,0,0,0,1,7
2025,16,2025_16_ATL_ARI,ATL,00-0037263,0,1,15,0,0,1
2025,16,2025_16_ATL_ARI,ATL,00-0038542,0,2,14,0,2,9
2025,16,2025_16_BUF_CLE,BUF,00-0031236,0,0,0,0,0,1
2025,16,2025_16_BUF_CLE,BUF,00-0034857,5,0,0,0,0,0
2025,16,2025_16_BUF_CLE,BUF,00-0035537,0,1,2,0,0,0
2025,16,2025_16_BUF_CLE,BUF,00-0035689,0,0,0,1,0,1
2025,16,2025_16_BUF_CLE,BUF,00-0036988,0,0,0,0,0,1
2025,16,2025_16_BUF_CLE,BUF,00-0037248,0,1,15,0,0,2
2025,16,2025_16_BUF_CLE,BUF,00-0037261,0,0,0,0,1,4
2025,16,2025_16_BUF_CLE,BUF,00-0038679,0,0,0,0,0,2
2025,16,2025_16_BUF_CLE,BUF,00-0038933,0,0,0,0,0,1
2025,16,2025_16_BUF_CLE,BUF,00-0039875,0,0,3,0,0,2
2025,16,2025_16_BUF_CLE,BUF,00-0040194,0,0,0,0,0,2
2025,16,2025_16_BUF_CLE,CLE,00-0035291,0,0,3,0,1,3
2025,16,2025_16_BUF_CLE,CLE,00-0036407,0,0,0,0,0,4
2025,16,2025_16_BUF_CLE,CLE,00-0038979,0,0,0,0,0,1
2025,16,2025_16_BUF_CLE,CLE,00-0039458,0,0,0,0,1,0
2025,16,2025_16_BUF_CLE,CLE,00-0039920,0,0,3,0,0,4
2025,16,2025_16_BUF_CLE,CLE,00-0040466,0,2,9,0,0,1
2025,16,2025_16_BUF_CLE,CLE,00-0040663,0,1,0,0,1,5
2025,16,2025_16_BUF_CLE,CLE,00-0040668,4,0,0,0,0,0
2025,16,2025_16_BUF_CLE,CLE,00-0040782,0,0,1,0,0,0
2025,16,2025_16_BUF_CLE,CLE,00-0040784,0,1,7,0,1,5
2025,16,2025_16_CIN_MIA,CIN,00-0033526,0,1,6,0,0,3
2025,16,2025_16_CIN_MIA,CIN,00-0034613,0,0,0,0,0,1
2025,16,2025_16_CIN_MIA,CIN,00-0034829,0,0,0,1,0,3
2025,16,2025_16_CIN_MIA,CIN,00-0035631,0,0,0,0,0,2
2025,16,2025_16_CIN_MIA,CIN,00-0036410,0,0,0,1,0,2
2025,16,2025_16_CIN_MIA,CIN,00-0036442,2,0,0,0,0,0
2025,16,2025_16_CIN_MIA,CIN,00-0036900,0,0,0,0,0,11
2025,16,2025_16_CIN_MIA,CIN,00-0038597,0,0,12,1,1,2
2025,16,2025_16_CIN_MIA,CIN,00-0038619,0,0,0,0,0,1
2025,16,2025_16_CIN_MIA,CIN,00-0038839,0,0,0,0,0,1
2025,16,2025_16_CIN_MIA,CIN,00-0039631,0,0,0,0,0,1
2025,16,2025_16_CIN_MIA,CIN,00-0040208,0,0,4,0,0,0
2025,16,2025_16_CIN_MIA,CIN,00-0040534,0,0,1,0,0,0
2025,16,2025_16_CIN_MIA,MIA,00-0031610,0,0,0,0,0,5
2025,16,2025_16_CIN_MIA,MIA,00-0034418,0,0,0,0,0,1
2025,16,2025_16_CIN_MIA,MIA,00-0035125,0,0,0,0,0,1
2025,16,2025_16_CIN_MIA,MIA,00-0036613,0,0,0,0,0,9
2025,16,2025_16_CIN_MIA,MIA,00-0037252,0,0,0,0,0,3
2025,16,2025_16_CIN_MIA,MIA,00-0039040,0,0,15,0,0,3
2025,16,2025_16_CIN_MIA,MIA,00-0039874,0,1,8,0,0,2
2025,16,2025_16_CIN_MIA,MIA,00-0039880,0,0,1,0,0,1
2025,16,2025_16_CIN_MIA,MIA,00-0040198,0,0,1,0,0,0
2025,16,2025_16_CIN_MIA,MIA,00-0040234,2,0,0,0,0,0
2025,16,2025_16_CIN_MIA,MIA,00-0040311,0,0,0,0,0,4
2025,16,2025_16_GB_CHI,CHI,00-0034827,0,0,1,0,0,7
2025,16,2025_16_GB_CHI,CHI,00-0035208,0,0,0,1,0,4
2025,16,2025_16_GB_CHI,CHI,00-0036275,0,0,13,0,0,2
2025,16,2025_16_GB_CHI,CHI,00-0036290,0,0,0,0,0,3
2025,16,2025_16_GB_CHI,CHI,00-0039918,3,0,0,0,0,0
2025,16,2025_16_GB_CHI,CHI,00-0040126,0,0,0,1,1,3
2025,16,2025_16_GB_CHI,CHI,00-0040236,0,1,8,0,0,4
2025,16,2025_16_GB_CHI,CHI,00-0040277,0,0,0,1,0,2
2025,16,2025_16_GB_CHI,GB,00-0035700,0,2,10,0,1,1
2025,16,2025_16_GB_CHI,GB,00-0036264,2,0,0,0,0,0
2025,16,2025_16_GB_CHI,GB,00-0037306,0,0,0,0,0,1
2025,16,2025_16_GB_CHI,GB,00-0037816,0,0,0,1,1,4
2025,16,2025_16_GB_CHI,GB,00-0038124,0,0,0,3,0,3
2025,16,2025_16_GB_CHI,GB,00-0038128,8,0,0,0,0,0
2025,16,2025_16_GB_CHI,GB,00-0038393,0,0,0,0,0,2
2025,16,2025_16_GB_CHI,GB,00-0038685,0,0,1,0,0,0
2025,16,2025_16_GB_CHI,GB,00-0038797,0,0,14,0,0,0
2025,16,2025_16_GB_CHI,GB,00-0039144,0,0,0,0,0,3
2025,16,2025_16_GB_CHI,GB,00-0039146,0,0,1,0,2,1
2025,16,2025_16_GB_CHI,GB,00-0040009,0,0,2,0,0,0
2025,16,2025_16_GB_CHI,GB,00-0040667,0,0,2,0,0,1
2025,16,2025_16_JAX_DEN,DEN,00-0033881,0,0,0,0,0,4
2025,16,2025_16_JAX_DEN,DEN,00-0034348,0,0,0,2,1,9
2025,16,2025_16_JAX_DEN,DEN,00-0035406,0,0,0,0,0,2
2025,16,2025_16_JAX_DEN,DEN,00-0036422,0,0,0,0,0,3
2025,16,2025_16_JAX_DEN,DEN,00-0037085,0,0,0,0,0,3
2025,16,2025_16_JAX_DEN,DEN,00-0038783,0,0,0,0,0,1
2025,16,2025_16_JAX_DEN,DEN,00-0038794,0,0,5,0,0,0
2025,16,2025_16_JAX_DEN,DEN,00-0038976,0,0,1,0,0,3
2025,16,2025_16_JAX_DEN,DEN,00-0039732,4,0,0,0,0,0
2025,16,2025_16_JAX_DEN,DEN,00-0039868,0,0,0,0,0,5
2025,16,2025_16_JAX_DEN,DEN,00-0040134,0,0,0,0,1,7
2025,16,2025_16_JAX_DEN,DEN,00-0040730,0,0,7,0,0,5
2025,16,2025_16_JAX_DEN,JAX,00-0033375,0,0,0,0,0,1
2025,16,2025_16_JAX_DEN,JAX,00-0034960,0,0,1,1,1,6
2025,16,2025_16_JAX_DEN,JAX,00-0036590,0,0,0,0,0,1
2025,16,2025_16_JAX_DEN,JAX,00-0036971,6,0,0,0,0,0
2025,16,2025_16_JAX_DEN,JAX,00-0036973,0,0,16,0,1,4
2025,16,2025_16_JAX_DEN,JAX,00-0038606,0,0,0,2,0,8
2025,16,2025_16_JAX_DEN,JAX,00-0038935,0,0,0,1,2,4
2025,16,2025_16_JAX_DEN,JAX,00-0039893,0,0,0,0,0,3
2025,16,2025_16_JAX_DEN,JAX,00-0040238,0,1,3,0,0,0
2025,16,2025_16_KC_TEN,KC,00-0030506,0,0,0,0,0,4
2025,16,2025_16_KC_TEN,KC,00-0033857,0,0,0,0,0,4
2025,16,2025_16_KC_TEN,KC,00-0033923,0,0,3,0,0,0
2025,16,2025_16_KC_TEN,KC,00-0035289,1,0,0,0,0,0
2025,16,2025_16_KC_TEN,KC,00-0035662,0,0,0,0,0,3
2025,16,2025_16_KC_TEN,KC,00-0037197,0,0,8,0,1,6
2025,16,2025_16_KC_TEN,KC,00-0037324,2,0,0,0,0,0
2025,16,2025_16_KC_TEN,KC,00-0039894,0,0,1,0,0,3
2025,16,2025_16_KC_TEN,KC,00-0040078,0,0,0,0,0,1
2025,16,2025_16_KC_TEN,TEN,00-0035261,0,0,21,0,0,0
2025,16,2025_16_KC_TEN,TEN,00-0036415,0,0,0,0,0,2
2025,16,2025_16_KC_TEN,TEN,00-0037594,0,0,1,0,0,0
2025,16,2025_16_KC_TEN,TEN,00-0037809,0,0,0,0,3,5
2025,16,2025_16_KC_TEN,TEN,00-0039032,0,1,12,0,2,3
2025,16,2025_16_KC_TEN,TEN,00-0040170,0,0,0,0,0,4
2025,16,2025_16_KC_TEN,TEN,00-0040205,0,0,1,0,0,0
2025,16,2025_16_KC_TEN,TEN,00-0040584,0,0,0,0,0,3
2025,16,2025_16_KC_TEN,TEN,00-0040676,2,0,0,0,0,0
2025,16,2025_16_KC_TEN,TEN,00-0040705,0,0,0,1,0,4
2025,16,2025_16_LAC_DAL,DAL,00-0033077,2,0,0,0,0,0
2025,16,2025_16_LAC_DAL,DAL,00-0036358,0,0,0,0,2,5
2025,16,2025_16_LAC_DAL,DAL,00-0036997,0,0,9,0,0,3
2025,16,2025_16_LAC_DAL,DAL,00-0037247,0,0,0,0,2,7
2025,16,2025_16_LAC_DAL,DAL,00-0037563,0,0,8,0,0,0
2025,16,2025_16_LAC_DAL,DAL,00-0037801,0,0,2,1,0,3
2025,16,2025_16_LAC_DAL,DAL,00-0038041,0,0,0,0,0,4
2025,16,2025_16_LAC_DAL,DAL,00-0038738,0,0,1,0,0,2
2025,16,2025_16_LAC_DAL,DAL,00-0039062,0,0,0,0,0,1
2025,16,2025_16_LAC_DAL,DAL,00-0039398,1,0,0,0,0,0
2025,16,2025_16_LAC_DAL,DAL,00-0039410,0,0,0,0,1,1
2025,16,2025_16_LAC_DAL,LAC,00-0030279,0,0,0,0,1,4
2025,16,2025_16_LAC_DAL,LAC,00-0034159,0,0,0,0,0,3
2025,16,2025_16_LAC_DAL,LAC,00-0036355,7,0,0,0,0,0
2025,16,2025_16_LAC_DAL,LAC,00-0037617,0,0,4,0,0,0
2025,16,2025_16_LAC_DAL,LAC,00-0038544,0,0,0,0,1,4
2025,16,2025_16_LAC_DAL,LAC,00-0039391,0,0,5,0,0,0
2025,16,2025_16_LAC_DAL,LAC,00-0039915,0,0,0,1,0,5
2025,16,2025_16_LAC_DAL,LAC,00-0040184,0,0,0,0,0,1
2025,16,2025_16_LAC_DAL,LAC,00-0040189,0,0,0,0,0,1
2025,16,2025_16_LAC_DAL,LAC,00-0040666,0,1,15,0,0,2
2025,16,2025_16_LAC_DAL,LAC,00-0040727,0,0,0,0,0,5
2025,16,2025_16_LA_SEA,LA,00-0026498,2,0,0,0,0,0
2025,16,2025_16_LA_SEA,LA,00-0036244,0,0,0,0,0,4
2025,16,2025_16_LA_SEA,LA,00-0037840,0,2,21,0,0,6
2025,16,2025_16_LA_SEA,LA,00-0038359,0,0,0,0,0,2
2025,16,2025_16_LA_SEA,LA,00-0039074,0,0,0,0,1,4
2025,16,2025_16_LA_SEA,LA,00-0039075,0,0,0,1,1,14
2025,16,2025_16_LA_SEA,LA,00-0039738,0,3,11,0,0,2
2025,16,2025_16_LA_SEA,LA,00-0039751,0,0,0,0,0,1
2025,16,2025_16_LA_SEA,LA,00-0040590,0,0,0,0,1,7
2025,16,2025_16_LA_SEA,LA,00-0040737,0,0,0,0,1,3
2025,16,2025_16_LA_SEA,SEA,00-0033908,0,0,0,0,1,3
2025,16,2025_16_LA_SEA,SEA,00-0034869,3,0,0,0,0,0
2025,16,2025_16_LA_SEA,SEA,00-0037545,0,0,1,0,0,1
2025,16,2025_16_LA_SEA,SEA,00-0038134,0,0,11,0,0,3
2025,16,2025_16_LA_SEA,SEA,00-0038543,0,0,0,1,2,10
2025,16,2025_16_LA_SEA,SEA,00-0039165,0,1,8,0,1,3
2025,16,2025_16_LA_SEA,SEA,00-0039793,0,0,1,0,1,5
2025,16,2025_16_LV_HOU,HOU,00-0033854,0,0,1,0,0,1
2025,16,2025_16_LV_HOU,HOU,00-0034383,0,0,0,1,0,4
2025,16,2025_16_LV_HOU,HOU,00-0034775,0,0,0,0,0,5
2025,16,2025_16_LV_HOU,HOU,00-0034791,0,0,6,0,0,1
2025,16,2025_16_LV_HOU,HOU,00-0036554,0,0,0,0,0,9
2025,16,2025_16_LV_HOU,HOU,00-0038618,0,0,0,0,0,2
2025,16,2025_16_LV_HOU,HOU,00-0039163,2,0,0,0,0,0
2025,16,2025_16_LV_HOU,HOU,00-0039359,0,0,0,0,0,3
2025,16,2025_16_LV_HOU,HOU,00-0039405,0,0,15,0,0,5
2025,16,2025_16_LV_HOU,HOU,00-0040130,0,0,0,0,0,3
2025,16,2025_16_LV_HOU,LV,00-0031687,0,0,1,0,1,0
2025,16,2025_16_LV_HOU,LV,00-0032211,0,0,0,0,0,2
2025,16,2025_16_LV_HOU,LV,00-0035602,0,0,0,0,0,1
2025,16,2025_16_LV_HOU,LV,00-0038563,0,0,2,0,0,5
2025,16,2025_16_LV_HOU,LV,00-0039066,0,0,0,0,0,3
2025,16,2025_16_LV_HOU,LV,00-0039338,0,0,0,1,0,4
2025,16,2025_16_LV_HOU,LV,00-0040122,0,0,24,0,0,2
2025,16,2025_16_LV_HOU,LV,00-0040729,0,0,0,0,0,3
2025,16,2025_16_MIN_NYG,MIN,00-0032918,0,0,1,0,0,0
2025,16,2025_16_MIN_NYG,MIN,00-0033293,0,0,21,0,2,1
2025,16,2025_16_MIN_NYG,MIN,00-0035229,0,0,0,0,0,1
2025,16,2025_16_MIN_NYG,MIN,00-0035249,0,0,0,0,0,3
2025,16,2025_16_MIN_NYG,MIN,00-0036322,0,0,0,0,1,7
2025,16,2025_16_MIN_NYG,MIN,00-0037291,0,0,0,0,0,2
2025,16,2025_16_MIN_NYG,MIN,00-0037525,0,0,2,0,0,1
2025,16,2025_16_MIN_NYG,MIN,00-0038440,0,0,2,0,0,1
2025,16,2025_16_MIN_NYG,MIN,00-0038994,0,0,0,0,0,3
2025,16,2025_16_MIN_NYG,MIN,00-0039923,2,0,0,0,0,0
2025,16,2025_16_MIN_NYG,MIN,00-0040154,0,0,0,0,0,1
2025,16,2025_16_MIN_NYG,NYG,00-0035250,0,0,11,0,0,1
2025,16,2025_16_MIN_NYG,NYG,00-0035535,0,0,0,0,0,2
2025,16,2025_16_MIN_NYG,NYG,00-0038117,0,0,1,0,0,6
2025,16,2025_16_MIN_NYG,NYG,00-0039384,0,0,16,0,0,2
2025,16,2025_16_MIN_NYG,NYG,00-0039847,0,0,0,0,1,1
2025,16,2025_16_MIN_NYG,NYG,00-0040691,2,0,0,0,0,0
2025,16,2025_16_NE_BAL,BAL,00-0030564,0,0,0,0,0,5
2025,16,2025_16_NE_BAL,BAL,00-0032764,0,1,17,0,0,0
2025,16,2025_16_NE_BAL,BAL,00-0034753,0,0,1,0,0,3
2025,16,2025_16_NE_BAL,BAL,00-0034796,2,0,0,0,0,0
2025,16,2025_16_NE_BAL,BAL,00-0035993,1,0,0,0,0,0
2025,16,2025_16_NE_BAL,BAL,00-0036550,0,0,0,0,0,2
2025,16,2025_16_NE_BAL,BAL,00-0038046,0,0,0,0,0,1
2025,16,2025_16_NE_BAL,BAL,00-0038454,0,0,9,0,0,0
2025,16,2025_16_NE_BAL,BAL,00-0039064,0,0,1,0,0,7
2025,16,2025_16_NE_BAL,BAL,00-0039796,0,0,0,0,0,2
2025,16,2025_16_NE_BAL,NE,00-0031588,0,0,0,0,0,10
2025,16,2025_16_NE_BAL,NE,00-0032392,0,0,0,0,0,4
2025,16,2025_16_NE_BAL,NE,00-0033090,0,0,0,2,0,5
2025,16,2025_16_NE_BAL,NE,00-0033555,0,0,0,0,0,9
2025,16,2025_16_NE_BAL,NE,00-0036875,0,0,8,0,0,3
2025,16,2025_16_NE_BAL,NE,00-0038608,0,0,0,0,1,2
2025,16,2025_16_NE_BAL,NE,00-0038621,0,0,0,0,0,2
2025,16,2025_16_NE_BAL,NE,00-0039851,7,0,0,0,0,0
2025,16,2025_16_NE_BAL,NE,00-0040131,0,0,0,0,0,3
2025,16,2025_16_NE_BAL,NE,00-0040734,0,0,5,0,0,1
2025,16,2025_16_NYJ_NO,NO,00-0033357,0,0,12,0,0,6
2025,16,2025_16_NYJ_NO,NO,00-0034860,0,0,0,0,0,1
2025,16,2025_16_NYJ_NO,NO,00-0034981,0,0,0,0,0,1
2025,16,2025_16_NYJ_NO,NO,00-0036040,0,0,0,0,0,9
2025,16,2025_16_NYJ_NO,NO,00-0036741,0,0,0,0,0,2
2025,16,2025_16_NYJ_NO,NO,00-0037231,0,0,0,0,1,2
2025,16,2025_16_NYJ_NO,NO,00-0037239,0,0,0,1,0,15
2025,16,2025_16_NYJ_NO,NO,00-0038397,0,0,5,0,0,0
2025,16,2025_16_NYJ_NO,NO,00-0039373,0,0,5,0,0,4
2025,16,2025_16_NYJ_NO,NO,00-0039623,0,0,1,0,1,4
2025,16,2025_16_NYJ_NO,NO,00-0040743,2,0,0,0,0,0
2025,16,2025_16_NYJ_NO,NYJ,00-0036427,0,0,0,0,0,1
2025,16,2025_16_NYJ_NO,NYJ,00-0037475,0,0,0,0,0,5
2025,16,2025_16_NYJ_NO,NYJ,00-0037614,0,0,0,0,1,4
2025,16,2025_16_NYJ_NO,NYJ,00-0037755,0,0,0,0,1,1
2025,16,2025_16_NYJ_NO,NYJ,00-0037805,0,0,0,0,0,3
2025,16,2025_16_NYJ_NO,NYJ,00-0038120,0,0,16,0,1,2
2025,16,2025_16_NYJ_NO,NYJ,00-0039451,0,0,0,0,1,3
2025,16,2025_16_NYJ_NO,NYJ,00-0039798,0,0,3,0,0,4
2025,16,2025_16_NYJ_NO,NYJ,00-0039890,0,0,0,0,0,6
2025,16,2025_16_NYJ_NO,NYJ,00-0040398,1,0,0,0,0,0
2025,16,2025_16_NYJ_NO,NYJ,00-0040582,0,0,0,0,0,1
2025,16,2025_16_PHI_WAS,PHI,00-0034351,0,0,0,1,0,2
2025,16,2025_16_PHI_WAS,PHI,00-0034844,0,1,20,0,0,2
2025,16,2025_16_PHI_WAS,PHI,00-0035676,0,0,0,0,1,11
2025,16,2025_16_PHI_WAS,PHI,00-0036389,7,0,0,0,0,0
2025,16,2025_16_PHI_WAS,PHI,00-0036912,0,0,0,2,0,6
2025,16,2025_16_PHI_WAS,PHI,00-0037741,0,0,0,0,0,3
2025,16,2025_16_PHI_WAS,PHI,00-0038555,0,0,4,0,0,0
2025,16,2025_16_PHI_WAS,PHI,00-0039746,0,0,0,0,0,1
2025,16,2025_16_PHI_WAS,WAS,00-0026300,1,0,0,0,0,0
2025,16,2025_16_PHI_WAS,WAS,00-0033955,0,0,1,0,0,3
2025,16,2025_16_PHI_WAS,WAS,00-0035659,0,0,0,0,0,4
2025,16,2025_16_PHI_WAS,WAS,00-0035719,0,0,0,0,0,4
2025,16,2025_16_PHI_WAS,WAS,00-0036628,0,0,0,0,0,1
2025,16,2025_16_PHI_WAS,WAS,00-0037742,0,0,0,1,0,4
2025,16,2025_16_PHI_WAS,WAS,00-0038611,0,3,12,0,0,1
2025,16,2025_16_PHI_WAS,WAS,00-0039912,0,0,0,0,0,2
2025,16,2025_16_PHI_WAS,WAS,00-0040242,0,4,4,0,0,0
2025,16,2025_16_PIT_DET,DET,00-0032464,0,0,0,0,0,5
2025,16,2025_16_PIT_DET,DET,00-0033455,0,0,0,0,1,3
2025,16,2025_16_PIT_DET,DET,00-0035685,0,0,4,0,0,0
2025,16,2025_16_PIT_DET,DET,00-0036534,0,0,0,0,1,4
2025,16,2025_16_PIT_DET,DET,00-0036963,0,0,0,1,3,5
2025,16,2025_16_PIT_DET,DET,00-0037240,0,0,0,1,1,7
2025,16,2025_16_PIT_DET,DET,00-0039139,0,2,5,0,4,9
2025,16,2025_16_PIT_DET,DET,00-0040669,0,0,0,3,1,3
2025,16,2025_16_PIT_DET,PIT,00-0023459,2,0,0,0,0,0
2025,16,2025_16_PIT_DET,PIT,00-0030035,0,0,0,0,0,4
2025,16,2025_16_PIT_DET,PIT,00-0033858,0,0,2,0,0,1
2025,16,2025_16_PIT_DET,PIT,00-0034272,0,0,0,0,0,3
2025,16,2025_16_PIT_DET,PIT,00-0035298,0,0,0,0,1,2
2025,16,2025_16_PIT_DET,PIT,00-0035640,0,0,0,0,0,9
2025,16,2025_16_PIT_DET,PIT,00-0036894,0,0,0,0,0,4
2025,16,2025_16_PIT_DET,PIT,00-0036919,0,0,9,0,1,6
2025,16,2025_16_PIT_DET,PIT,00-0037228,0,0,14,0,1,1
2025,16,2025_16_PIT_DET,PIT,00-0037837,0,0,0,0,0,1
2025,16,2025_16_PIT_DET,PIT,00-0038558,0,0,0,0,1,3
2025,16,2025_16_SF_IND,IND,00-0032104,0,0,0,0,0,1
2025,16,2025_16_SF_IND,IND,00-0033217,0,0,0,0,1,1
2025,16,2025_16_SF_IND,IND,00-0036223,0,1,15,0,0,3
2025,16,2025_16_SF_IND,IND,00-0036252,0,0,0,0,0,5
2025,16,2025_16_SF_IND,IND,00-0037120,0,0,3,0,0,0
2025,16,2025_16_SF_IND,IND,00-0037292,0,0,0,0,0,2
2025,16,2025_16_SF_IND,IND,00-0037664,0,0,0,2,0,2
2025,16,2025_16_SF_IND,IND,00-0038997,0,0,1,0,0,9
2025,16,2025_16_SF_IND,IND,00-0040128,0,0,0,0,1,8
2025,16,2025_16_SF_IND,IND,00-0040352,0,0,0,0,0,1
2025,16,2025_16_SF_IND,SF,00-0032775,0,0,0,0,0,2
2025,16,2025_16_SF_IND,SF,00-0033280,0,1,20,2,1,5
2025,16,2025_16_SF_IND,SF,00-0033288,0,0,0,2,0,6
2025,16,2025_16_SF_IND,SF,00-0033307,0,0,0,0,0,5
2025,16,2025_16_SF_IND,SF,00-0036259,0,0,0,1,1,4
2025,16,2025_16_SF_IND,SF,00-0037112,0,0,0,1,0,1
2025,16,2025_16_SF_IND,SF,00-0037746,0,1,4,0,1,0
2025,16,2025_16_SF_IND,SF,00-0037834,2,0,0,0,0,0
2025,16,2025_16_SF_IND,SF,00-0038090,0,0,0,0,0,1
2025,16,2025_16_TB_CAR,CAR,00-0036139,0,0,9,0,1,5
2025,16,2025_16_TB_CAR,CAR,00-0036555,0,0,6,0,0,1
2025,16,2025_16_TB_CAR,CAR,00-0037005,0,0,0,0,0,1
2025,16,2025_16_TB_CAR,CAR,00-0039150,3,0,0,0,0,0
2025,16,2025_16_TB_CAR,CAR,00-0039342,0,0,0,0,0,3
2025,16,2025_16_TB_CAR,CAR,00-0039356,0,0,0,1,0,1
2025,16,2025_16_TB_CAR,CAR,00-0039491,0,0,0,1,0,4
2025,16,2025_16_TB_CAR,CAR,00-0040124,0,0,0,0,0,10
2025,16,2025_16_TB_CAR,CAR,00-0040187,0,0,0,0,0,3
2025,16,2025_16_TB_CAR,CAR,00-0040218,0,0,1,0,0,0
2025,16,2025_16_TB_CAR,TB,00-0031408,0,0,0,2,0,7
2025,16,2025_16_TB_CAR,TB,00-0033921,0,0,0,0,1,5
2025,16,2025_16_TB_CAR,TB,00-0034855,3,0,0,0,0,0
2025,16,2025_16_TB_CAR,TB,00-0037256,0,1,4,0,1,1
2025,16,2025_16_TB_CAR,TB,00-0038129,0,0,0,0,0,2
2025,16,2025_16_TB_CAR,TB,00-0038951,0,3,1,0,0,0
2025,16,2025_16_TB_CAR,TB,00-0039361,0,0,19,0,0,0
2025,16,2025_16_TB_CAR,TB,00-0039855,0,0,1,0,0,3
2025,16,2025_16_TB_CAR,TB,00-0040129,0,0,0,0,0,2
2025,16,2025_16_TB_CAR,TB,00-0040237,0,0,0,0,0,1
2025,17,2025_17_ARI_CIN,ARI,00-0036924,0,0,7,0,0,4
2025,17,2025_17_ARI_CIN,ARI,00-0037744,0,0,0,1,1,11
2025,17,2025_17_ARI_CIN,ARI,00-0038559,0,0,0,0,0,10
2025,17,2025_17_ARI_CIN,ARI,00-0038705,0,0,5,0,0,3
2025,17,2025_17_ARI_CIN,ARI,00-0039041,0,0,0,0,0,1
2025,17,2025_17_ARI_CIN,ARI,00-0039521,0,0,0,0,1,2
2025,17,2025_17_ARI_CIN,ARI,00-0039849,0,0,0,0,0,1
2025,17,2025_17_ARI_CIN,ARI,00-0040556,0,0,1,0,0,0
2025,17,2025_17_ARI_CIN,CIN,00-0026158,1,0,0,0,0,0
2025,17,2025_17_ARI_CIN,CIN,00-0033526,0,2,1,0,0,1
2025,17,2025_17_ARI_CIN,CIN,00-0034613,0,0,0,0,0,2
2025,17,2025_17_ARI_CIN,CIN,00-0034829,0,0,0,0,0,2
2025,17,2025_17_ARI_CIN,CIN,00-0035238,0,0,0,0,0,1
2025,17,2025_17_ARI_CIN,CIN,00-0035631,0,0,0,0,0,1
2025,17,2025_17_ARI_CIN,CIN,00-0035644,0,0,0,0,1,0
2025,17,2025_17_ARI_CIN,CIN,00-0036410,0,0,0,0,1,4
2025,17,2025_17_ARI_CIN,CIN,00-0036442,2,0,0,0,0,0
2025,17,2025_17_ARI_CIN,CIN,00-0036900,0,0,0,1,1,7
2025,17,2025_17_ARI_CIN,CIN,00-0038597,0,2,20,0,0,3
2025,17,2025_17_ARI_CIN,CIN,00-0038619,0,0,0,0,0,6
2025,17,2025_17_ARI_CIN,CIN,00-0040208,0,0,3,0,0,1
2025,17,2025_17_ARI_CIN,CIN,00-0040534,0,0,0,0,0,1
2025,17,2025_17_BAL_GB,BAL,00-0030564,0,0,0,1,0,0
2025,17,2025_17_BAL_GB,BAL,00-0032764,0,4,32,0,0,0
2025,17,2025_17_BAL_GB,BAL,00-0034753,0,0,0,0,1,3
2025,17,2025_17_BAL_GB,BAL,00-0035993,7,0,0,0,0,0
2025,17,2025_17_BAL_GB,BAL,00-0036550,0,0,0,0,1,0
2025,17,2025_17_BAL_GB,BAL,00-0037838,0,0,0,0,0,3
2025,17,2025_17_BAL_GB,BAL,00-0038046,0,0,0,0,0,1
2025,17,2025_17_BAL_GB,BAL,00-0038454,0,0,9,0,0,2
2025,17,2025_17_BAL_GB,BAL,00-0039064,0,0,0,1,2,2
2025,17,2025_17_BAL_GB,BAL,00-0039796,0,0,0,0,0,3
2025,17,2025_17_BAL_GB,GB,00-0035700,0,0,4,0,1,0
2025,17,2025_17_BAL_GB,GB,00-0037091,0,0,0,0,0,3
2025,17,2025_17_BAL_GB,GB,00-0037816,0,0,0,0,0,3
2025,17,2025_17_BAL_GB,GB,00-0038124,0,0,0,0,0,6
2025,17,2025_17_BAL_GB,GB,00-0038128,8,0,0,0,0,0
2025,17,2025_17_BAL_GB,GB,00-0038393,0,0,0,0,0,1
2025,17,2025_17_BAL_GB,GB,00-0038582,1,0,0,0,0,0
2025,17,2025_17_BAL_GB,GB,00-0038589,0,0,0,0,0,1
2025,17,2025_17_BAL_GB,GB,00-0038685,0,0,0,0,1,1
2025,17,2025_17_BAL_GB,GB,00-0038797,0,0,3,0,0,1
2025,17,2025_17_BAL_GB,GB,00-0039146,0,0,0,0,0,4
2025,17,2025_17_BAL_GB,GB,00-0040667,0,0,0,0,0,3
2025,17,2025_17_CHI_SF,CHI,00-0034798,0,0,0,0,0,1
2025,17,2025_17_CHI_SF,CHI,00-0034827,0,0,0,1,0,3
2025,17,2025_17_CHI_SF,CHI,00-0036275,0,1,8,0,0,3
2025,17,2025_17_CHI_SF,CHI,00-0036290,0,0,0,0,0,3
2025,17,2025_17_CHI_SF,CHI,00-0036331,0,0,0,0,0,1
2025,17,2025_17_CHI_SF,CHI,00-0039918,5,0,0,0,0,0
2025,17,2025_17_CHI_SF,CHI,00-0040126,0,0,0,0,2,8
2025,17,2025_17_CHI_SF,CHI,00-0040236,0,1,7,0,2,2
2025,17,2025_17_CHI_SF,CHI,00-0040277,0,0,0,1,0,3
2025,17,2025_17_CHI_SF,CHI,00-0040735,0,0,0,0,0,9
2025,17,2025_17_CHI_SF,SF,00-0029892,0,0,0,1,0,1
2025,17,2025_17_CHI_SF,SF,00-0032775,0,0,0,0,0,2
2025,17,2025_17_CHI_SF,SF,00-0033280,0,2,21,0,0,6
2025,17,2025_17_CHI_SF,SF,00-0033307,0,0,0,0,0,1
2025,17,2025_17_CHI_SF,SF,00-0036259,0,0,0,0,1,3
2025,17,2025_17_CHI_SF,SF,00-0037112,0,0,0,1,0,8
2025,17,2025_17_CHI_SF,SF,00-0037746,0,0,4,0,1,0
2025,17,2025_17_CHI_SF,SF,00-0037834,6,0,0,0,0,0
2025,17,2025_17_CHI_SF,SF,00-0038090,0,0,1,0,0,0
2025,17,2025_17_CHI_SF,SF,00-0039916,0,0,0,0,0,8
2025,17,2025_17_DAL_WAS,DAL,00-0033077,4,0,0,0,0,0
2025,17,2025_17_DAL_WAS,DAL,00-0036358,0,0,0,0,0,10
2025,17,2025_17_DAL_WAS,DAL,00-0036997,0,1,12,0,0,2
2025,17,2025_17_DAL_WAS,DAL,00-0037247,0,0,0,0,0,5
2025,17,2025_17_DAL_WAS,DAL,00-0037563,0,0,20,0,0,2
2025,17,2025_17_DAL_WAS,DAL,00-0037666,0,0,0,0,1,7
2025,17,2025_17_DAL_WAS,DAL,00-0037801,0,0,0,0,0,1
2025,17,2025_17_DAL_WAS,DAL,00-0038041,0,0,0,1,1,0
2025,17,2025_17_DAL_WAS,DAL,00-0038547,0,0,0,0,0,2
2025,17,2025_17_DAL_WAS,DAL,00-0038738,0,0,7,0,0,1
2025,17,2025_17_DAL_WAS,DAL,00-0039062,0,0,0,0,0,1
2025,17,2025_17_DAL_WAS,DAL,00-0039530,0,0,0,0,0,2
2025,17,2025_17_DAL_WAS,WAS,00-0026300,2,0,0,0,0,0
2025,17,2025_17_DAL_WAS,WAS,00-0032398,0,0,0,0,0,1
2025,17,2025_17_DAL_WAS,WAS,00-0033955,0,0,1,0,1,2
2025,17,2025_17_DAL_WAS,WAS,00-0035659,0,0,0,0,0,7
2025,17,2025_17_DAL_WAS,WAS,00-0035719,0,0,2,0,0,4
2025,17,2025_17_DAL_WAS,WAS,00-0037742,0,0,0,1,0,1
2025,17,2025_17_DAL_WAS,WAS,00-0039912,0,0,0,0,0,4
2025,17,2025_17_DAL_WAS,WAS,00-0040242,0,1,10,0,0,0
2025,17,2025_17_DEN_KC,DEN,00-0033881,0,0,0,0,2,2
2025,17,2025_17_DEN_KC,DEN,00-0034348,0,0,0,2,1,7
2025,17,2025_17_DEN_KC,DEN,00-0035406,0,0,0,0,1,4
2025,17,2025_17_DEN_KC,DEN,00-0036422,0,0,0,0,0,2
2025,17,2025_17_DEN_KC,DEN,00-0036727,0,1,1,0,0,0
2025,17,2025_17_DEN_KC,DEN,00-0036959,0,0,0,0,0,2
2025,17,2025_17_DEN_KC,DEN,00-0038794,0,0,7,0,0,0
2025,17,2025_17_DEN_KC,DEN,00-0038976,0,0,0,0,1,3
2025,17,2025_17_DEN_KC,DEN,00-0039732,8,0,0,0,0,0
2025,17,2025_17_DEN_KC,DEN,00-0039868,0,0,0,0,1,3
2025,17,2025_17_DEN_KC,DEN,00-0040730,0,1,13,1,0,5
2025,17,2025_17_DEN_KC,KC,00-0030506,0,0,0,0,1,5
2025,17,2025_17_DEN_KC,KC,00-0033857,0,0,0,0,0,3
2025,17,2025_17_DEN_KC,KC,00-0033923,0,0,7,0,0,0
2025,17,2025_17_DEN_KC,KC,00-0035662,0,0,0,0,0,3
2025,17,2025_17_DEN_KC,KC,00-0036637,0,0,0,0,0,1
2025,17,2025_17_DEN_KC,KC,00-0037197,0,0,9,0,0,0
2025,17,2025_17_DEN_KC,KC,00-0037324,2,0,0,0,0,0
2025,17,2025_17_DEN_KC,KC,00-0039894,0,0,1,0,0,3
2025,17,2025_17_DEN_KC,KC,00-0040078,0,0,0,0,1,3
2025,17,2025_17_DET_MIN,DET,00-0032464,0,0,0,0,0,2
2025,17,2025_17_DET_MIN,DET,00-0033106,3,0,0,0,0,0
2025,17,2025_17_DET_MIN,DET,00-0033455,0,0,0,0,0,1
2025,17,2025_17_DET_MIN,DET,00-0035685,0,3,7,0,0,2
2025,17,2025_17_DET_MIN,DET,00-0035956,0,0,0,1,0,0
2025,17,2025_17_DET_MIN,DET,00-0036963,0,0,0,0,1,12
2025,17,2025_17_DET_MIN,DET,00-0037240,0,0,0,0,0,3
2025,17,2025_17_DET_MIN,DET,00-0039139,0,0,17,0,0,3
2025,17,2025_17_DET_MIN,DET,00-0040669,0,0,0,1,0,3
2025,17,2025_17_DET_MIN,MIN,00-0033293,0,2,16,0,0,4
2025,17,2025_17_DET_MIN,MIN,00-0035249,0,0,0,0,0,2
2025,17,2025_17_DET_MIN,MIN,00-0036322,0,0,0,1,0,4
2025,17,2025_17_DET_MIN,MIN,00-0037276,0,0,7,0,0,0
2025,17,2025_17_DET_MIN,MIN,00-0037291,0,0,0,0,0,1
2025,17,2025_17_DET_MIN,MIN,00-0038809,0,0,0,0,0,1
2025,17,2025_17_DET_MIN,MIN,00-0038994,0,0,1,0,0,1
2025,17,2025_17_DET_MIN,MIN,00-0040494,2,0,0,0,0,0
2025,17,2025_17_HOU_LAC,HOU,00-0034383,0,0,0,0,0,4
2025,17,2025_17_HOU_LAC,HOU,00-0034775,0,0,0,0,0,5
2025,17,2025_17_HOU_LAC,HOU,00-0034791,0,0,1,0,0,0
2025,17,2025_17_HOU_LAC,HOU,00-0036554,0,0,0,0,0,4
2025,17,2025_17_HOU_LAC,HOU,00-0038618,0,0,1,0,0,3
2025,17,2025_17_HOU_LAC,HOU,00-0039163,1,0,0,0,0,0
2025,17,2025_17_HOU_LAC,HOU,00-0039405,0,0,8,0,0,0
2025,17,2025_17_HOU_LAC,HOU,00-0040130,0,0,0,0,0,4
2025,17,2025_17_HOU_LAC,HOU,00-0040138,0,0,1,0,0,4
2025,17,2025_17_HOU_LAC,HOU,00-0040583,0,0,19,0,0,2
2025,17,2025_17_HOU_LAC,LAC,00-0030279,0,0,0,1,0,2
2025,17,2025_17_HOU_LAC,LAC,00-0034159,0,0,0,0,1,1
2025,17,2025_17_HOU_LAC,LAC,00-0036355,6,0,0,0,0,0
2025,17,2025_17_HOU_LAC,LAC,00-0036755,0,0,1,0,0,0
2025,17,2025_17_HOU_LAC,LAC,00-0038544,0,0,0,0,2,6
2025,17,2025_17_HOU_LAC,LAC,00-0039915,0,0,0,1,0,1
2025,17,2025_17_HOU_LAC,LAC,00-0040184,0,0,0,0,0,1
2025,17,2025_17_HOU_LAC,LAC,00-0040189,0,0,0,2,1,3
2025,17,2025_17_HOU_LAC,LAC,00-0040666,0,2,12,0,1,7
2025,17,2025_17_HOU_LAC,LAC,00-0040727,0,0,1,0,0,1
2025,17,2025_17_JAX_IND,IND,00-0032104,0,0,0,0,0,1
2025,17,2025_17_JAX_IND,IND,00-0033217,0,0,0,1,0,2
2025,17,2025_17_JAX_IND,IND,00-0036223,0,3,18,0,0,6
2025,17,2025_17_JAX_IND,IND,00-0036252,0,0,0,1,0,2
2025,17,2025_17_JAX_IND,IND,00-0037664,0,0,0,0,0,5
2025,17,2025_17_JAX_IND,IND,00-0038394,0,0,0,0,0,1
2025,17,2025_17_JAX_IND,IND,00-0038997,0,0,0,0,1,4
2025,17,2025_17_JAX_IND,IND,00-0040128,0,0,0,0,0,5
2025,17,2025_17_JAX_IND,JAX,00-0033246,0,0,0,0,0,1
2025,17,2025_17_JAX_IND,JAX,00-0033375,0,0,0,0,0,1
2025,17,2025_17_JAX_IND,JAX,00-0034960,0,0,0,0,1,8
2025,17,2025_17_JAX_IND,JAX,00-0036425,0,0,2,0,0,1
2025,17,2025_17_JAX_IND,JAX,00-0036971,8,0,0,0,0,0
2025,17,2025_17_JAX_IND,JAX,00-0036973,0,0,17,0,0,3
2025,17,2025_17_JAX_IND,JAX,00-0038606,0,0,1,1,1,8
2025,17,2025_17_JAX_IND,JAX,00-0038935,0,0,0,0,1,4
2025,17,2025_17_JAX_IND,JAX,00-0039893,0,0,0,0,0,7
2025,17,2025_17_JAX_IND,JAX,00-0040238,0,0,1,0,0,0
2025,17,2025_17_LA_ATL,ATL,00-0029604,1,0,0,0,0,0
2025,17,2025_17_LA_ATL,ATL,00-0035359,0,0,0,0,0,4
2025,17,2025_17_LA_ATL,ATL,00-0036309,0,0,0,0,0,3
2025,17,2025_17_LA_ATL,ATL,00-0036970,0,0,0,0,0,3
2025,17,2025_17_LA_ATL,ATL,00-0037238,0,0,0,0,0,2
2025,17,2025_17_LA_ATL,ATL,00-0037263,0,0,10,0,0,0
2025,17,2025_17_LA_ATL,ATL,00-0038542,0,1,21,1,0,7
2025,17,2025_17_LA_ATL,LA,00-0036244,0,0,0,0,1,6
2025,17,2025_17_LA_ATL,LA,00-0036849,0,0,0,0,0,1
2025,17,2025_17_LA_ATL,LA,00-0037557,0,0,1,0,0,0
2025,17,2025_17_LA_ATL,LA,00-0037840,0,0,13,0,0,3
2025,17,2025_17_LA_ATL,LA,00-0038359,0,0,0,0,1,5
2025,17,2025_17_LA_ATL,LA,00-0039075,0,0,0,0,1,9
2025,17,2025_17_LA_ATL,LA,00-0039738,0,0,6,0,0,0
2025,17,2025_17_LA_ATL,LA,00-0040590,0,0,0,0,2,3
2025,17,2025_17_LA_ATL,LA,00-0040737,0,0,0,0,0,4
2025,17,2025_17_NE_NYJ,NE,00-0031588,0,0,0,0,1,5
2025,17,2025_17_NE_NYJ,NE,00-0032392,0,0,0,1,0,1
2025,17,2025_17_NE_NYJ,NE,00-0033090,0,0,0,0,2,1
2025,17,2025_17_NE_NYJ,NE,00-0035628,0,0,4,0,0,0
2025,17,2025_17_NE_NYJ,NE,00-0036875,0,1,7,0,0,5
2025,17,2025_17_NE_NYJ,NE,00-0038621,0,0,0,0,0,2
2025,17,2025_17_NE_NYJ,NE,00-0039851,3,0,0,0,0,0
2025,17,2025_17_NE_NYJ,NE,00-0040131,0,0,0,0,0,5
2025,17,2025_17_NE_NYJ,NE,00-0040563,0,0,0,1,0,1
2025,17,2025_17_NE_NYJ,NE,00-0040734,0,2,17,0,0,0
2025,17,2025_17_NE_NYJ,NYJ,00-0036427,0,0,0,0,1,0
2025,17,2025_17_NE_NYJ,NYJ,00-0036842,0,2,4,0,0,0
2025,17,2025_17_NE_NYJ,NYJ,00-0036906,0,0,2,0,1,0
2025,17,2025_17_NE_NYJ,NYJ,00-0037475,0,0,0,0,0,3
2025,17,2025_17_NE_NYJ,NYJ,00-0037614,0,0,0,0,0,3
2025,17,2025_17_NE_NYJ,NYJ,00-0037755,0,0,0,0,0,1
2025,17,2025_17_NE_NYJ,NYJ,00-0037805,0,0,0,1,0,2
2025,17,2025_17_NE_NYJ,NYJ,00-0038120,0,0,14,0,2,1
2025,17,2025_17_NE_NYJ,NYJ,00-0039451,0,0,1,0,0,5
2025,17,2025_17_NE_NYJ,NYJ,00-0039798,0,0,3,0,0,1
2025,17,2025_17_NE_NYJ,NYJ,00-0039890,0,0,0,0,1,8
2025,17,2025_17_NE_NYJ,NYJ,00-0040165,0,0,0,0,0,1
2025,17,2025_17_NE_NYJ,NYJ,00-0040398,2,0,0,0,0,0
2025,17,2025_17_NE_NYJ,NYJ,00-0040582,0,0,0,0,0,1
2025,17,2025_17_NO_TEN,NO,00-0033357,0,0,3,0,0,0
2025,17,2025_17_NO_TEN,NO,00-0034860,0,0,0,0,0,4
2025,17,2025_17_NO_TEN,NO,00-0036040,0,0,0,0,0,4
2025,17,2025_17_NO_TEN,NO,00-0037231,0,0,0,1,0,4
2025,17,2025_17_NO_TEN,NO,00-0037239,0,0,0,1,1,9
2025,17,2025_17_NO_TEN,NO,00-0038397,0,0,2,0,0,0
2025,17,2025_17_NO_TEN,NO,00-0039373,0,0,14,0,0,1
2025,17,2025_17_NO_TEN,NO,00-0040244,0,0,0,0,0,2
2025,17,2025_17_NO_TEN,NO,00-0040743,3,0,0,0,0,0
2025,17,2025_17_NO_TEN,TEN,00-0035261,0,0,18,0,0,2
2025,17,2025_17_NO_TEN,TEN,00-0036133,0,0,0,0,0,5
2025,17,2025_17_NO_TEN,TEN,00-0036176,0,0,0,0,0,1
2025,17,2025_17_NO_TEN,TEN,00-0036415,0,0,0,0,0,3
2025,17,2025_17_NO_TEN,TEN,00-0037809,0,0,0,0,0,7
2025,17,2025_17_NO_TEN,TEN,00-0039032,0,0,6,0,0,2
2025,17,2025_17_NO_TEN,TEN,00-0039648,0,0,0,0,0,1
2025,17,2025_17_NO_TEN,TEN,00-0040170,0,0,0,2,0,5
2025,17,2025_17_NO_TEN,TEN,00-0040205,0,0,1,0,0,0
2025,17,2025_17_NO_TEN,TEN,00-0040584,0,0,0,0,0,2
2025,17,2025_17_NO_TEN,TEN,00-0040676,2,0,0,0,0,0
2025,17,2025_17_NO_TEN,TEN,00-0040705,0,0,1,0,0,5
2025,17,2025_17_NYG_LV,LV,00-0030565,1,0,0,0,0,0
2025,17,2025_17_NYG_LV,LV,00-0032211,0,0,0,1,0,2
2025,17,2025_17_NYG_LV,LV,00-0038040,0,0,1,0,0,0
2025,17,2025_17_NYG_LV,LV,00-0038563,0,0,2,0,1,5
2025,17,2025_17_NYG_LV,LV,00-0038891,0,0,0,0,0,3
2025,17,2025_17_NYG_LV,LV,00-0039066,0,0,0,0,1,9
2025,17,2025_17_NYG_LV,LV,00-0040122,0,1,15,0,0,2
2025,17,2025_17_NYG_LV,LV,00-0040581,0,0,0,0,1,3
2025,17,2025_17_NYG_LV,NYG,00-0035250,0,1,7,0,0,4
2025,17,2025_17_NYG_LV,NYG,00-0035535,0,0,0,1,0,2
2025,17,2025_17_NYG_LV,NYG,00-0035645,0,0,0,0,0,1
2025,17,2025_17_NYG_LV,NYG,00-0036165,0,0,0,0,1,1
2025,17,2025_17_NYG_LV,NYG,00-0038115,0,0,0,0,1,2
2025,17,2025_17_NYG_LV,NYG,00-0038117,0,0,0,1,2,11
2025,17,2025_17_NYG_LV,NYG,00-0039384,0,0,14,1,1,0
2025,17,2025_17_NYG_LV,NYG,00-0040691,6,0,0,0,0,0
2025,17,2025_17_PHI_BUF,BUF,00-0031236,0,0,0,0,0,6
2025,17,2025_17_PHI_BUF,BUF,00-0034857,6,0,0,0,0,0
2025,17,2025_17_PHI_BUF,BUF,00-0035537,0,1,4,0,0,4
2025,17,2025_17_PHI_BUF,BUF,00-0035689,0,0,0,0,1,4
2025,17,2025_17_PHI_BUF,BUF,00-0036196,0,0,0,0,1,0
2025,17,2025_17_PHI_BUF,BUF,00-0036988,0,0,0,0,0,2
2025,17,2025_17_PHI_BUF,BUF,00-0037248,0,1,19,0,0,4
2025,17,2025_17_PHI_BUF,BUF,00-0037261,0,0,0,0,1,6
2025,17,2025_17_PHI_BUF,BUF,00-0038679,0,0,0,0,0,3
2025,17,2025_17_PHI_BUF,BUF,00-0039875,0,0,1,0,0,1
2025,17,2025_17_PHI_BUF,PHI,00-0034351,0,0,0,2,1,3
2025,17,2025_17_PHI_BUF,PHI,00-0034844,0,2,17,0,0,0
2025,17,2025_17_PHI_BUF,PHI,00-0035676,0,0,0,0,1,6
2025,17,2025_17_PHI_BUF,PHI,00-0036389,2,0,0,0,0,0
2025,17,2025_17_PHI_BUF,PHI,00-0036912,0,0,0,0,0,5
2025,17,2025_17_PHI_BUF,PHI,00-0037086,0,0,0,0,1,0
2025,17,2025_17_PHI_BUF,PHI,00-0037741,0,0,0,0,0,1
2025,17,2025_17_PHI_BUF,PHI,00-0038555,0,0,2,0,1,0
2025,17,2025_17_PHI_BUF,PHI,00-0039746,0,0,2,0,0,0
2025,17,2025_17_PHI_BUF,PHI,00-0040024,0,0,0,0,0,1
2025,17,2025_17_PIT_CLE,CLE,00-0035291,0,0,2,0,0,0
2025,17,2025_17_PIT_CLE,CLE,00-0036407,0,0,0,0,0,7
2025,17,2025_17_PIT_CLE,CLE,00-0037015,0,0,0,0,0,4
2025,17,2025_17_PIT_CLE,CLE,00-0038710,0,0,0,0,0,1
2025,17,2025_17_PIT_CLE,CLE,00-0038979,0,0,0,0,0,1
2025,17,2025_17_PIT_CLE,CLE,00-0039458,0,0,0,0,0,1
2025,17,2025_17_PIT_CLE,CLE,00-0039920,0,0,0,0,0,1
2025,17,2025_17_PIT_CLE,CLE,00-0040162,0,0,11,0,0,3
2025,17,2025_17_PIT_CLE,CLE,00-0040466,0,0,8,0,0,2
2025,17,2025_17_PIT_CLE,CLE,00-0040663,0,0,0,0,0,2
2025,17,2025_17_PIT_CLE,CLE,00-0040668,3,0,0,0,0,0
2025,17,2025_17_PIT_CLE,CLE,00-0040782,0,0,0,0,0,1
2025,17,2025_17_PIT_CLE,PIT,00-0023459,1,0,0,0,0,0
2025,17,2025_17_PIT_CLE,PIT,00-0030035,0,0,0,0,1,4
2025,17,2025_17_PIT_CLE,PIT,00-0033858,0,0,2,0,0,5
2025,17,2025_17_PIT_CLE,PIT,00-0034272,0,0,0,3,0,6
2025,17,2025_17_PIT_CLE,PIT,00-0035298,0,0,0,0,0,7
2025,17,2025_17_PIT_CLE,PIT,00-0036894,0,0,0,0,0,5
2025,17,2025_17_PIT_CLE,PIT,00-0036919,0,0,7,0,1,3
2025,17,2025_17_PIT_CLE,PIT,00-0037228,0,0,12,0,0,0
2025,17,2025_17_PIT_CLE,PIT,00-0037304,0,0,2,0,0,0
2025,17,2025_17_PIT_CLE,PIT,00-0038558,0,0,0,0,0,2
2025,17,2025_17_SEA_CAR,CAR,00-0036139,0,0,12,0,0,5
2025,17,2025_17_SEA_CAR,CAR,00-0036555,0,0,4,0,0,3
2025,17,2025_17_SEA_CAR,CAR,00-0037005,0,0,0,0,0,1
2025,17,2025_17_SEA_CAR,CAR,00-0038840,0,0,0,0,0,1
2025,17,2025_17_SEA_CAR,CAR,00-0039150,6,0,0,0,0,0
2025,17,2025_17_SEA_CAR,CAR,00-0039342,0,0,0,0,1,0
2025,17,2025_17_SEA_CAR,CAR,00-0039491,0,0,0,0,0,2
2025,17,2025_17_SEA_CAR,CAR,00-0040124,0,0,0,0,0,4
2025,17,2025_17_SEA_CAR,CAR,00-0040187,0,0,1,0,0,2
2025,17,2025_17_SEA_CAR,CAR,00-0040218,0,0,0,0,1,1
2025,17,2025_17_SEA_CAR,SEA,00-0033576,0,0,0,0,1,1
2025,17,2025_17_SEA_CAR,SEA,00-0033908,0,0,0,1,0,2
2025,17,2025_17_SEA_CAR,SEA,00-0034869,2,0,0,0,0,0
2025,17,2025_17_SEA_CAR,SEA,00-0037093,0,0,0,0,0,1
2025,17,2025_17_SEA_CAR,SEA,00-0037545,0,0,0,0,0,1
2025,17,2025_17_SEA_CAR,SEA,00-0038134,0,0,15,0,0,2
2025,17,2025_17_SEA_CAR,SEA,00-0038543,0,0,0,1,0,11
2025,17,2025_17_SEA_CAR,SEA,00-0039165,0,5,13,0,0,2
2025,17,2025_17_SEA_CAR,SEA,00-0039793,0,0,0,0,2,1
2025,17,2025_17_TB_MIA,MIA,00-0031610,0,0,0,0,0,3
2025,17,2025_17_TB_MIA,MIA,00-0034418,0,0,0,1,0,1
2025,17,2025_17_TB_MIA,MIA,00-0036613,0,0,1,0,0,1
2025,17,2025_17_TB_MIA,MIA,00-0037252,0,1,0,1,2,3
2025,17,2025_17_TB_MIA,MIA,00-0038720,0,0,0,0,0,2
2025,17,2025_17_TB_MIA,MIA,00-0039040,0,0,18,0,1,2
2025,17,2025_17_TB_MIA,MIA,00-0039874,0,0,5,0,0,0
2025,17,2025_17_TB_MIA,MIA,00-0039880,0,0,1,0,1,2
2025,17,2025_17_TB_MIA,MIA,00-0040234,2,0,0,0,1,0
2025,17,2025_17_TB_MIA,MIA,00-0040311,0,0,0,0,0,1
2025,17,2025_17_TB_MIA,TB,00-0031408,0,0,0,1,0,6
2025,17,2025_17_TB_MIA,TB,00-0033921,0,0,0,1,0,7
2025,17,2025_17_TB_MIA,TB,00-0034855,3,0,0,0,0,0
2025,17,2025_17_TB_MIA,TB,00-0037256,0,0,2,0,1,1
2025,17,2025_17_TB_MIA,TB,00-0038129,0,0,0,0,0,4
2025,17,2025_17_TB_MIA,TB,00-0038951,0,0,2,0,1,0
2025,17,2025_17_TB_MIA,TB,00-0039361,0,0,9,0,0,6
2025,17,2025_17_TB_MIA,TB,00-0039855,0,0,0,0,0,9
2025,17,2025_17_TB_MIA,TB,00-0040129,0,0,0,0,0,5
2025,17,2025_17_TB_MIA,TB,00-0040237,0,0,0,0,0,2
2025,18,2025_18_ARI_LA,ARI,00-0033119,3,0,0,0,0,0
2025,18,2025_18_ARI_LA,ARI,00-0036332,0,0,0,1,0,1
2025,18,2025_18_ARI_LA,ARI,00-0036924,0,0,7,0,0,3
2025,18,2025_18_ARI_LA,ARI,00-0037744,0,0,0,0,0,8
2025,18,2025_18_ARI_LA,ARI,00-0038559,0,0,0,1,1,6
2025,18,2025_18_ARI_LA,ARI,00-0038705,0,0,2,0,0,1
2025,18,2025_18_ARI_LA,ARI,00-0039041,0,0,0,0,0,3
2025,18,2025_18_ARI_LA,ARI,00-0040556,0,0,3,0,1,2
2025,18,2025_18_ARI_LA,LA,00-0026498,1,0,0,0,0,0
2025,18,2025_18_ARI_LA,LA,00-0033110,0,0,0,0,1,5
2025,18,2025_18_ARI_LA,LA,00-0036244,0,0,0,1,1,5
2025,18,2025_18_ARI_LA,LA,00-0036849,0,0,0,0,0,3
2025,18,2025_18_ARI_LA,LA,00-0037840,0,1,11,0,1,4
2025,18,2025_18_ARI_LA,LA,00-0038359,0,0,0,0,0,2
2025,18,2025_18_ARI_LA,LA,00-0039074,0,0,0,0,0,1
2025,18,2025_18_ARI_LA,LA,00-0039075,0,0,2,1,2,8
2025,18,2025_18_ARI_LA,LA,00-0039738,0,1,12,0,0,1
2025,18,2025_18_ARI_LA,LA,00-0040590,0,0,0,0,0,1
2025,18,2025_18_BAL_PIT,BAL,00-0030564,0,0,0,0,0,2
2025,18,2025_18_BAL_PIT,BAL,00-0032764,0,0,20,0,0,1
2025,18,2025_18_BAL_PIT,BAL,00-0033376,0,0,0,0,0,1
2025,18,2025_18_BAL_PIT,BAL,00-0034753,0,0,0,0,0,3
2025,18,2025_18_BAL_PIT,BAL,00-0034796,3,0,0,0,0,0
2025,18,2025_18_BAL_PIT,BAL,00-0037838,0,0,0,0,0,2
2025,18,2025_18_BAL_PIT,BAL,00-0038454,0,0,2,0,0,0
2025,18,2025_18_BAL_PIT,BAL,00-0039064,0,0,0,0,0,6
2025,18,2025_18_BAL_PIT,BAL,00-0039792,0,0,0,0,0,2
2025,18,2025_18_BAL_PIT,BAL,00-0039796,0,0,1,0,0,0
2025,18,2025_18_BAL_PIT,PIT,00-0023459,1,0,0,0,0,0
2025,18,2025_18_BAL_PIT,PIT,00-0030035,0,0,0,0,0,6
2025,18,2025_18_BAL_PIT,PIT,00-0033858,0,0,1,0,1,1
2025,18,2025_18_BAL_PIT,PIT,00-0034272,0,0,0,0,1,6
2025,18,2025_18_BAL_PIT,PIT,00-0035298,0,0,0,0,0,2
2025,18,2025_18_BAL_PIT,PIT,00-0036894,0,0,0,1,0,4
2025,18,2025_18_BAL_PIT,PIT,00-0036919,0,2,3,0,0,9
2025,18,2025_18_BAL_PIT,PIT,00-0037228,0,2,12,0,1,4
2025,18,2025_18_BAL_PIT,PIT,00-0037304,0,2,1,0,0,1
2025,18,2025_18_BAL_PIT,PIT,00-0037837,0,0,0,1,0,6
2025,18,2025_18_CAR_TB,CAR,00-0036139,0,0,7,0,0,2
2025,18,2025_18_CAR_TB,CAR,00-0036555,0,0,5,0,0,2
2025,18,2025_18_CAR_TB,CAR,00-0037005,0,0,0,0,1,3
2025,18,2025_18_CAR_TB,CAR,00-0038840,0,0,0,0,0,2
2025,18,2025_18_CAR_TB,CAR,00-0039150,1,0,0,0,0,0
2025,18,2025_18_CAR_TB,CAR,00-0039342,0,0,0,0,0,4
2025,18,2025_18_CAR_TB,CAR,00-0039491,0,0,0,1,0,6
2025,18,2025_18_CAR_TB,CAR,00-0040124,0,0,0,0,1,5
2025,18,2025_18_CAR_TB,CAR,00-0040187,0,0,0,0,0,2
2025,18,2025_18_CAR_TB,CAR,00-0040218,0,0,0,0,0,1
2025,18,2025_18_CAR_TB,TB,00-0031408,0,0,0,0,0,2
2025,18,2025_18_CAR_TB,TB,00-0033921,0,0,0,0,0,1
2025,18,2025_18_CAR_TB,TB,00-0034855,4,0,0,0,0,0
2025,18,2025_18_CAR_TB,TB,00-0037256,0,0,7,0,0,2
2025,18,2025_18_CAR_TB,TB,00-0038129,0,0,0,0,2,7
2025,18,2025_18_CAR_TB,TB,00-0038951,0,0,4,0,0,0
2025,18,2025_18_CAR_TB,TB,00-0039050,0,0,0,1,0,0
2025,18,2025_18_CAR_TB,TB,00-0039361,0,0,26,0,0,2
2025,18,2025_18_CAR_TB,TB,00-0039855,0,0,0,0,0,1
2025,18,2025_18_CAR_TB,TB,00-0040129,0,0,0,1,0,2
2025,18,2025_18_CAR_TB,TB,00-0040237,0,0,1,0,0,1
2025,18,2025_18_CLE_CIN,CIN,00-0026158,1,0,0,0,0,0
2025,18,2025_18_CLE_CIN,CIN,00-0033526,0,0,8,0,0,4
2025,18,2025_18_CLE_CIN,CIN,00-0034829,0,0,0,0,0,2
2025,18,2025_18_CLE_CIN,CIN,00-0035631,0,0,0,0,0,3
2025,18,2025_18_CLE_CIN,CIN,00-0035644,0,0,0,0,0,1
2025,18,2025_18_CLE_CIN,CIN,00-0036410,0,0,0,1,2,6
2025,18,2025_18_CLE_CIN,CIN,00-0036442,2,0,0,0,0,0
2025,18,2025_18_CLE_CIN,CIN,00-0036900,0,0,0,1,0,9
2025,18,2025_18_CLE_CIN,CIN,00-0038597,0,0,13,0,1,5
2025,18,2025_18_CLE_CIN,CIN,00-0038619,0,0,0,0,1,2
2025,18,2025_18_CLE_CIN,CIN,00-0040534,0,0,1,0,0,0
2025,18,2025_18_CLE_CIN,CLE,00-0035291,0,0,1,0,0,2
2025,18,2025_18_CLE_CIN,CLE,00-0036407,0,0,1,0,0,6
2025,18,2025_18_CLE_CIN,CLE,00-0037015,0,0,0,0,0,1
2025,18,2025_18_CLE_CIN,CLE,00-0038710,0,0,0,0,0,1
2025,18,2025_18_CLE_CIN,CLE,00-0038979,0,0,0,0,0,2
2025,18,2025_18_CLE_CIN,CLE,00-0039458,0,0,0,0,0,1
2025,18,2025_18_CLE_CIN,CLE,00-0039920,0,0,3,0,1,1
2025,18,2025_18_CLE_CIN,CLE,00-0040162,0,0,10,0,0,3
2025,18,2025_18_CLE_CIN,CLE,00-0040466,0,0,5,0,0,1
2025,18,2025_18_CLE_CIN,CLE,00-0040668,3,0,0,0,0,0
2025,18,2025_18_CLE_CIN,CLE,00-0040782,0,0,1,0,0,2
2025,18,2025_18_DAL_NYG,DAL,00-0033077,1,0,0,0,0,0
2025,18,2025_18_DAL_NYG,DAL,00-0036358,0,0,0,0,0,1
2025,18,2025_18_DAL_NYG,DAL,00-0037247,0,0,0,1,1,1
2025,18,2025_18_DAL_NYG,DAL,00-0037666,0,0,0,0,0,1
2025,18,2025_18_DAL_NYG,DAL,00-0037801,0,0,1,0,0,1
2025,18,2025_18_DAL_NYG,DAL,00-0038041,0,0,0,0,1,1
2025,18,2025_18_DAL_NYG,DAL,00-0038547,0,0,0,0,0,1
2025,18,2025_18_DAL_NYG,DAL,00-0038738,0,0,2,0,1,0
2025,18,2025_18_DAL_NYG,DAL,00-0039062,0,0,0,0,0,1
2025,18,2025_18_DAL_NYG,DAL,00-0039398,4,0,0,0,0,0
2025,18,2025_18_DAL_NYG,DAL,00-0039410,0,0,0,0,0,7
2025,18,2025_18_DAL_NYG,DAL,00-0039530,0,0,0,0,0,3
2025,18,2025_18_DAL_NYG,DAL,00-0040021,0,1,4,0,0,2
2025,18,2025_18_DAL_NYG,DAL,00-0040586,0,1,15,0,0,0
2025,18,2025_18_DAL_NYG,NYG,00-0031484,0,0,0,0,1,0
2025,18,2025_18_DAL_NYG,NYG,00-0035250,0,1,8,0,0,0
2025,18,2025_18_DAL_NYG,NYG,00-0035535,0,0,0,2,0,7
2025,18,2025_18_DAL_NYG,NYG,00-0035645,0,0,0,0,0,9
2025,18,2025_18_DAL_NYG,NYG,00-0036165,0,0,0,1,0,1
2025,18,2025_18_DAL_NYG,NYG,00-0038115,0,0,0,0,0,2
2025,18,2025_18_DAL_NYG,NYG,00-0039384,0,0,18,1,1,7
2025,18,2025_18_DAL_NYG,NYG,00-0040691,5,0,0,0,0,0
2025,18,2025_18_DET_CHI,CHI,00-0034827,0,0,0,0,0,3
2025,18,2025_18_DET_CHI,CHI,00-0036275,0,1,9,0,0,2
2025,18,2025_18_DET_CHI,CHI,00-0036290,0,0,0,0,0,3
2025,18,2025_18_DET_CHI,CHI,00-0039918,1,0,0,0,0,0
2025,18,2025_18_DET_CHI,CHI,00-0040126,0,0,0,1,1,11
2025,18,2025_18_DET_CHI,CHI,00-0040236,0,0,6,0,0,1
2025,18,2025_18_DET_CHI,CHI,00-0040277,0,0,0,0,0,3
2025,18,2025_18_DET_CHI,CHI,00-0040735,0,0,1,0,0,4
2025,18,2025_18_DET_CHI,DET,00-0032464,0,0,0,0,0,3
2025,18,2025_18_DET_CHI,DET,00-0033455,0,0,0,0,1,2
2025,18,2025_18_DET_CHI,DET,00-0035685,0,0,8,0,0,1
2025,18,2025_18_DET_CHI,DET,00-0036963,0,0,0,1,2,12
2025,18,2025_18_DET_CHI,DET,00-0037240,0,0,0,0,1,7
2025,18,2025_18_DET_CHI,DET,00-0039139,0,0,19,0,2,3
2025,18,2025_18_DET_CHI,DET,00-0040669,0,0,0,0,0,1
2025,18,2025_18_GB_MIN,GB,00-0037091,0,0,0,0,0,1
2025,18,2025_18_GB_MIN,GB,00-0038582,3,0,0,0,0,0
2025,18,2025_18_GB_MIN,GB,00-0038589,0,0,0,0,0,1
2025,18,2025_18_GB_MIN,GB,00-0038685,0,0,13,0,0,0
2025,18,2025_18_GB_MIN,GB,00-0038797,0,0,18,0,0,1
2025,18,2025_18_GB_MIN,GB,00-0040388,0,0,0,0,0,2
2025,18,2025_18_GB_MIN,GB,00-0040628,0,0,0,0,1,1
2025,18,2025_18_GB_MIN,GB,00-0040667,0,0,0,0,0,3
2025,18,2025_18_GB_MIN,MIN,00-0032918,0,1,0,0,0,1
2025,18,2025_18_GB_MIN,MIN,00-0035249,0,0,0,0,0,2
2025,18,2025_18_GB_MIN,MIN,00-0036322,0,0,1,1,0,10
2025,18,2025_18_GB_MIN,MIN,00-0037276,0,1,9,0,2,2
2025,18,2025_18_GB_MIN,MIN,00-0037291,0,0,0,0,0,3
2025,18,2025_18_GB_MIN,MIN,00-0037525,0,0,14,0,0,0
2025,18,2025_18_GB_MIN,MIN,00-0038440,0,0,3,0,1,0
2025,18,2025_18_GB_MIN,MIN,00-0038809,0,0,0,0,1,3
2025,18,2025_18_GB_MIN,MIN,00-0038994,0,0,0,1,0,2
2025,18,2025_18_GB_MIN,MIN,00-0039923,2,0,0,0,0,0
2025,18,2025_18_GB_MIN,MIN,00-0040509,0,0,0,0,0,1
2025,18,2025_18_IND_HOU,HOU,00-0033854,0,0,1,0,0,2
2025,18,2025_18_IND_HOU,HOU,00-0034383,0,0,0,0,0,4
2025,18,2025_18_IND_HOU,HOU,00-0034775,0,0,0,0,0,2
2025,18,2025_18_IND_HOU,HOU,00-0036898,1,0,0,0,0,0
2025,18,2025_18_IND_HOU,HOU,00-0038618,0,0,0,0,1,8
2025,18,2025_18_IND_HOU,HOU,00-0039163,2,0,0,0,0,0
2025,18,2025_18_IND_HOU,HOU,00-0039359,0,0,0,0,0,2
2025,18,2025_18_IND_HOU,HOU,00-0039405,0,0,5,0,0,0
2025,18,2025_18_IND_HOU,HOU,00-0039603,0,0,13,0,0,0
2025,18,2025_18_IND_HOU,HOU,00-0040130,0,0,0,1,0,4
2025,18,2025_18_IND_HOU,HOU,00-0040138,0,0,0,0,0,1
2025,18,2025_18_IND_HOU,HOU,00-0040583,0,0,10,0,1,2
2025,18,2025_18_IND_HOU,IND,00-0032104,0,0,1,0,0,2
2025,18,2025_18_IND_HOU,IND,00-0033217,0,0,0,0,1,3
2025,18,2025_18_IND_HOU,IND,00-0035021,0,0,0,0,0,2
2025,18,2025_18_IND_HOU,IND,00-0036223,0,1,13,0,0,2
2025,18,2025_18_IND_HOU,IND,00-0036252,0,0,0,1,1,2
2025,18,2025_18_IND_HOU,IND,00-0037120,0,0,1,0,0,0
2025,18,2025_18_IND_HOU,IND,00-0037664,0,0,0,2,0,5
2025,18,2025_18_IND_HOU,IND,00-0038997,0,0,1,0,0,4
2025,18,2025_18_IND_HOU,IND,00-0040128,0,0,0,1,1,6
2025,18,2025_18_IND_HOU,IND,00-0040179,0,0,8,0,0,0
2025,18,2025_18_IND_HOU,IND,00-0040206,3,0,0,0,0,0
2025,18,2025_18_KC_LV,KC,00-0030506,0,0,0,0,0,6
2025,18,2025_18_KC_LV,KC,00-0033857,0,0,0,0,0,2
2025,18,2025_18_KC_LV,KC,00-0033923,0,0,5,0,0,4
2025,18,2025_18_KC_LV,KC,00-0035662,0,0,0,0,0,6
2025,18,2025_18_KC_LV,KC,00-0036637,0,0,0,0,0,5
2025,18,2025_18_KC_LV,KC,00-0036679,1,0,0,0,0,0
2025,18,2025_18_KC_LV,KC,00-0037258,0,0,4,0,0,0
2025,18,2025_18_KC_LV,KC,00-0037324,1,0,0,0,0,0
2025,18,2025_18_KC_LV,KC,00-0040078,0,0,12,0,0,4
2025,18,2025_18_KC_LV,KC,00-0040646,0,0,0,0,0,3
2025,18,2025_18_KC_LV,LV,00-0032211,0,0,0,0,0,5
2025,18,2025_18_KC_LV,LV,00-0037512,0,0,1,0,0,0
2025,18,2025_18_KC_LV,LV,00-0038040,0,0,1,0,0,1
2025,18,2025_18_KC_LV,LV,00-0038102,1,0,0,0,0,0
2025,18,2025_18_KC_LV,LV,00-0038563,0,0,1,0,1,5
2025,18,2025_18_KC_LV,LV,00-0038579,1,0,0,0,0,0
2025,18,2025_18_KC_LV,LV,00-0038891,0,0,1,0,0,1
2025,18,2025_18_KC_LV,LV,00-0039066,0,0,0,0,1,4
2025,18,2025_18_KC_LV,LV,00-0040122,0,1,25,0,0,5
2025,18,2025_18_KC_LV,LV,00-0040581,0,0,0,0,0,1
2025,18,2025_18_KC_LV,LV,00-0040729,0,0,0,0,0,2
2025,18,2025_18_LAC_DEN,DEN,00-0033881,0,0,0,0,0,4
2025,18,2025_18_LAC_DEN,DEN,00-0034348,0,0,0,0,0,2
2025,18,2025_18_LAC_DEN,DEN,00-0037085,0,1,1,0,0,2
2025,18,2025_18_LAC_DEN,DEN,00-0038794,0,0,6,0,0,2
2025,18,2025_18_LAC_DEN,DEN,00-0038976,0,0,0,0,1,2
2025,18,2025_18_LAC_DEN,DEN,00-0039732,6,0,0,0,0,0
2025,18,2025_18_LAC_DEN,DEN,00-0039868,0,0,0,1,0,0
2025,18,2025_18_LAC_DEN,DEN,00-0040134,0,0,0,0,1,4
2025,18,2025_18_LAC_DEN,DEN,00-0040730,0,0,15,0,2,2
2025,18,2025_18_LAC_DEN,LAC,00-0030279,0,0,0,0,0,13
2025,18,2025_18_LAC_DEN,LAC,00-0034159,0,0,0,0,0,5
2025,18,2025_18_LAC_DEN,LAC,00-0034270,0,0,0,0,0,1
2025,18,2025_18_LAC_DEN,LAC,00-0036755,0,0,8,0,0,4
2025,18,2025_18_LAC_DEN,LAC,00-0037012,9,0,0,0,0,0
2025,18,2025_18_LAC_DEN,LAC,00-0037617,0,0,1,0,0,0
2025,18,2025_18_LAC_DEN,LAC,00-0038573,0,0,0,0,0,1
2025,18,2025_18_LAC_DEN,LAC,00-0039391,0,0,3,0,0,1
2025,18,2025_18_LAC_DEN,LAC,00-0040184,0,0,0,0,0,5
2025,18,2025_18_LAC_DEN,LAC,00-0040189,0,0,0,0,0,2
2025,18,2025_18_LAC_DEN,LAC,00-0040727,0,0,0,1,0,5
2025,18,2025_18_MIA_NE,MIA,00-0034418,0,0,0,1,0,1
2025,18,2025_18_MIA_NE,MIA,00-0035125,0,0,0,0,0,2
2025,18,2025_18_MIA_NE,MIA,00-0037252,0,0,0,0,0,4
2025,18,2025_18_MIA_NE,MIA,00-0038720,0,0,0,0,0,1
2025,18,2025_18_MIA_NE,MIA,00-0039874,0,2,11,0,0,2
2025,18,2025_18_MIA_NE,MIA,00-0039880,0,0,2,1,0,3
2025,18,2025_18_MIA_NE,MIA,00-0039884,0,0,0,0,1,2
2025,18,2025_18_MIA_NE,MIA,00-0040198,0,1,8,0,0,1
2025,18,2025_18_MIA_NE,MIA,00-0040234,1,0,0,0,0,0
2025,18,2025_18_MIA_NE,MIA,00-0040311,0,0,0,1,0,4
2025,18,2025_18_MIA_NE,NE,00-0031588,0,0,0,0,0,3
2025,18,2025_18_MIA_NE,NE,00-0032392,0,0,0,0,1,0
2025,18,2025_18_MIA_NE,NE,00-0033090,0,0,0,0,1,4
2025,18,2025_18_MIA_NE,NE,00-0033949,1,0,0,0,0,0
2025,18,2025_18_MIA_NE,NE,00-0035628,0,0,5,0,0,0
2025,18,2025_18_MIA_NE,NE,00-0036875,0,1,6,1,0,1
2025,18,2025_18_MIA_NE,NE,00-0038608,0,0,0,0,0,4
2025,18,2025_18_MIA_NE,NE,00-0038621,0,0,0,0,0,3
2025,18,2025_18_MIA_NE,NE,00-0039305,0,0,0,0,0,1
2025,18,2025_18_MIA_NE,NE,00-0039851,5,0,0,0,0,0
2025,18,2025_18_MIA_NE,NE,00-0040131,0,0,1,0,0,0
2025,18,2025_18_MIA_NE,NE,00-0040563,0,0,0,0,0,1
2025,18,2025_18_MIA_NE,NE,00-0040734,0,2,11,0,0,0
2025,18,2025_18_NO_ATL,ATL,00-0029604,1,0,0,0,0,0
2025,18,2025_18_NO_ATL,ATL,00-0035359,0,0,0,0,0,1
2025,18,2025_18_NO_ATL,ATL,00-0036309,0,0,0,0,2,5
2025,18,2025_18_NO_ATL,ATL,00-0036970,0,0,0,0,2,7
2025,18,2025_18_NO_ATL,ATL,00-0037238,0,0,0,1,1,6
2025,18,2025_18_NO_ATL,ATL,00-0037263,0,0,7,0,0,2
2025,18,2025_18_NO_ATL,ATL,00-0038542,0,0,15,0,0,3
2025,18,2025_18_NO_ATL,NO,00-0033357,0,0,0,0,0,3
2025,18,2025_18_NO_ATL,NO,00-0034860,0,0,0,0,0,5
2025,18,2025_18_NO_ATL,NO,00-0036040,0,0,0,0,0,5
2025,18,2025_18_NO_ATL,NO,00-0037098,0,0,0,0,1,2
2025,18,2025_18_NO_ATL,NO,00-0037231,0,0,0,0,0,9
2025,18,2025_18_NO_ATL,NO,00-0038397,0,0,2,0,0,0
2025,18,2025_18_NO_ATL,NO,00-0038647,0,0,0,2,0,2
2025,18,2025_18_NO_ATL,NO,00-0039373,0,3,18,0,0,5
2025,18,2025_18_NO_ATL,NO,00-0040743,3,0,0,0,0,0
2025,18,2025_18_NYJ_BUF,BUF,00-0033869,1,0,0,0,0,0
2025,18,2025_18_NYJ_BUF,BUF,00-0035537,0,3,10,0,1,1
2025,18,2025_18_NYJ_BUF,BUF,00-0035689,0,0,0,1,0,1
2025,18,2025_18_NYJ_BUF,BUF,00-0036187,0,1,1,0,0,1
2025,18,2025_18_NYJ_BUF,BUF,00-0036196,0,0,0,1,1,5
2025,18,2025_18_NYJ_BUF,BUF,00-0036988,0,0,0,1,1,1
2025,18,2025_18_NYJ_BUF,BUF,00-0037248,0,0,2,0,0,0
2025,18,2025_18_NYJ_BUF,BUF,00-0038933,0,0,0,0,0,3
2025,18,2025_18_NYJ_BUF,BUF,00-0039875,0,0,21,0,1,1
2025,18,2025_18_NYJ_BUF,BUF,00-0039901,0,0,0,1,1,2
2025,18,2025_18_NYJ_BUF,BUF,00-0040194,0,0,0,0,0,1
2025,18,2025_18_NYJ_BUF,BUF,00-0040363,0,0,0,0,0,3
2025,18,2025_18_NYJ_BUF,NYJ,00-0034959,0,0,0,1,0,1
2025,18,2025_18_NYJ_BUF,NYJ,00-0036842,0,0,7,0,0,1
2025,18,2025_18_NYJ_BUF,NYJ,00-0036906,0,0,12,0,0,2
2025,18,2025_18_NYJ_BUF,NYJ,00-0037614,0,0,0,0,0,4
2025,18,2025_18_NYJ_BUF,NYJ,00-0039451,0,0,0,0,0,7
2025,18,2025_18_NYJ_BUF,NYJ,00-0039890,0,0,0,0,0,3
2025,18,2025_18_NYJ_BUF,NYJ,00-0040398,3,0,0,0,0,0
2025,18,2025_18_NYJ_BUF,NYJ,00-0040406,0,0,0,0,0,1
2025,18,2025_18_NYJ_BUF,NYJ,00-0040582,0,0,1,0,0,2
2025,18,2025_18_SEA_SF,SEA,00-0033576,0,0,0,0,1,2
2025,18,2025_18_SEA_SF,SEA,00-0033908,0,0,0,1,0,2
2025,18,2025_18_SEA_SF,SEA,00-0034869,3,0,0,0,0,0
2025,18,2025_18_SEA_SF,SEA,00-0037545,0,0,0,0,0,1
2025,18,2025_18_SEA_SF,SEA,00-0038134,0,0,16,0,0,4
2025,18,2025_18_SEA_SF,SEA,00-0038543,0,0,0,0,0,8
2025,18,2025_18_SEA_SF,SEA,00-0039165,0,0,17,0,1,3
2025,18,2025_18_SEA_SF,SEA,00-0039793,0,0,0,0,0,3
2025,18,2025_18_SEA_SF,SF,00-0029892,0,0,0,0,0,2
2025,18,2025_18_SEA_SF,SF,00-0032775,0,0,0,0,0,4
2025,18,2025_18_SEA_SF,SF,00-0033280,0,0,8,0,1,6
2025,18,2025_18_SEA_SF,SF,00-0033288,0,0,0,0,0,7
2025,18,2025_18_SEA_SF,SF,00-0033307,0,0,0,0,0,1
2025,18,2025_18_SEA_SF,SF,00-0036259,0,0,0,0,0,6
2025,18,2025_18_SEA_SF,SF,00-0037746,0,0,2,0,0,0
2025,18,2025_18_SEA_SF,SF,00-0037834,2,0,0,0,0,0
2025,18,2025_18_TEN_JAX,JAX,00-0033246,0,0,0,0,0,1
2025,18,2025_18_TEN_JAX,JAX,00-0033375,0,0,0,0,1,0
2025,18,2025_18_TEN_JAX,JAX,00-0034960,0,0,0,0,0,6
2025,18,2025_18_TEN_JAX,JAX,00-0036590,0,0,0,0,1,0
2025,18,2025_18_TEN_JAX,JAX,00-0036626,0,0,0,0,1,0
2025,18,2025_18_TEN_JAX,JAX,00-0036971,2,0,0,0,0,0
2025,18,2025_18_TEN_JAX,JAX,00-0036973,0,1,13,0,0,1
2025,18,2025_18_TEN_JAX,JAX,00-0038606,0,0,0,0,0,9
2025,18,2025_18_TEN_JAX,JAX,00-0038935,0,0,0,1,0,5
2025,18,2025_18_TEN_JAX,JAX,00-0039893,0,0,0,0,0,5
2025,18,2025_18_TEN_JAX,JAX,00-0040719,0,1,4,0,0,0
2025,18,2025_18_TEN_JAX,TEN,00-0035261,0,0,14,0,1,2
2025,18,2025_18_TEN_JAX,TEN,00-0036133,0,0,0,0,0,1
2025,18,2025_18_TEN_JAX,TEN,00-0037809,0,0,0,0,0,5
2025,18,2025_18_TEN_JAX,TEN,00-0039032,0,0,3,0,0,7
2025,18,2025_18_TEN_JAX,TEN,00-0039648,0,0,0,0,0,3
2025,18,2025_18_TEN_JAX,TEN,00-0040170,0,0,0,0,0,10
2025,18,2025_18_TEN_JAX,TEN,00-0040676,2,0,0,0,0,0
2025,18,2025_18_TEN_JAX,TEN,00-0040705,0,0,0,0,0,4
2025,18,2025_18_WAS_PHI,PHI,00-0036265,0,0,0,0,1,0
2025,18,2025_18_WAS_PHI,PHI,00-0036876,0,0,0,0,1,4
2025,18,2025_18_WAS_PHI,PHI,00-0036912,0,0,0,0,0,4
2025,18,2025_18_WAS_PHI,PHI,00-0037086,0,0,0,2,0,1
2025,18,2025_18_WAS_PHI,PHI,00-0037132,0,0,0,0,0,4
2025,18,2025_18_WAS_PHI,PHI,00-0037741,0,0,0,0,2,6
2025,18,2025_18_WAS_PHI,PHI,00-0038400,2,0,0,0,0,0
2025,18,2025_18_WAS_PHI,PHI,00-0038555,0,2,14,0,0,1
2025,18,2025_18_WAS_PHI,PHI,00-0039746,0,0,1,0,1,2
2025,18,2025_18_WAS_PHI,PHI,00-0040024,0,0,0,0,0,5
2025,18,2025_18_WAS_PHI,WAS,00-0026300,8,0,0,0,0,0
2025,18,2025_18_WAS_PHI,WAS,00-0033955,0,0,1,0,0,1
2025,18,2025_18_WAS_PHI,WAS,00-0035659,0,0,0,0,0,4
2025,18,2025_18_WAS_PHI,WAS,00-0035719,0,0,2,0,0,5
2025,18,2025_18_WAS_PHI,WAS,00-0036628,0,0,0,1,0,1
2025,18,2025_18_WAS_PHI,WAS,00-0037742,0,0,0,1,0,3
2025,18,2025_18_WAS_PHI,WAS,00-0038611,0,4,12,0,0,1
2025,18,2025_18_WAS_PHI,WAS,00-0039912,0,0,0,0,0,2
2025,18,2025_18_WAS_PHI,WAS,00-0040242,0,3,10,0,0,0
